fixture_id,sezon,kolejka,data_planowana,godzina,gospodarz,gosc,referee_full_name,referee_known,referee_n_matches,alpha_home,alpha_away,beta_home,beta_away,lambda_home,lambda_away,p_H,p_D,p_A,p_over_05,p_over_15,p_over_25,p_over_35,p_btts_yes,p_btts_no,mu_corners,mu_shots,mu_sot,mu_offsides,mu_fouls,mu_yc,corners_p_over_4_5,corners_p_under_4_5,corners_p_over_5_5,corners_p_under_5_5,corners_p_over_6_5,corners_p_under_6_5,corners_p_over_7_5,corners_p_under_7_5,corners_p_over_8_5,corners_p_under_8_5,corners_p_over_9_5,corners_p_under_9_5,corners_p_over_10_5,corners_p_under_10_5,corners_p_over_11_5,corners_p_under_11_5,shots_p_over_12_5,shots_p_under_12_5,shots_p_over_13_5,shots_p_under_13_5,shots_p_over_14_5,shots_p_under_14_5,shots_p_over_15_5,shots_p_under_15_5,shots_p_over_16_5,shots_p_under_16_5,shots_p_over_17_5,shots_p_under_17_5,shots_p_over_18_5,shots_p_under_18_5,shots_p_over_19_5,shots_p_under_19_5,shots_p_over_20_5,shots_p_under_20_5,shots_p_over_21_5,shots_p_under_21_5,shots_p_over_22_5,shots_p_under_22_5,shots_p_over_23_5,shots_p_under_23_5,shots_p_over_24_5,shots_p_under_24_5,shots_p_over_25_5,shots_p_under_25_5,shots_p_over_26_5,shots_p_under_26_5,shots_p_over_27_5,shots_p_under_27_5,shots_p_over_28_5,shots_p_under_28_5,shots_p_over_29_5,shots_p_under_29_5,shots_p_over_30_5,shots_p_under_30_5,shots_p_over_31_5,shots_p_under_31_5,shots_p_over_32_5,shots_p_under_32_5,shots_p_over_33_5,shots_p_under_33_5,shots_p_over_34_5,shots_p_under_34_5,shots_p_over_35_5,shots_p_under_35_5,sot_p_over_3_5,sot_p_under_3_5,sot_p_over_4_5,sot_p_under_4_5,sot_p_over_5_5,sot_p_under_5_5,sot_p_over_6_5,sot_p_under_6_5,sot_p_over_7_5,sot_p_under_7_5,sot_p_over_8_5,sot_p_under_8_5,sot_p_over_9_5,sot_p_under_9_5,sot_p_over_10_5,sot_p_under_10_5,sot_p_over_11_5,sot_p_under_11_5,sot_p_over_12_5,sot_p_under_12_5,sot_p_over_13_5,sot_p_under_13_5,sot_p_over_14_5,sot_p_under_14_5,sot_p_over_15_5,sot_p_under_15_5,offsides_p_over_0_5,offsides_p_under_0_5,offsides_p_over_1_5,offsides_p_under_1_5,offsides_p_over_2_5,offsides_p_under_2_5,offsides_p_over_3_5,offsides_p_under_3_5,offsides_p_over_4_5,offsides_p_under_4_5,offsides_p_over_5_5,offsides_p_under_5_5,offsides_p_over_6_5,offsides_p_under_6_5,fouls_p_over_15_5,fouls_p_under_15_5,fouls_p_over_16_5,fouls_p_under_16_5,fouls_p_over_17_5,fouls_p_under_17_5,fouls_p_over_18_5,fouls_p_under_18_5,fouls_p_over_19_5,fouls_p_under_19_5,fouls_p_over_20_5,fouls_p_under_20_5,fouls_p_over_21_5,fouls_p_under_21_5,fouls_p_over_22_5,fouls_p_under_22_5,fouls_p_over_23_5,fouls_p_under_23_5,fouls_p_over_24_5,fouls_p_under_24_5,fouls_p_over_25_5,fouls_p_under_25_5,fouls_p_over_26_5,fouls_p_under_26_5,fouls_p_over_27_5,fouls_p_under_27_5,fouls_p_over_28_5,fouls_p_under_28_5,fouls_p_over_29_5,fouls_p_under_29_5,fouls_p_over_30_5,fouls_p_under_30_5,fouls_p_over_31_5,fouls_p_under_31_5,fouls_p_over_32_5,fouls_p_under_32_5,fouls_p_over_33_5,fouls_p_under_33_5,yc_p_over_0_5,yc_p_under_0_5,yc_p_over_1_5,yc_p_under_1_5,yc_p_over_2_5,yc_p_under_2_5,yc_p_over_3_5,yc_p_under_3_5,yc_p_over_4_5,yc_p_under_4_5,yc_p_over_5_5,yc_p_under_5_5,yc_p_over_6_5,yc_p_under_6_5,yc_p_over_7_5,yc_p_under_7_5
77ef6827-2f22-402e-94c8-61910d061be2,2026/27,3,2026-08-07,18:00,Pogoń Szczecin,Motor Lublin,Szymon Marciniak,1,73,1.1644,0.947,0.9774,1.1287,2.055,1.166,0.6538,0.1841,0.1621,0.9601,0.8315,0.6244,0.402,0.6239,0.3761,9.66,29.33,9.51,3.2,24.49,3.98,0.9376,0.0624,0.8809,0.1191,0.802,0.198,0.7046,0.2954,0.596,0.404,0.485,0.515,0.3798,0.6202,0.2865,0.7135,0.997,0.003,0.9945,0.0055,0.9905,0.0095,0.9845,0.0155,0.9758,0.0242,0.9636,0.0364,0.9472,0.0528,0.9261,0.0739,0.8998,0.1002,0.868,0.132,0.8307,0.1693,0.7882,0.2118,0.741,0.259,0.6899,0.3101,0.6358,0.3642,0.5799,0.4201,0.5233,0.4767,0.4672,0.5328,0.4126,0.5874,0.3604,0.6396,0.3114,0.6886,0.2662,0.7338,0.2252,0.7748,0.1885,0.8115,0.9853,0.0147,0.9601,0.0399,0.9121,0.0879,0.8361,0.1639,0.7327,0.2673,0.6098,0.3902,0.4799,0.5201,0.3563,0.6437,0.2494,0.7506,0.1647,0.8353,0.1027,0.8973,0.0606,0.9394,0.0338,0.9662,0.9591,0.0409,0.8283,0.1717,0.6194,0.3806,0.3967,0.6033,0.2188,0.7812,0.105,0.895,0.0444,0.9556,0.9656,0.0344,0.9448,0.0552,0.916,0.084,0.8779,0.1221,0.8302,0.1698,0.773,0.227,0.7075,0.2925,0.6357,0.3643,0.56,0.44,0.4833,0.5167,0.4083,0.5917,0.3375,0.6625,0.2729,0.7271,0.2158,0.7842,0.1669,0.8331,0.1263,0.8737,0.0935,0.9065,0.0677,0.9323,0.048,0.952,0.9813,0.0187,0.9067,0.0933,0.7584,0.2416,0.5619,0.4381,0.3666,0.6334,0.2112,0.7888,0.1083,0.8917,0.0498,0.9502
50843b1d-685f-4183-993e-ce2afef41dab,2026/27,3,2026-08-07,20:30,Wisła Kraków,Wisła Płock,Pawel Raczkowski,1,60,2.3907,0.8821,1.1123,0.9684,3.62,1.236,0.9058,0.0579,0.0362,0.9922,0.9542,0.8621,0.713,0.7141,0.2859,10.25,27.61,8.7,2.89,24.32,4.92,0.9528,0.0472,0.9069,0.0931,0.8402,0.1598,0.7543,0.2457,0.6544,0.3456,0.5478,0.4522,0.4424,0.5576,0.3449,0.6551,0.9944,0.0056,0.9901,0.0099,0.9835,0.0165,0.9738,0.0262,0.9602,0.0398,0.9419,0.0581,0.9183,0.0817,0.8889,0.1111,0.8534,0.1466,0.8121,0.1879,0.7652,0.2348,0.7137,0.2863,0.6585,0.3415,0.6008,0.3992,0.5419,0.4581,0.4831,0.5169,0.4256,0.5744,0.3706,0.6294,0.3189,0.6811,0.2713,0.7287,0.2281,0.7719,0.1896,0.8104,0.1559,0.8441,0.1267,0.8733,0.9738,0.0262,0.9341,0.0659,0.865,0.135,0.7647,0.2353,0.6401,0.3599,0.5045,0.4955,0.3734,0.6266,0.2593,0.7407,0.1691,0.8309,0.1036,0.8964,0.0598,0.9402,0.0326,0.9674,0.0168,0.9832,0.9443,0.0557,0.7835,0.2165,0.5513,0.4487,0.3277,0.6723,0.1663,0.8337,0.0731,0.9269,0.0282,0.9718,0.9633,0.0367,0.9415,0.0585,0.9113,0.0887,0.8717,0.1283,0.8223,0.1777,0.7636,0.2364,0.6968,0.3032,0.6239,0.3761,0.5475,0.4525,0.4706,0.5294,0.3958,0.6042,0.3257,0.6743,0.2621,0.7379,0.2063,0.7937,0.1588,0.8412,0.1195,0.8805,0.088,0.912,0.0634,0.9366,0.0447,0.9553,0.9927,0.0073,0.9569,0.0431,0.8688,0.1312,0.7241,0.2759,0.546,0.454,0.3707,0.6293,0.2268,0.7732,0.1255,0.8745
6e5a9481-4834-4831-8c27-fa6021704d26,2026/27,3,2026-08-08,14:45,Radomiak Radom,Górnik Zabrze,Marcin Kochanek,1,24,0.9502,1.0129,1.0265,0.8713,1.295,1.309,0.3432,0.2667,0.3901,0.926,0.7334,0.4825,0.2648,0.5538,0.4462,10.27,28.84,8.48,2.6,22.76,4.23,0.9531,0.0469,0.9075,0.0925,0.841,0.159,0.7553,0.2447,0.6556,0.3444,0.5491,0.4509,0.4438,0.5562,0.3462,0.6538,0.9964,0.0036,0.9935,0.0065,0.9889,0.0111,0.982,0.018,0.972,0.028,0.9583,0.0417,0.9401,0.0599,0.9168,0.0832,0.888,0.112,0.8536,0.1464,0.8136,0.1864,0.7685,0.2315,0.7189,0.2811,0.6657,0.3343,0.61,0.39,0.553,0.447,0.4959,0.5041,0.4397,0.5603,0.3856,0.6144,0.3345,0.6655,0.2869,0.7131,0.2434,0.7566,0.2043,0.7957,0.1697,0.8303,0.9695,0.0305,0.9248,0.0752,0.849,0.151,0.7418,0.2582,0.6119,0.3881,0.4743,0.5257,0.3446,0.6554,0.2345,0.7655,0.1497,0.8503,0.0898,0.9102,0.0507,0.9493,0.027,0.973,0.0136,0.9864,0.926,0.074,0.7333,0.2667,0.4825,0.5175,0.2648,0.7352,0.1231,0.8769,0.0493,0.9507,0.0173,0.9827,0.9339,0.0661,0.8996,0.1004,0.8549,0.1451,0.7998,0.2002,0.7351,0.2649,0.6625,0.3375,0.5847,0.4153,0.5049,0.4951,0.426,0.574,0.3512,0.6488,0.2828,0.7172,0.2223,0.7777,0.1706,0.8294,0.1279,0.8721,0.0936,0.9064,0.067,0.933,0.0468,0.9532,0.032,0.968,0.0214,0.9786,0.9855,0.0145,0.9241,0.0759,0.7942,0.2058,0.6108,0.3892,0.4167,0.5833,0.2524,0.7476,0.1364,0.8636,0.0663,0.9337
8cbcdfc7-b172-426a-8191-759e587b1d10,2026/27,3,2026-08-08,17:30,Lech Poznań,Piast Gliwice,Patryk Gryckiewicz,1,45,1.2256,0.9198,0.8044,0.8974,1.72,0.932,0.6249,0.2213,0.1539,0.9294,0.7424,0.4944,0.2752,0.5213,0.4787,10.67,27.76,8.95,2.88,23.51,4.33,0.9611,0.0389,0.9217,0.0783,0.8628,0.1372,0.7849,0.2151,0.6917,0.3083,0.5895,0.4105,0.4857,0.5143,0.3868,0.6132,0.9946,0.0054,0.9904,0.0096,0.984,0.016,0.9747,0.0253,0.9615,0.0385,0.9437,0.0563,0.9207,0.0793,0.8919,0.1081,0.8573,0.1427,0.8168,0.1832,0.7708,0.2292,0.7201,0.2799,0.6656,0.3344,0.6085,0.3915,0.55,0.45,0.4915,0.5085,0.4341,0.5659,0.3791,0.6209,0.3272,0.6728,0.2791,0.7209,0.2355,0.7645,0.1964,0.8036,0.162,0.838,0.1322,0.8678,0.978,0.022,0.9433,0.0567,0.8811,0.1189,0.7885,0.2115,0.67,0.33,0.5375,0.4625,0.4058,0.5942,0.2879,0.7121,0.192,0.808,0.1205,0.8795,0.0713,0.9287,0.0398,0.9602,0.0211,0.9789,0.9441,0.0559,0.7828,0.2172,0.5503,0.4497,0.3268,0.6732,0.1656,0.8344,0.0727,0.9273,0.028,0.972,0.9499,0.0501,0.9221,0.0779,0.8848,0.1152,0.8374,0.1626,0.7801,0.2199,0.714,0.286,0.6409,0.3591,0.5637,0.4363,0.4852,0.5148,0.4085,0.5915,0.3362,0.6638,0.2704,0.7296,0.2125,0.7875,0.1632,0.8368,0.1225,0.8775,0.0899,0.9101,0.0645,0.9355,0.0453,0.9547,0.0311,0.9689,0.9868,0.0132,0.9297,0.0703,0.8062,0.1938,0.628,0.372,0.4351,0.5649,0.2681,0.7319,0.1476,0.8524,0.0732,0.9268
f8187518-e628-4db8-9382-d753c62e6352,2026/27,3,2026-08-08,20:15,Korona Kielce,Legia Warszawa,Jaroslaw Przybyl,1,60,0.9756,1.1591,0.9483,0.8142,1.242,1.384,0.3022,0.2619,0.4359,0.9276,0.7376,0.4881,0.2697,0.5568,0.4432,9.46,26.87,8.42,2.85,27.22,4.09,0.9316,0.0684,0.8709,0.1291,0.7877,0.2123,0.6865,0.3135,0.5754,0.4246,0.4634,0.5366,0.3589,0.6411,0.2676,0.7324,0.9927,0.0073,0.9873,0.0127,0.9792,0.0208,0.9674,0.0326,0.9512,0.0488,0.9296,0.0704,0.9022,0.0978,0.8686,0.1314,0.8288,0.1712,0.7831,0.2169,0.7321,0.2679,0.6769,0.3231,0.6187,0.3813,0.5589,0.4411,0.4987,0.5013,0.4397,0.5603,0.3829,0.6171,0.3293,0.6707,0.2799,0.7201,0.235,0.765,0.195,0.805,0.1599,0.8401,0.1296,0.8704,0.1039,0.8961,0.9681,0.0319,0.9218,0.0782,0.844,0.156,0.7347,0.2653,0.6034,0.3966,0.4653,0.5347,0.3361,0.6639,0.2274,0.7726,0.1442,0.8558,0.0859,0.9141,0.0482,0.9518,0.0255,0.9745,0.0127,0.9873,0.9419,0.0581,0.7767,0.2233,0.5415,0.4585,0.3184,0.6816,0.1596,0.8404,0.0692,0.9308,0.0264,0.9736,0.9889,0.0111,0.9807,0.0193,0.9682,0.0318,0.9501,0.0499,0.925,0.075,0.8921,0.1079,0.8507,0.1493,0.8007,0.1993,0.7427,0.2573,0.6782,0.3218,0.6088,0.3912,0.5368,0.4632,0.4646,0.5354,0.3945,0.6055,0.3285,0.6715,0.2682,0.7318,0.2146,0.7854,0.1684,0.8316,0.1295,0.8705,0.9833,0.0167,0.9148,0.0852,0.7748,0.2252,0.5839,0.4161,0.3887,0.6113,0.2291,0.7709,0.1203,0.8797,0.0567,0.9433
8d32401c-6f94-46eb-89f2-a43edba950b5,2026/27,3,2026-08-09,14:45,Raków Częstochowa,Zagłębie Lubin,,0,0,1.0909,0.8517,0.7951,0.9893,1.688,0.853,0.6403,0.223,0.1367,0.9212,0.7209,0.4665,0.2511,0.4914,0.5086,9.76,29.01,8.76,2.93,23.91,4.13,0.9402,0.0598,0.8854,0.1146,0.8086,0.1914,0.7132,0.2868,0.606,0.394,0.4958,0.5042,0.3906,0.6094,0.2965,0.7035,0.9965,0.0035,0.9938,0.0062,0.9894,0.0106,0.9828,0.0172,0.9732,0.0268,0.96,0.04,0.9424,0.0576,0.9198,0.0802,0.8919,0.1081,0.8584,0.1416,0.8194,0.1806,0.7752,0.2248,0.7264,0.2736,0.674,0.326,0.6189,0.3811,0.5624,0.4376,0.5055,0.4945,0.4494,0.5506,0.3952,0.6048,0.3438,0.6562,0.2958,0.7042,0.2517,0.7483,0.212,0.788,0.1766,0.8234,0.9749,0.0251,0.9364,0.0636,0.8689,0.1311,0.7705,0.2295,0.6473,0.3527,0.5123,0.4877,0.381,0.619,0.266,0.734,0.1743,0.8257,0.1075,0.8925,0.0624,0.9376,0.0342,0.9658,0.0177,0.9823,0.9466,0.0534,0.7902,0.2098,0.561,0.439,0.3371,0.6629,0.1731,0.8269,0.077,0.923,0.0301,0.9699,0.9569,0.0431,0.9322,0.0678,0.8985,0.1015,0.855,0.145,0.8016,0.1984,0.739,0.261,0.6689,0.3311,0.5936,0.4064,0.516,0.484,0.4389,0.5611,0.3652,0.6348,0.297,0.703,0.2362,0.7638,0.1836,0.8164,0.1396,0.8604,0.1037,0.8963,0.0754,0.9246,0.0536,0.9464,0.0373,0.9627,0.984,0.016,0.9178,0.0822,0.7809,0.2191,0.5923,0.4077,0.3973,0.6027,0.2362,0.7638,0.1251,0.8749,0.0595,0.9405
b8dd3f0e-d41f-4653-943d-c0ba65078f9b,2026/27,3,2026-08-09,17:30,GKS Katowice,Wieczysta Kraków,,0,0,0.9406,1.0801,1.0053,1.2687,1.866,1.367,0.5316,0.2105,0.2579,0.9606,0.8331,0.627,0.4049,0.6537,0.3463,10.0,29.15,8.83,2.98,24.0,4.22,0.9467,0.0533,0.8965,0.1035,0.8246,0.1754,0.7338,0.2662,0.63,0.37,0.5213,0.4787,0.4157,0.5843,0.3197,0.6803,0.9968,0.0032,0.9942,0.0058,0.99,0.01,0.9837,0.0163,0.9745,0.0255,0.9618,0.0382,0.9448,0.0552,0.9229,0.0771,0.8958,0.1042,0.863,0.137,0.8248,0.1752,0.7813,0.2187,0.7332,0.2668,0.6813,0.3187,0.6266,0.3734,0.5703,0.4297,0.5134,0.4866,0.4572,0.5428,0.4028,0.5972,0.3509,0.6491,0.3024,0.6976,0.2578,0.7422,0.2175,0.7825,0.1815,0.8185,0.9761,0.0239,0.939,0.061,0.8736,0.1264,0.7773,0.2227,0.6559,0.3441,0.5218,0.4782,0.3903,0.6097,0.2741,0.7259,0.1809,0.8191,0.1122,0.8878,0.0656,0.9344,0.0362,0.9638,0.0189,0.9811,0.9491,0.0509,0.7976,0.2024,0.5719,0.4281,0.3479,0.6521,0.1811,0.8189,0.0817,0.9183,0.0324,0.9676,0.9585,0.0415,0.9344,0.0656,0.9016,0.0984,0.859,0.141,0.8065,0.1935,0.7448,0.2552,0.6754,0.3246,0.6007,0.3993,0.5233,0.4767,0.4462,0.5538,0.3722,0.6278,0.3035,0.6965,0.2421,0.7579,0.1887,0.8113,0.1438,0.8562,0.1072,0.8928,0.0781,0.9219,0.0557,0.9443,0.0389,0.9611,0.9853,0.0147,0.9233,0.0767,0.7924,0.2076,0.6083,0.3917,0.414,0.586,0.2501,0.7499,0.1348,0.8652,0.0653,0.9347
13d3576c-dc45-4661-84d2-46f5ad71ab7c,2026/27,3,2026-08-09,20:15,Jagiellonia Białystok,Widzew Łódź,Damian Kos,1,43,1.2048,0.8921,1.0182,0.8907,1.678,1.144,0.54,0.2324,0.2276,0.9405,0.7726,0.5357,0.3129,0.5779,0.4221,9.42,27.86,8.45,2.44,27.5,4.61,0.9298,0.0702,0.8682,0.1318,0.784,0.216,0.6821,0.3179,0.5707,0.4293,0.4589,0.5411,0.3548,0.6452,0.2642,0.7358,0.9949,0.0051,0.9909,0.0091,0.9848,0.0152,0.9758,0.0242,0.963,0.037,0.9458,0.0542,0.9234,0.0766,0.8953,0.1047,0.8613,0.1387,0.8214,0.1786,0.776,0.224,0.7258,0.2742,0.6716,0.3284,0.6147,0.3853,0.5563,0.4437,0.4977,0.5023,0.4401,0.5599,0.3847,0.6153,0.3323,0.6677,0.2838,0.7162,0.2396,0.7604,0.2,0.8,0.1651,0.8349,0.1348,0.8652,0.9687,0.0313,0.9232,0.0768,0.8462,0.1538,0.7379,0.2621,0.6073,0.3927,0.4694,0.5306,0.3399,0.6601,0.2306,0.7694,0.1467,0.8533,0.0876,0.9124,0.0493,0.9507,0.0261,0.9739,0.0131,0.9869,0.9128,0.0872,0.7001,0.2999,0.4406,0.5594,0.2296,0.7704,0.1009,0.8991,0.0381,0.9619,0.0126,0.9874,0.9902,0.0098,0.9829,0.0171,0.9715,0.0285,0.9549,0.0451,0.9317,0.0683,0.901,0.099,0.8619,0.1381,0.8144,0.1856,0.7588,0.2412,0.6962,0.3038,0.6283,0.3717,0.5572,0.4428,0.4853,0.5147,0.4147,0.5853,0.3477,0.6523,0.2858,0.7142,0.2304,0.7696,0.1821,0.8179,0.1412,0.8588,0.99,0.01,0.944,0.056,0.8381,0.1619,0.6755,0.3245,0.4881,0.5119,0.3155,0.6845,0.1829,0.8171,0.0957,0.9043
c66737a7-109d-4ea0-ba6e-aa8229a86b3f,2026/27,3,2026-08-10,19:00,Śląsk Wrocław,Cracovia,Bartosz Frankowski,1,47,1.005,0.9554,0.8482,0.8354,1.313,1.021,0.4422,0.2877,0.2701,0.903,0.6768,0.4128,0.2075,0.4913,0.5087,10.16,28.06,8.98,2.74,22.94,4.15,0.9507,0.0493,0.9032,0.0968,0.8347,0.1653,0.7469,0.2531,0.6456,0.3544,0.5381,0.4619,0.4326,0.5674,0.3356,0.6644,0.9952,0.0048,0.9915,0.0085,0.9858,0.0142,0.9772,0.0228,0.9651,0.0349,0.9486,0.0514,0.9271,0.0729,0.9001,0.0999,0.8672,0.1328,0.8285,0.1715,0.7842,0.2158,0.735,0.265,0.6818,0.3182,0.6256,0.3744,0.5677,0.4323,0.5093,0.4907,0.4517,0.5483,0.396,0.604,0.3432,0.6568,0.2941,0.7059,0.2491,0.7509,0.2087,0.7913,0.1729,0.8271,0.1416,0.8584,0.9784,0.0216,0.9442,0.0558,0.8828,0.1172,0.791,0.209,0.6733,0.3267,0.5412,0.4588,0.4094,0.5906,0.2912,0.7088,0.1947,0.8053,0.1225,0.8775,0.0727,0.9273,0.0407,0.9593,0.0216,0.9784,0.9352,0.0648,0.7578,0.2422,0.5151,0.4849,0.2938,0.7062,0.1425,0.8575,0.0597,0.9403,0.0219,0.9781,0.938,0.062,0.9053,0.0947,0.8625,0.1375,0.8092,0.1908,0.7461,0.2539,0.675,0.325,0.5983,0.4017,0.5188,0.4812,0.44,0.56,0.3645,0.6355,0.295,0.705,0.2332,0.7668,0.18,0.82,0.1357,0.8643,0.0999,0.9001,0.0719,0.9281,0.0506,0.9494,0.0348,0.9652,0.0234,0.9766,0.9842,0.0158,0.9188,0.0812,0.783,0.217,0.5951,0.4049,0.4003,0.5997,0.2386,0.7614,0.1268,0.8732,0.0605,0.9395
