sezon,match_id,kolejka,gospodarz,gosc,wynik_1x2,p_home_raw,p_draw_raw,p_away_raw,lambda_home,lambda_away,diff_lineup_offense,p_home_cal_base,p_draw_cal_base,p_away_cal_base,log_loss_base,p_home_cal_lineup,p_draw_cal_lineup,p_away_cal_lineup,log_loss_lineup
2025/26,2345,1,Lech Poznań,Cracovia,A,0.5292005125154158,0.24741610121599641,0.22338338626858795,1.627388705692587,0.963384982017543,18.5,0.5335643801518772,0.24278205523844598,0.22365356460967678,1.4976570108905811,0.5117568389437143,0.2471311092339237,0.24111205182236206,1.422493508224062
2025/26,2346,1,Widzew Łódź,Zagłębie Lubin,H,0.45716335849988193,0.2648168221702087,0.27801981932990955,1.4337006259521992,1.0561638456435485,3.6,0.4563978480201206,0.26106951542042256,0.2825326365594568,0.7843903761233857,0.4506732471572012,0.2625093243363577,0.28681742850644115,0.7970127094737607
2025/26,2348,1,GKS Katowice,Raków Częstochowa,A,0.3199676662243033,0.2792647415726876,0.400767592203009,1.0897057893495676,1.254810505622335,17.8,0.3100515447954794,0.2747676049057341,0.41518085029878643,0.8790410698251472,0.2723367092203772,0.27222242372025485,0.455440867059368,0.78648939055716
2025/26,2349,1,Górnik Zabrze,Lechia Gdańsk,H,0.5326798742209876,0.23673677124077558,0.23058335453823664,1.7385326761212663,1.0600171000348229,-11.5,0.5371613164224572,0.23154346254356953,0.2312952210339732,0.62145682656389,0.5628376807546458,0.22550100461761327,0.21166131462774096,0.5747640036827426
2025/26,2351,1,Legia Warszawa,Piast Gliwice,A,0.5301466768196751,0.24804566623611662,0.22180765694420826,1.6213446878005147,0.9534752416652998,5.2,0.5345862394990913,0.2434432187764408,0.2219705417244679,1.5052106008494386,0.5338318310755041,0.2438461951073489,0.22232197381714694,1.5036286153165783
2025/26,2352,1,Radomiak Radom,Pogoń Szczecin,H,0.31201756172331246,0.25628745211626375,0.4316949861604237,1.214228904568216,1.4741452642606259,-51.8,0.3012265856396424,0.25019237178732096,0.44858104257303655,1.199892521215725,0.3659133663689717,0.253482922565955,0.38060371106507324,1.0053586775094763
2025/26,2353,2,Arka Gdynia,Radomiak Radom,D,0.15650288609848836,0.27708322309564987,0.5664138908058618,0.5844127141727705,1.3876433809713806,-13.9,0.1419595680307375,0.2677454842662787,0.5902949477029837,1.3177184352819231,0.13475281528449548,0.2693619464435502,0.5958852382719544,1.3116992779765204
2025/26,2354,2,Lechia Gdańsk,Lech Poznań,A,0.28582836994816163,0.24695562863994414,0.4672160014118942,1.199504467595001,1.6022047924837302,-7.3,0.273516665269484,0.23978423246280095,0.486699102267715,0.7201092066734721,0.2678796729364148,0.23785268993522968,0.49426763712835564,0.7046781329381362
2025/26,2355,2,Pogoń Szczecin,Motor Lublin,H,0.5720120624025522,0.2187256250570302,0.2092623125404176,1.9435687572044382,1.0909812917352415,10.8,0.5790801886825475,0.21258339472371482,0.2083364165937378,0.546314315864774,0.5738356232838923,0.21196876104078613,0.21419561567532167,0.5554122942600103
2025/26,2356,2,Korona Kielce,Legia Warszawa,A,0.3261688851696434,0.2598694238457541,0.4139616909846025,1.22833821324775,1.4174264839566195,-19.5,0.3162498207658943,0.25425945181439386,0.42949072741971184,0.8451551270348552,0.3329015240237239,0.25526137476586996,0.4118371012104062,0.8871273932296676
2025/26,2357,2,Cracovia,Bruk-Bet Termalica Nieciecza,H,0.07489501033787288,0.1437461012708181,0.7813588883913091,0.6568718240936156,2.536923808522371,39.1,0.06275390951513367,0.1290127898180877,0.8082333006667786,2.7685343998809784,0.0361051658670503,0.09934922705571629,0.8645456070772335,3.3213193250707023
2025/26,2358,2,GKS Katowice,Zagłębie Lubin,D,0.47863277791487063,0.2518119644378979,0.2695552576472315,1.5649876585150353,1.1092941284405298,14.7,0.4792835531696255,0.2473818949984111,0.27333455183196326,1.3968220027913045,0.4577077202756832,0.2497087288170366,0.2925835509072803,1.3874601250905922
2025/26,2359,2,Raków Częstochowa,Wisła Płock,A,0.034702085737561235,0.21185400888906256,0.7534439053733764,0.17102963007657102,1.6444771169320087,33.7,0.027590655732521577,0.19516363105381448,0.7772457132136639,0.25199874538345746,0.015304938808478741,0.15941795272574807,0.8252771084657731,0.19203605999613227
2025/26,2360,2,Jagiellonia Białystok,Widzew Łódź,H,0.617889603870714,0.20691413068689848,0.17519626544238742,2.0498333757389613,0.9925296463021515,-8.7,0.6278753796399744,0.20004999976165364,0.172074620598372,0.46541357226950797,0.6553679731679247,0.19079816015884143,0.15383386667323376,0.4225584099963574
2025/26,2361,2,Piast Gliwice,Górnik Zabrze,A,0.39538719568991737,0.2946757118246268,0.30993709248545565,1.1546697044660152,0.9866172712894008,-7.6,0.39055243680636353,0.29239346303251784,0.3170541001611186,1.1486828566972958,0.39608070727382566,0.2954479048598062,0.3084713878663682,1.1761261859139847
2025/26,2362,3,Wisła Płock,Piast Gliwice,H,0.8759471733577867,0.09636001354426019,0.027692813097953052,2.8007400611665227,0.3502404177549384,-37.6,0.8901709296077575,0.08639050237912359,0.023438568013118968,0.11634177895724065,0.9224385530346908,0.06456002612598648,0.01300142083932261,0.08073451446243145
2025/26,2363,3,Bruk-Bet Termalica Nieciecza,Pogoń Szczecin,D,0.5291128260485909,0.2348069178934523,0.2360802560579569,1.760595760436082,1.0970048364000515,-51.4,0.5333010328200317,0.22951980402156505,0.23717916315840323,1.4717659611715173,0.6191127607116088,0.20901718141614528,0.17187005787224582,1.565338822663444
2025/26,2364,3,Legia Warszawa,Arka Gdynia,D,0.7101303346287099,0.20092611172879307,0.08894355364249718,1.8888972138786844,0.4973665808863359,17.3,0.7242831594732471,0.1927639385524374,0.08295290197431547,1.6462889550031112,0.7249155019061184,0.19351055426695943,0.08157394382692207,1.6424232239844772
2025/26,2365,3,Motor Lublin,Jagiellonia Białystok,D,0.34218020219305995,0.22902119228948906,0.4287986055174511,1.5471185810082213,1.7530417059350833,-13.8,0.3325333557863268,0.22194890519438007,0.44551773901929326,1.5053080803820662,0.3424702295170946,0.2193979419995196,0.43813182848338583,1.5168681113148113
2025/26,2366,3,Zagłębie Lubin,Korona Kielce,D,0.39211577192954755,0.28226044444526616,0.3256237836251863,1.2215919920796576,1.0866786964544528,8.4,0.38687864374276654,0.2790957047725872,0.33402565148464625,1.2762005281226407,0.367499320753318,0.2817195282320949,0.35078115101458707,1.2668432837048853
2025/26,2367,3,Radomiak Radom,Raków Częstochowa,H,0.3004497499640711,0.2853979803880821,0.41415226964784657,1.0081240651246055,1.2364638006234892,-12.8,0.28957362530626346,0.28090221292144707,0.4295241617722895,1.2393456954554465,0.29311553850303634,0.2840748101665719,0.42280965133039183,1.227188418330561
2025/26,2368,3,Cracovia,Lechia Gdańsk,D,0.5377977352262694,0.22870572060080915,0.23349654417292154,1.8322745235000786,1.1308049855840585,-10.1,0.5425350788224844,0.22310799354406918,0.23435692763344648,1.5000993487634147,0.5666764839844869,0.21691216351311476,0.21641135250239843,1.5282627838230323
2025/26,2369,3,Lech Poznań,Górnik Zabrze,H,0.5184332053970995,0.253066467490629,0.22850032711227147,1.5727669280870067,0.951625299260893,11.0,0.5220758049364705,0.24875331860549565,0.2291708764580338,0.6499424814581192,0.5109941193299992,0.25140061148927506,0.2376052691807257,0.6713971970051233
2025/26,2370,3,Widzew Łódź,GKS Katowice,H,0.4410994287396609,0.25763560631311544,0.30126496494722377,1.4748826326450664,1.172902612250968,-5.3,0.4390131203977621,0.25335490403287486,0.307631975569363,0.8232259793427259,0.44598066306000267,0.2525732484431175,0.30144608849687987,0.8074796842696945
2025/26,2371,4,Arka Gdynia,Pogoń Szczecin,H,0.16502105579341736,0.27203560640962493,0.5629433377969578,0.6307114301556334,1.4222525072843275,-50.9,0.15034596659855776,0.26275060465945127,0.586903428741991,1.8948161966546475,0.17906159985900683,0.28136160860324017,0.539576791537753,1.7200253990511205
2025/26,2372,4,Legia Warszawa,GKS Katowice,H,0.6061328153507353,0.20436079912459865,0.18950638552466614,2.1127074633536123,1.0980189402642817,-16.8,0.6153320337307994,0.19748104196821614,0.18718692430098455,0.48559326461979985,0.6539380621935094,0.18541094355113383,0.16065099425535673,0.4247426381359792
2025/26,2373,4,Lechia Gdańsk,Motor Lublin,D,0.3802581685421761,0.23204416190620164,0.3876976695516225,1.6184967692920986,1.6360446836819154,18.2,0.37318579594644147,0.2256787597781025,0.40113544427545594,1.4886427077922304,0.33583925283410837,0.2212158513303287,0.44294489583556296,1.5086163512761015
2025/26,2374,4,Górnik Zabrze,Bruk-Bet Termalica Nieciecza,A,0.2648169721404688,0.25396213160856207,0.48122089625096914,1.0788958385360519,1.5470748537734293,35.7,0.25173543686444877,0.24669813709667454,0.5015664260388767,0.6900192256378853,0.191801816731502,0.23097727802193468,0.5772209052465633,0.5495302343624014
2025/26,2375,4,Korona Kielce,Radomiak Radom,H,0.4229296810655772,0.27358383248492424,0.3034864864494984,1.3265336552514513,1.0793780753862574,-14.4,0.4197623077636036,0.27015831225858944,0.31007937997780693,0.8680666618019373,0.43919438219459267,0.2696760025858164,0.2911296152195908,0.82281317986454
2025/26,2376,4,Raków Częstochowa,Zagłębie Lubin,A,0.5685746681693968,0.25105735561988285,0.18036797621072026,1.5861455033371596,0.768249534670157,12.4,0.5756907262772324,0.24644048547887645,0.17786878824389116,1.726709145212036,0.5680684356924272,0.2500137850079071,0.18191777929966582,1.7042004560703263
2025/26,2377,4,Jagiellonia Białystok,Cracovia,H,0.5321109533516232,0.22696250167910137,0.24092654496927546,1.8553441457745674,1.1780854652758928,-9.4,0.53639361934111,0.22128530533271476,0.24232107532617522,0.6228870229825935,0.5590445936431047,0.21537763601417412,0.22557777034272128,0.5815260350497686
2025/26,2378,4,Piast Gliwice,Lech Poznań,H,0.3216739529964595,0.3030411635987063,0.3752848834048341,0.9751503100905606,1.0786862924244207,-24.1,0.3122269015346865,0.3002128518899414,0.38756024657537214,1.164025106981099,0.3341254486536602,0.30566955241874416,0.3602049989275958,1.0962387617520581
2025/26,2379,4,Widzew Łódź,Wisła Płock,D,0.06304426141514563,0.16047665430005562,0.7764790842847988,0.4590393526548097,2.2022809147118103,28.4,0.052201790004758226,0.1450851115371656,0.8027130984580763,1.930434732646278,0.03204019160120386,0.11723168149235794,0.8507281269064383,2.143603118468401
2025/26,2380,5,Wisła Płock,Legia Warszawa,H,0.7160322774634738,0.18445916154623745,0.09950856099028885,2.1039407959708543,0.6341903635982695,-34.7,0.7305881790313344,0.17591180748314314,0.09350001348552248,0.3139053445611371,0.7852421108461413,0.15060089504788887,0.06415699410596984,0.2417631872917974
2025/26,2381,5,Bruk-Bet Termalica Nieciecza,Raków Częstochowa,A,0.45051258454057774,0.2782003493930052,0.271287066066417,1.3284150152319363,0.9639288478550573,-42.2,0.4494341034789205,0.2752582660023951,0.2753076305186845,1.2898661501138569,0.5146416468235857,0.26594997938666476,0.21940837378974948,1.5168205650974644
2025/26,2382,5,Motor Lublin,Piast Gliwice,D,0.41447638783249835,0.2728757266344052,0.31264788553309664,1.3192938814324133,1.1079418021716678,7.3,0.41068337490236156,0.26932928631955255,0.3199873387780858,1.3118205352833088,0.39489024338547785,0.2714175789504683,0.3336921776640539,1.304096762306547
2025/26,2383,5,Zagłębie Lubin,Lechia Gdańsk,H,0.4558121113720956,0.24450595926024576,0.2996819293676586,1.6153580068932556,1.2650356189469292,-17.1,0.45459255363536377,0.23955182483681667,0.30585562152781953,0.7883537477344438,0.4825382854321664,0.23527554475334198,0.2821861698144916,0.7286950133050454
2025/26,2384,5,Radomiak Radom,Jagiellonia Białystok,A,0.33097237433096305,0.2371359558635935,0.43189166980544347,1.429685252134162,1.6627800978941238,15.0,0.32084395284389033,0.2303055638204334,0.44885048333567623,0.801065445948837,0.28593244815858315,0.2241940177664931,0.48987353407492373,0.7136080149140274
2025/26,2385,5,Pogoń Szczecin,Górnik Zabrze,A,0.5193380860842866,0.2450540172706532,0.23560789664506013,1.649681986981211,1.0264161468643114,35.5,0.5229485223254308,0.24030587633872907,0.23674560133584016,1.4407691264514195,0.4723741832073744,0.24785466955230165,0.27977114724032376,1.273783341294772
2025/26,2386,5,Cracovia,Widzew Łódź,H,0.49475107427993714,0.25538974067594694,0.24985918504411583,1.5427387524491003,1.0174180118781628,-7.8,0.49666944822138964,0.2512032162514044,0.2521273355272059,0.6998305682806734,0.5128969311005092,0.24871658746111983,0.23838648143837093,0.6676803680313911
2025/26,2387,5,GKS Katowice,Arka Gdynia,H,0.610391588080423,0.2511561673815753,0.13845224453800173,1.5589789868521011,0.5888280514933408,36.8,0.6199833179728498,0.24613449450792857,0.13388218751922162,0.4780627078003896,0.5828976065424443,0.26200039705522843,0.15510199640232725,0.5397437400594195
2025/26,2388,5,Lech Poznań,Korona Kielce,D,0.5564605245419225,0.24741865071379107,0.19612082474428655,1.6238773826449868,0.8512485073494656,19.8,0.5627507274319399,0.24269229164156003,0.19455698092650006,1.4159609276045653,0.5424194333808771,0.24835649086318354,0.20922407575593943,1.3928901018203113
2025/26,2389,6,Wisła Płock,Zagłębie Lubin,H,0.7154913621472329,0.19293800487045049,0.09157063298231662,1.9771826255555862,0.5426840566344413,-30.3,0.7299141854065165,0.18453843467341463,0.08554737992006878,0.31482830598738976,0.7793246886228741,0.16065090296766374,0.060024408409462215,0.24932751812260226
2025/26,2390,6,Legia Warszawa,Jagiellonia Białystok,D,0.46820132630806727,0.22549133901235732,0.3063073346795756,1.8496157530422748,1.4625847938513734,-12.4,0.467522028958238,0.2195817092005927,0.3128962618411693,1.5160308642519669,0.48933837630046717,0.214561522827336,0.29610010087219674,1.5391587620311142
2025/26,2391,6,Lechia Gdańsk,Arka Gdynia,H,0.6813380942697363,0.20140501935324814,0.11725688637701545,1.9720297230007087,0.6707852480057599,35.2,0.6945985368060966,0.19370941156644933,0.11169205162745392,0.36442124520174085,0.6697085079331686,0.2030345476955287,0.12725694437130267,0.4009127240507133
2025/26,2392,6,Górnik Zabrze,GKS Katowice,H,0.5038077473644282,0.2468631675961166,0.24932908503945508,1.6271960764290994,1.0682212192515494,-9.5,0.5062840895550835,0.24220952651477456,0.2515063839301418,0.680657325435691,0.5262197044575594,0.23835781923728372,0.23542247630515695,0.6420364643694166
2025/26,2393,6,Radomiak Radom,Bruk-Bet Termalica Nieciecza,D,0.3901691914690103,0.2520831483369314,0.35774766019405824,1.4410181586567041,1.3693986323315268,22.7,0.38424839501528424,0.24697868089365654,0.36877292409105916,1.3984532582507008,0.34152023520270464,0.24514468833913797,0.41333507645815737,1.405906678102544
2025/26,2394,6,Korona Kielce,Motor Lublin,H,0.44528738352515596,0.2578761034744856,0.2968365130003585,1.4779376438791838,1.157832770328211,-2.0,0.4435194769633501,0.2536382830302798,0.3028422400063701,0.8130135617067246,0.4455709471418387,0.25336571154039644,0.30106334131776497,0.8083987919070276
2025/26,2395,6,Raków Częstochowa,Lech Poznań,D,0.3983845289571317,0.2834023238158108,0.3182131472270575,1.2248350710480695,1.062728317843533,-13.9,0.3936040037792866,0.2803849136879741,0.32601108253273925,1.2715919280937547,0.4094394991603193,0.2815802486719081,0.3089802521677726,1.2673377968175679
2025/26,2396,6,Piast Gliwice,Cracovia,D,0.3961160107510346,0.29084723977533833,0.31303674947362714,1.177136619147811,1.0122277992394666,-4.8,0.3912816717500976,0.2883094535203714,0.320408874729531,1.243720884308708,0.3926261540056816,0.29124597594125556,0.31612787005306275,1.2335870907083861
2025/26,2397,6,Widzew Łódź,Pogoń Szczecin,A,0.3205984816770749,0.26310379833411407,0.41629771998881104,1.19091438561735,1.395036006554177,-9.2,0.31042191887646525,0.25758734683899204,0.4319907342845428,0.8393511393834574,0.3109315819834047,0.25785546117539476,0.43121295684120053,0.8411532115057664
2025/26,2398,7,Arka Gdynia,Wisła Płock,H,0.058045607811104176,0.2028544290220383,0.7390999631668576,0.3096184461491161,1.7738777564960464,8.0,0.04800293409922567,0.18715275173207338,0.7648443141687009,3.0364931428752278,0.03439376610072021,0.16721410050549723,0.7983921333937825,3.36987994902707
2025/26,2399,7,Bruk-Bet Termalica Nieciecza,Korona Kielce,A,0.4736154204278569,0.2551921507543734,0.2711924288177695,1.5301070360463704,1.0929066315473002,-23.3,0.4739403896133221,0.25094023529426157,0.2751193750924163,1.290550184260763,0.5129956359766509,0.24489989433787804,0.24210446968547103,1.4183859530628598
2025/26,2400,7,Zagłębie Lubin,Piast Gliwice,D,0.37440218913792855,0.29727501368977544,0.32832279717229607,1.1061468065488325,1.0159499512766723,-2.9,0.3681689467998694,0.29491716047856925,0.3369138927215613,1.2210607740144253,0.3644693808194866,0.2986809419182728,0.33684967726224063,1.2083793592161776
2025/26,2401,7,Górnik Zabrze,Motor Lublin,A,0.49871459036863147,0.24256257719648935,0.25872283243487904,1.6689025158650164,1.1333470073648502,13.5,0.5007378953204414,0.2376671443082265,0.2615949603713321,1.3409579242202394,0.4831112763550946,0.2392061388899084,0.27768258475499696,1.2812765990773851
2025/26,2402,7,Pogoń Szczecin,Raków Częstochowa,H,0.4276851502930991,0.27078128234809756,0.30153356735880354,1.3531659363391144,1.090295246663396,2.3,0.4248224469442933,0.26721540065512855,0.3079621524005781,0.8560839692444918,0.41821477792196443,0.2688300230239728,0.3129551990540628,0.8717601556392847
2025/26,2403,7,Cracovia,Legia Warszawa,H,0.36454615332094154,0.25435048604411553,0.38110336063494266,1.3666907144022309,1.4030248063489783,2.5,0.3569157600577532,0.2490396219322254,0.39404461801002144,1.0302554912716888,0.3437195437385363,0.24775211333195182,0.40852834292951185,1.0679292339599198
2025/26,2404,7,GKS Katowice,Radomiak Radom,H,0.431734350292522,0.2500729742081541,0.31819267549932395,1.5303596427146273,1.2789947517656477,24.3,0.42880396496025874,0.24527073857861112,0.32592529646113005,0.8467554226259003,0.3866774838603963,0.2459185510643114,0.3674039650752922,0.9501643084401186
2025/26,2405,7,Lech Poznań,Widzew Łódź,H,0.5540173343967553,0.24366285409307697,0.20231981151016765,1.6611336181455867,0.8969651778057507,-0.7,0.5601105239981826,0.23875934865232354,0.20113012734949395,0.5796211504442409,0.5707143418777473,0.23648465124351226,0.19280100687874036,0.560866471428011
2025/26,2406,7,Jagiellonia Białystok,Lechia Gdańsk,H,0.6551211324403805,0.17958943367790536,0.16528943388171413,2.449776341147598,1.167459993196953,-21.3,0.6670018220770592,0.17162194243519663,0.16137623548774432,0.4049625013205307,0.7131072663853509,0.1556986717242282,0.13119406189042102,0.3381234261451453
2025/26,2407,8,Wisła Płock,Cracovia,D,0.6438838807071621,0.2312280655146864,0.12488805377815138,1.7013287926672493,0.5917974556064403,-24.8,0.6553039996795547,0.22496851486135613,0.11972748545908916,1.4917948205189138,0.7010963378233079,0.20686420128182417,0.09203946089486789,1.5756927334551751
2025/26,2408,8,Legia Warszawa,Radomiak Radom,H,0.5993967672510692,0.215281988116262,0.1853212446326687,1.9589346762476663,0.9896517809530004,8.4,0.6082884233018125,0.2088588454746795,0.18285273122350795,0.4971061290681821,0.6096925176102423,0.207174700886561,0.18313278150319665,0.4948005183919207
2025/26,2409,8,Lechia Gdańsk,GKS Katowice,H,0.41606251192199384,0.23900829500757534,0.3449291930704309,1.6165132683720664,1.4529382618970437,3.8,0.4117276628950725,0.23343027541501266,0.35484206168991483,0.887393160588223,0.40105236537591993,0.23153525489943427,0.3674123797246458,0.9136632732289354
2025/26,2410,8,Motor Lublin,Bruk-Bet Termalica Nieciecza,D,0.515158564935332,0.22346925920758065,0.26137217585708744,1.9018174570165833,1.2995593141609503,22.2,0.518083332583313,0.217615931687087,0.26430073572959994,1.525023551206726,0.48724557595990076,0.2189624812095232,0.29379194283057597,1.5188548825203336
2025/26,2411,8,Korona Kielce,Pogoń Szczecin,H,0.3456508432439946,0.2686643265225436,0.385684830233462,1.2165176054299573,1.3007898863560214,-6.7,0.33708284983085796,0.2639455037174124,0.39897164645172967,1.0874265336493292,0.3363795826039554,0.26457218067105204,0.3990482367249925,1.0895150465304142
2025/26,2412,8,Lech Poznań,Zagłębie Lubin,A,0.5770574188339282,0.228341280362238,0.19460130080383375,1.815502043903203,0.9507244034171687,27.7,0.5845936369645865,0.22259987697453587,0.19280648606087747,1.6460682559769582,0.5540626411187706,0.22888773370097804,0.21704962518025148,1.5276292641200735
2025/26,2413,8,Raków Częstochowa,Górnik Zabrze,A,0.48384899401377984,0.27542887764683643,0.24072212833938364,1.376964394044251,0.882963496036977,25.5,0.4851893647842033,0.2724176509979685,0.24239298421782807,1.417194968201593,0.4479479151401754,0.2805743940962044,0.2714776907636202,1.3038753132840524
2025/26,2414,8,Piast Gliwice,Jagiellonia Białystok,D,0.34355717391712176,0.26762061285086847,0.38882221323200983,1.2186058721514712,1.3141514706913986,-4.3,0.3348386771687391,0.26280022658960245,0.40236109624165844,1.3363611301589542,0.33029301286501433,0.263118275007599,0.4065887121273867,1.3351516330380013
2025/26,2415,8,Widzew Łódź,Arka Gdynia,H,0.6359815129838591,0.24671261399456326,0.11730587302157774,1.5705872177767384,0.5085280587871451,22.7,0.6468531296323088,0.24114210317078724,0.112004767196904,0.4356360123640129,0.6327301573283689,0.25001880986133307,0.11725103281029803,0.4577112394664491
2025/26,2416,9,Arka Gdynia,Korona Kielce,D,0.18126569319010438,0.27246015540823443,0.5462741514016612,0.6894341932812225,1.4202482795962932,-16.9,0.1665757868728866,0.2637808794577619,0.5696433336693515,1.3326365225321737,0.16369464148866542,0.26674498735849644,0.5695603711528382,1.3214621805101217
2025/26,2417,9,Bruk-Bet Termalica Nieciecza,Lech Poznań,A,0.32218481876720045,0.24394502370881216,0.4338701575239875,1.3412293842861664,1.5933111586182391,-29.1,0.31170052767122164,0.23733234404707007,0.4509671282817083,0.7963608284291234,0.3429785352900844,0.23786712197543594,0.4191543427344796,0.8695160671396338
2025/26,2418,9,Zagłębie Lubin,Motor Lublin,D,0.4312457983206121,0.24921225807777045,0.31954194360161736,1.5377878107533143,1.2898007743508713,4.6,0.42826160069133706,0.2443555451446893,0.32738285416397367,1.4091309620727217,0.41803733790082664,0.2438585334909895,0.3381041286081839,1.4111670026014336
2025/26,2419,9,Górnik Zabrze,Widzew Łódź,H,0.47691926665078543,0.2670562142460926,0.2560245191031221,1.4338055410918178,0.9735340000521469,-2.5,0.47765860791404896,0.26352089682497243,0.25882049526097856,0.7388590110445419,0.4836214702540354,0.2638238580959062,0.25255467165005835,0.7264527645065013
2025/26,2420,9,Radomiak Radom,Piast Gliwice,H,0.4040933561551692,0.28748198798716934,0.30842465585766177,1.209057138299312,1.0177157495705367,-22.8,0.39977372252799187,0.28479952808153675,0.3154267493904715,0.9168565856192132,0.4299808691277894,0.2847577407334399,0.28526139013877067,0.844014561684746
2025/26,2421,9,Pogoń Szczecin,Lechia Gdańsk,A,0.6048677246556087,0.20526400716315055,0.1898682681812408,2.1003685046975233,1.092557646037945,-5.1,0.6139959448521565,0.19842461770987554,0.18757943743796798,1.6735528569570841,0.6357824035564579,0.19089498879193706,0.17332260765160515,1.752600636922401
2025/26,2422,9,GKS Katowice,Cracovia,A,0.3832478907652521,0.25972205042591073,0.3570300588088371,1.3634653334770055,1.3068458266246417,32.6,0.37699805528236024,0.2549953225660111,0.3680066221516287,0.9996543459978618,0.31919884316655683,0.25269632040369727,0.42810483642974595,0.8483871684651386
2025/26,2423,9,Raków Częstochowa,Legia Warszawa,D,0.4081325783795976,0.27014718454726183,0.3217202370731406,1.3289725568622823,1.1481346436585596,11.9,0.4038366216862356,0.266363456764633,0.3297999215491315,1.3228935240320918,0.3801601312837789,0.26813011828511646,0.3517097504311046,1.3162829003067922
2025/26,2424,9,Wisła Płock,Jagiellonia Białystok,A,0.5759233136143058,0.25403940145312176,0.17003728493257236,1.557047443339946,0.7129228693070945,-22.9,0.5835121512675123,0.24951302969807265,0.16697481903441494,1.7899122621595263,0.6263676121128223,0.23699839309933599,0.13663399478784172,1.9904494990598818
2025/26,2425,10,Wisła Płock,GKS Katowice,D,0.632490540532575,0.23052711278416815,0.13698234668325676,1.7258044642078543,0.6546332699866789,-45.3,0.643367946419751,0.2243933926031484,0.13223866097710057,1.494354550494603,0.7139432970841046,0.19646402568949164,0.0895926772264038,1.6272759398047063
2025/26,2426,10,Legia Warszawa,Pogoń Szczecin,H,0.5016078250911119,0.23132880087827346,0.26706337403061464,1.7973217255045275,1.2538267226583566,-6.2,0.5036479274004237,0.22584537740533206,0.2705066951942441,0.6858778117604097,0.5183792643402262,0.22181499681497893,0.2598057388447948,0.6570481340877666
2025/26,2427,10,Motor Lublin,Radomiak Radom,D,0.45266866426126506,0.24481243265359887,0.3025189030851359,1.6087100816397908,1.271919403375586,-4.2,0.45121550067827443,0.23985651846650655,0.30892798085521916,1.4277143741404592,0.4576407222452907,0.23796949412633805,0.30438978362837127,1.4356127894656563
2025/26,2428,10,Zagłębie Lubin,Arka Gdynia,H,0.6342247952531074,0.23930844373939317,0.12646676100749943,1.6374755493699906,0.5723815420385312,17.5,0.6451151714149121,0.23348336801296332,0.12140146057212459,0.4383264177931663,0.6375851708955502,0.23857194811299906,0.12384288099145069,0.45006740946864404
2025/26,2429,10,Korona Kielce,Lechia Gdańsk,H,0.4850080740519971,0.24409804240476765,0.27089388354323507,1.64524710849703,1.1677774419760465,-29.9,0.48601345185697076,0.23925333992076642,0.2747332082222627,0.7215189767466451,0.537060559427177,0.23017268207146802,0.232766758501355,0.6216444172243316
2025/26,2430,10,Cracovia,Górnik Zabrze,D,0.4256087080135853,0.27015575375012996,0.30423553823628446,1.3549015867851795,1.1014686401449119,-10.7,0.422583745643296,0.26653322110033556,0.3108830332563684,1.3222563861083743,0.43648009870051724,0.26629215808207346,0.2972277432174093,1.3231612342786303
2025/26,2431,10,Lech Poznań,Jagiellonia Białystok,D,0.4697557686862654,0.23728443429785046,0.29295979701588404,1.7068575797757644,1.3017776827005874,12.4,0.46945937018200634,0.23200475536105644,0.2985358744569373,1.4609974102799599,0.4501553971238541,0.2318886060768667,0.3179559967992791,1.4614981688433366
2025/26,2432,10,Piast Gliwice,Bruk-Bet Termalica Nieciecza,H,0.45024585320376087,0.27017791802001584,0.2795762287762234,1.3851816948654851,1.0304005868460233,29.7,0.44904215569725253,0.26672629259918446,0.2842315517035632,0.8006385076799273,0.4012483108815823,0.2721323728247526,0.32661931629366514,0.9131748141876884
2025/26,2433,10,Widzew Łódź,Raków Częstochowa,A,0.3225358056667961,0.28835447619880883,0.38910971813439515,1.0470184676241783,1.1800599024457161,-22.6,0.31291780679795755,0.2845175943505821,0.40256459885146034,0.9098997009604145,0.3331663636343679,0.2885121281237842,0.37832150824184785,0.9720108939716345
2025/26,2434,11,Arka Gdynia,Cracovia,H,0.17156469506491273,0.27661101663796417,0.5518242882971233,0.6406426935315963,1.3917535755661636,-15.8,0.15692069675991063,0.26781366937565415,0.5752656338644352,1.8520147174268944,0.15226946832528074,0.27060856984357007,0.5771219618311493,1.8821035097933003
2025/26,2435,11,Bruk-Bet Termalica Nieciecza,Widzew Łódź,A,0.46075090702467875,0.23864659110221703,0.3006025018731042,1.6828945746146375,1.316868124264731,-21.3,0.4597900003145833,0.23339391719046634,0.30681608249495046,1.1815067907359655,0.4953075053429018,0.22770238411055443,0.27699011054654377,1.283773475430167
2025/26,2436,11,Lechia Gdańsk,Wisła Płock,D,0.2277612821782672,0.27107817512574495,0.5011605426959881,0.8595593860463417,1.4187023444616964,31.7,0.21375291788546102,0.26380963316522377,0.5224374489493153,1.3325275224391,0.1622507064932378,0.24733137190952342,0.5904179215972387,1.397026254799257
2025/26,2437,11,Górnik Zabrze,Legia Warszawa,H,0.36080388509896705,0.2596959313770855,0.3795001835239473,1.3157252070995202,1.3561088030475599,6.3,0.3530356209958535,0.2546550653704916,0.39230931363365495,1.0411863178031495,0.3337741157186026,0.25356545651036366,0.4126604277710338,1.0972908150433127
2025/26,2438,11,Radomiak Radom,Zagłębie Lubin,H,0.45078979188725316,0.2574935641781672,0.29171664393457974,1.4876142235871535,1.1445868078780528,-5.7,0.44942904612465895,0.25326728278201655,0.29730367109332434,0.799777288198357,0.4580349345237294,0.25229452646814127,0.2896705390081293,0.7808098215241532
2025/26,2439,11,Pogoń Szczecin,Piast Gliwice,H,0.5179756373090334,0.2553973931000943,0.22662696959087242,1.5517526097318775,0.9319111238897897,9.1,0.5216100476396475,0.2512134406398889,0.22717651172046371,0.6508350054424041,0.513498410575651,0.25356699915388486,0.2329345902704641,0.6665083448945539
2025/26,2440,11,GKS Katowice,Lech Poznań,A,0.2961610757549093,0.2517978403611537,0.4520410838839368,1.1981325420504454,1.5401102070812605,-2.6,0.2844483646786393,0.24511862799081893,0.47043300733054183,0.7541017162145648,0.27313400342354827,0.24279259768198172,0.48407339889447004,0.7255187331548872
2025/26,2441,11,Raków Częstochowa,Motor Lublin,H,0.5557633243466016,0.24049398369741984,0.2037426919559785,1.69278780337399,0.9205877959410816,13.8,0.5619498090764847,0.23542574255306564,0.20262444837044954,0.5763427407697032,0.5505885216120427,0.2380724726487229,0.21133900573923442,0.5967675335449781
2025/26,2442,11,Jagiellonia Białystok,Korona Kielce,H,0.5369965223260035,0.232514822115263,0.23048865555873332,1.7863722528447994,1.0891143493451534,6.6,0.5417344246649842,0.22710446161177034,0.23116111372324546,0.6129793890205202,0.5394001119991813,0.22637077322314972,0.2342291147776689,0.6172976606399305
2025/26,2443,12,Wisła Płock,Bruk-Bet Termalica Nieciecza,H,0.6080135748656411,0.23684925031553974,0.155137174818819,1.6921532249294033,0.7168863533681618,-0.5,0.6175431568161153,0.23124349287839013,0.15121335030549451,0.4820063233414143,0.6320108302495262,0.22740466948120086,0.140584500269273,0.45884874851133794
2025/26,2444,12,Motor Lublin,GKS Katowice,A,0.4478841616324935,0.2409253787750791,0.3111904595924275,1.643486272859279,1.3326182749139133,-12.3,0.4459863601315639,0.2357188661342906,0.31829477373414566,1.1447773641372587,0.4653205382107652,0.2323122300765091,0.3023672317127258,1.1961130012865488
2025/26,2445,12,Zagłębie Lubin,Legia Warszawa,H,0.2883349033505526,0.24952698337038068,0.46213811327906673,1.1890758051291466,1.5722494138349266,-11.6,0.27619405567262667,0.24255253719211295,0.4812534071352605,1.2866515600610389,0.2768576171362999,0.24183496594004195,0.4813074169236581,1.2842519225055955
2025/26,2446,12,Korona Kielce,Górnik Zabrze,D,0.38471663903844766,0.2788479686082521,0.3364353923533004,1.23020900986535,1.1313246451677306,-10.8,0.37891207228584617,0.2753661977009381,0.34572173001321566,1.2896534391424137,0.3885466633947837,0.27674713122822464,0.3347062053769916,1.2846510733794585
2025/26,2447,12,Cracovia,Raków Częstochowa,H,0.3484342519781961,0.28671964344197737,0.3648461045798266,1.1128713716007856,1.145839781017104,-26.4,0.3403542494696485,0.2832394525872292,0.3764062979431224,1.077768293578789,0.3697057101864353,0.285895422407474,0.3443988674060908,0.9950479676991735
2025/26,2448,12,Lech Poznań,Pogoń Szczecin,D,0.4793243749560336,0.242660672587219,0.2780149524567474,1.656205640607463,1.2044108046007271,18.8,0.47986896587349637,0.23771704004968314,0.2824139940768205,1.4366742199759572,0.45129915503776025,0.239511607671473,0.30918923729076664,1.4291533970364205
2025/26,2449,12,Jagiellonia Białystok,Arka Gdynia,H,0.7412328949982462,0.17322038594616518,0.08554671905558862,2.176254547407752,0.5846577065385528,16.4,0.7564674980267164,0.1641409151495686,0.07939158682371514,0.2790957102897538,0.7609892878123723,0.1617876145864021,0.07722309760122567,0.2731359976815856
2025/26,2450,12,Piast Gliwice,Lechia Gdańsk,A,0.4350394105974577,0.2618267883992034,0.30313380100333875,1.4320302824108209,1.1503966679061746,-22.7,0.4325735834265478,0.25775748890203926,0.30966892767141296,1.1722515274483822,0.46693826470663913,0.2543680793744212,0.2786936559189398,1.2776421078715823
2025/26,2451,12,Widzew Łódź,Radomiak Radom,H,0.4373362507494202,0.26504216979582623,0.29762157945475376,1.409270560104818,1.1138501658501994,6.7,0.4350949003372042,0.26118839407180955,0.3037167055909862,0.8321911099925327,0.42237424115844446,0.2628239674706768,0.3148017913708788,0.8618635305555249
2025/26,2452,13,Arka Gdynia,Piast Gliwice,H,0.22566382434560966,0.31593942420926424,0.4583967514451259,0.6928637809850988,1.1243762553185122,-8.3,0.2122232268870141,0.31151960211452734,0.47625717099845855,1.5501166012663068,0.20347758417511108,0.3164813783060924,0.4800410375187964,1.5921994316402621
2025/26,2453,13,Bruk-Bet Termalica Nieciecza,Zagłębie Lubin,D,0.45686677170291695,0.23649196009126974,0.3066412682058134,1.702841985435775,1.3566554735905596,-20.0,0.4555614651871651,0.23109841503942588,0.3133401197734091,1.464911620057532,0.4886499957912206,0.2257261938850465,0.28562381032373285,1.4884325456895169
2025/26,2454,13,Legia Warszawa,Lech Poznań,D,0.4520500183259809,0.2498027340740857,0.2981472475999335,1.5588964228349196,1.2191338404190144,-13.7,0.4506465589612911,0.24512992469383055,0.3042235163448785,1.4059669041265699,0.47251439118465166,0.2420117011098633,0.285473907705485,1.4187692023007061
2025/26,2455,13,Motor Lublin,Widzew Łódź,H,0.413747403282979,0.2538131392518986,0.33243945746512243,1.46863430419653,1.2902916438595964,-6.3,0.4095589812181157,0.24907145582277473,0.34136956295910953,0.8926743537819949,0.4153153166069094,0.24805093334767161,0.3366337500454189,0.8787172481998193
2025/26,2456,13,Górnik Zabrze,Jagiellonia Białystok,H,0.3947146437220437,0.2487650078798179,0.35652034839813845,1.479854217472302,1.3946270757495214,-2.4,0.3890456261619484,0.24351807148357565,0.367436302354476,0.9440586513369795,0.3864653849486523,0.24220970430538608,0.37132491074596163,0.9507129752535148
2025/26,2457,13,Radomiak Radom,Wisła Płock,D,0.2580346264869538,0.3028304082137558,0.43913496529929025,0.8221308663703772,1.1693342069620638,37.0,0.24548824886092946,0.2984713191300669,0.4560404320090037,1.2090814340821365,0.1868522773697569,0.28657496070883964,0.5265727619214035,1.2497551340871025
2025/26,2458,13,Pogoń Szczecin,Cracovia,H,0.49563071798965724,0.2417137765674358,0.262655505442907,1.676391197948266,1.1544875710374454,21.0,0.49740493151092513,0.23676622313317844,0.26582884535589657,0.6983508330843278,0.46710872738073117,0.23952455715384466,0.2933667154654242,0.7611932274680798
2025/26,2459,13,GKS Katowice,Korona Kielce,H,0.4056406296421686,0.2636516621584917,0.3307077081993401,1.3736095767376273,1.2138509316867132,20.3,0.40105105803978036,0.2594308604021048,0.33951808155811486,0.9136665329984399,0.36376180125445956,0.26027715689475445,0.375961041850786,1.0112560177114787
2025/26,2460,13,Raków Częstochowa,Lechia Gdańsk,H,0.5666878205424476,0.23377833561611355,0.19953384384143885,1.7599997854565286,0.9407704919457317,3.2,0.5735679640727711,0.22833831883270894,0.19809371709451995,0.5558788418966493,0.5795457668089227,0.226531405510894,0.19392282768018337,0.545510642946473
2025/26,2461,14,Wisła Płock,Pogoń Szczecin,H,0.4820450837934538,0.2751749743670647,0.24277994183948148,1.3774822782642404,0.8907413916745602,-36.8,0.48325127621795744,0.2721457396247032,0.24460298415733928,0.7272185199909089,0.5421717077927181,0.26149017286651377,0.1963381193407681,0.6121725236686911
2025/26,2462,14,Bruk-Bet Termalica Nieciecza,GKS Katowice,A,0.4700638147847414,0.23049695169455056,0.2994392335207078,1.7872810967253756,1.3869473961724172,-39.6,0.4696448961338861,0.22485625155154082,0.30549885231457313,1.1858092571219851,0.536352027892619,0.21397071472354137,0.2496772573838396,1.3875861656047768
2025/26,2463,14,Lechia Gdańsk,Radomiak Radom,A,0.4392669687985512,0.24193398669464908,0.3187990445067998,1.6216209448363603,1.348147523771219,5.4,0.43673577742740577,0.23672209173080616,0.326542130841788,1.1191963007900425,0.4258807552478021,0.23564450861730704,0.33847473613489076,1.0833058241717197
2025/26,2464,14,Górnik Zabrze,Arka Gdynia,H,0.6972046889281169,0.20418372234019797,0.09861158873168496,1.8876389538316445,0.5446325609229213,27.2,0.7109723957574384,0.19631258517373407,0.09271501906882752,0.34112167446502323,0.6988244902911414,0.20256209854643,0.09861341116242871,0.3583556551269215
2025/26,2465,14,Cracovia,Zagłębie Lubin,D,0.5027607036914236,0.25314737797462994,0.2440919183339464,1.5668984679827125,1.0096808007307756,7.5,0.5052469987036069,0.24884195062627323,0.24591105067011976,1.3909373204885573,0.49798731221840353,0.25030810225126904,0.2517045855303275,1.3850627109074278
2025/26,2466,14,Lech Poznań,Motor Lublin,D,0.6089342455252368,0.21093700780627922,0.1801287466684839,2.0060351403129926,0.9917254182893017,23.1,0.6183965327135064,0.204283438672031,0.17732002861446264,1.588246844213221,0.5988485146741719,0.20762350663761,0.19352797868821808,1.5720289036688375
2025/26,2467,14,Jagiellonia Białystok,Raków Częstochowa,A,0.4322939486176332,0.2585922159853978,0.3091138353969689,1.4552074559387986,1.1895565629847304,-7.0,0.42956694575747945,0.2543039874954657,0.316129066747055,1.1516047097107989,0.4383734500372157,0.2534607949974424,0.3081657549653419,1.177117475295777
2025/26,2468,14,Piast Gliwice,Korona Kielce,D,0.386189377657991,0.2924174483625098,0.3213931739794992,1.152222686963958,1.0239946269810347,14.1,0.38068932907700664,0.289872658595,0.32943801232799336,1.238313560730999,0.35240343256519585,0.29364468042457753,0.35395188701022656,1.2253848125375522
2025/26,2469,14,Widzew Łódź,Legia Warszawa,D,0.3103550120947689,0.2589327409966468,0.43071224690858434,1.190799454450461,1.450163541592265,-12.3,0.2995265309366151,0.2529624798511824,0.4475109892122024,1.3745141022357636,0.3035334295948272,0.2532682625383504,0.44319830786682246,1.3733060257648875
2025/26,2470,15,Arka Gdynia,Lech Poznań,H,0.1333180264386666,0.23079869735276773,0.6358832762085658,0.6353120501076248,1.717949983302377,-10.3,0.11869352818874447,0.21856461047286144,0.6627418613383941,2.1312105012729288,0.10781751806798205,0.21317057444229365,0.6790119074897243,2.227315128440941
2025/26,2471,15,Legia Warszawa,Bruk-Bet Termalica Nieciecza,A,0.6395956007802897,0.18940855117258043,0.17099584804712997,2.2986042737069794,1.1116363140481669,28.1,0.6507025274969057,0.18181898386751758,0.1674784886355768,1.7869003620206059,0.6272217240450662,0.18489596731466815,0.18788230864026564,1.6719395300541195
2025/26,2472,15,Lechia Gdańsk,Widzew Łódź,H,0.43711121238796236,0.25071233355964345,0.3121764540523941,1.5318043157104384,1.256009576540048,-2.5,0.43459675346204407,0.24599000585856054,0.31941324067939547,0.8333366813624817,0.43660763816431875,0.24496289272477262,0.31842946911090864,0.8287203403690283
2025/26,2473,15,Motor Lublin,Wisła Płock,D,0.2926527972414233,0.285402269232008,0.42194493352656887,0.9878725839582291,1.247238403471392,26.1,0.28138077998440775,0.2807318810139448,0.43788733900164745,1.2703552252416257,0.2328393127580015,0.27452610520496834,0.49263458203703014,1.2927089216255119
2025/26,2474,15,Zagłębie Lubin,Górnik Zabrze,H,0.3603967107577174,0.2685047621537353,0.3710985270885474,1.2508140296496206,1.2733617686155896,-12.7,0.3527719402308187,0.26401071641128027,0.3832173433579011,1.0419334925056807,0.36286439326642345,0.2647627377243135,0.372372869009263,1.0137260867815951
2025/26,2475,15,Radomiak Radom,Cracovia,H,0.3837634025716029,0.26531185137151575,0.3509247460568813,1.3215859682502955,1.2518011130353157,3.0,0.37765662108486514,0.2609409720618213,0.36140240685331365,0.9737699060452029,0.3656113347703314,0.26127005591974456,0.37311860930992413,1.0061844366816062
2025/26,2476,15,Pogoń Szczecin,Jagiellonia Białystok,A,0.451413527689628,0.22522422353936034,0.3233622487710116,1.8345091601723322,1.5269518621379083,23.7,0.4494263344655113,0.2191983310401617,0.33137533449432716,1.1045036049601724,0.40865057322616943,0.2176943098881965,0.3736551168856341,0.9844220543716663
2025/26,2477,15,Korona Kielce,Raków Częstochowa,A,0.3475890021763978,0.29402071481808356,0.3583902830055187,1.072369707337205,1.0936868402623272,-22.1,0.3395681130497957,0.2910298410253986,0.3694020459248057,0.995869672724469,0.3620155191090387,0.2944587473151649,0.34352573357579635,1.0684932543301586
2025/26,2478,15,GKS Katowice,Piast Gliwice,A,0.43713361564285086,0.26889859734873056,0.29396778700841847,1.3794116006938448,1.079981937280563,14.7,0.43493834714552276,0.26528448781782804,0.29977716503664925,1.2047158635372353,0.4095335261168301,0.2682825042097299,0.32218396967344,1.132632562197517
2025/26,2479,16,Bruk-Bet Termalica Nieciecza,Arka Gdynia,H,0.6583825151206734,0.20054446653562,0.1410730183437066,2.051159434202941,0.8258934766694809,-4.2,0.6706176058758809,0.1931081349268792,0.13627425919723984,0.39955619137891824,0.6938057446425934,0.18428000796694455,0.12191424739046214,0.36556326451162063
2025/26,2480,16,Legia Warszawa,Lechia Gdańsk,D,0.6112716364185161,0.20559512351652665,0.18313324006495718,2.0831955823053314,1.0498289144558783,-9.7,0.620822668957288,0.19872882964022812,0.18044850140248392,1.6158140486545345,0.6495100301025849,0.1892572804526972,0.16123268944471797,1.6646479173770692
2025/26,2481,16,Górnik Zabrze,Wisła Płock,D,0.40387867009211315,0.2947097634202375,0.30141156648764944,1.1673926640508352,0.9660639578355861,41.2,0.3996377027176488,0.2925187520334416,0.30784354524890967,1.2292265048491136,0.332406026379191,0.2976133923687605,0.3699805812520485,1.211959975796611
2025/26,2482,16,Pogoń Szczecin,Zagłębie Lubin,H,0.5689112821741652,0.22115227285420616,0.2099364449716286,1.9132872292958982,1.0758569903517157,16.5,0.5757950110163893,0.2151277019793686,0.20907728700424205,0.5520035652799632,0.5612983282113834,0.21655253234723953,0.22214913944137704,0.577502735461039
2025/26,2483,16,Cracovia,Motor Lublin,A,0.5044327034932379,0.24129852840401317,0.2542687681027489,1.6846324739750014,1.1251316784467345,3.0,0.5068688865020189,0.23634368301847875,0.25678743047950225,1.3595066550951715,0.506909461371129,0.2354159254974265,0.25767461313144446,1.3560576794422086
2025/26,2484,16,Lech Poznań,Radomiak Radom,H,0.5603230292257139,0.23241350831692711,0.20726346245735922,1.7791532611425556,0.9848999756456401,-1.7,0.5667449350838261,0.22693653172888384,0.20631853318729015,0.5678459264075663,0.5796089727834093,0.2233062312115079,0.19708479600508277,0.5454015876626694
2025/26,2485,16,Raków Częstochowa,Piast Gliwice,A,0.5250131439093737,0.27455427768119467,0.20043257840943154,1.4025648448982604,0.75065195179917,27.5,0.5292779950015456,0.2714349704565676,0.19928703454188684,1.6130091088625615,0.49402876077837127,0.28258567639049004,0.2233855628311388,1.498856019184013
2025/26,2486,16,Jagiellonia Białystok,GKS Katowice,H,0.5894425583293378,0.2038132416240379,0.20674420004662436,2.1504274934880185,1.205174837464483,-16.3,0.5974972046087547,0.19699572404835905,0.20550707134288637,0.5150056736664871,0.6349630115412397,0.18582165710715193,0.1792153313516083,0.45418853132737064
2025/26,2487,16,Widzew Łódź,Korona Kielce,A,0.4077608894063779,0.27478806186729504,0.3174510487263269,1.2957228727140258,1.1091052345845585,25.9,0.4035144181643697,0.2713001437141816,0.32518543812144857,1.123359680535384,0.35824928237452736,0.2738490360776293,0.3679016815478434,0.9999395462163376
2025/26,2488,17,Arka Gdynia,Raków Częstochowa,A,0.17116069427858557,0.26233954850648317,0.5664997572149313,0.6865143334368645,1.4929277907158376,-21.7,0.15633412990003243,0.2527741135413983,0.5908917565585693,0.5261224313817892,0.15720661550579923,0.25679816773860686,0.585995216755594,0.5344436519715542
2025/26,2489,17,Wisła Płock,Lech Poznań,D,0.3732338897366017,0.2891840685121566,0.33758204175124173,1.1476384083129674,1.0764735555278395,-24.6,0.36680808973372064,0.2862489006126905,0.3469430096535888,1.2508935647754194,0.3963235969295237,0.2878250499453149,0.31585135312516144,1.2454024488957502
2025/26,2490,17,Lechia Gdańsk,Bruk-Bet Termalica Nieciecza,H,0.4828695995055471,0.22906541995002325,0.28806498054442975,1.81544288811843,1.3576050850617711,30.1,0.4834127474661063,0.22340808543198154,0.2931791671019121,0.7268844406299427,0.43565318168757167,0.22480316880495468,0.3395436495074736,0.8309088070202015
2025/26,2491,17,Motor Lublin,Legia Warszawa,D,0.3301006341944672,0.2444417240815949,0.42545764172393813,1.3605767804272386,1.5757146919786211,5.1,0.3200870835532129,0.23799846308326786,0.4419144533635193,1.4354910629648412,0.2999598104407087,0.23438038385559024,0.46565980570370114,1.4508099114041089
2025/26,2492,17,Zagłębie Lubin,Jagiellonia Białystok,D,0.33875433618937223,0.24305273973319114,0.41819292407743675,1.397803780400891,1.5780009629284912,-15.1,0.3292296614249619,0.2366796515778621,0.4340906869971759,1.4410477332980072,0.3407858153404693,0.23551966188006393,0.42369452277946673,1.4459608790741783
2025/26,2493,17,Radomiak Radom,Górnik Zabrze,H,0.38058247934487877,0.26069033693457994,0.35872718372054124,1.3505018075949333,1.3034327269620902,10.2,0.37416723995338685,0.25598902901616155,0.36984373103045165,0.9830524158656031,0.35051364348434666,0.25547998253804416,0.39400637397760907,1.048355647489484
2025/26,2494,17,Korona Kielce,Cracovia,A,0.4036428827359444,0.2771254019204087,0.319231715343647,1.2734475003213588,1.1000339374714694,-12.8,0.39913906356111833,0.2737478942526314,0.3271130421862501,1.1174494730643751,0.4139488112205282,0.2743731358142911,0.3116780529651806,1.1657845054507752
2025/26,2495,17,GKS Katowice,Pogoń Szczecin,H,0.3392726433783061,0.23754842855535027,0.4231789280663437,1.4506834002186644,1.6444332069344016,-1.6,0.32965300542691606,0.23088005295226707,0.43946694162081695,1.1097146764405263,0.32024668562138797,0.2277805331624245,0.4519727812161875,1.138663687606583
2025/26,2496,17,Piast Gliwice,Widzew Łódź,A,0.4261426253546077,0.28288112881590577,0.2909762458294866,1.2686237484950311,0.995885581295528,-8.4,0.4233415615356388,0.2800879922004574,0.2965704462639039,1.2154704959694267,0.43339307576111646,0.281367497525988,0.28523942671289554,1.254426357665256
2025/26,2497,18,Arka Gdynia,Motor Lublin,H,0.24555445853837335,0.25960401160934843,0.4948415298522782,0.9781674563456086,1.506153132860482,-21.8,0.23187703560319248,0.25216993263558957,0.5159530317612179,1.461548066777279,0.24147058096911475,0.2553002647417083,0.5032291542891769,1.421007631243189
2025/26,2498,18,Bruk-Bet Termalica Nieciecza,Jagiellonia Białystok,H,0.30987853858255177,0.22307055548103893,0.46705090593640924,1.5018585956621233,1.8811253099226062,-33.9,0.2982270810138223,0.21515009110586117,0.48662282788031663,1.2099000658392371,0.33567136454249175,0.21500913169492994,0.44931950376257823,1.0916226793717525
2025/26,2499,18,Lechia Gdańsk,Górnik Zabrze,H,0.3868053561618453,0.25273895657874057,0.360455687259414,1.4285370791155156,1.370439552441282,0.5,0.3806618202767492,0.24763236068268876,0.37170581904056205,0.96584390883736,0.37267527121003113,0.24666234323649328,0.3806623855534756,0.987047825087178
2025/26,2500,18,Pogoń Szczecin,Radomiak Radom,D,0.5484690280996877,0.2201521997337833,0.2313787721665292,1.940758870022161,1.1900001478847315,15.4,0.5538529129251494,0.21413712290287248,0.23200996417197817,1.541138707931734,0.5384252741669875,0.2146642252583845,0.24691050057462796,1.5386802146305145
2025/26,2501,18,Korona Kielce,Wisła Płock,D,0.3942934668872762,0.29429296005298594,0.31141357305973805,1.1550460186019307,0.9918815313247282,16.3,0.38937782573665863,0.29197213969193125,0.31865003457141017,1.2310968932798052,0.35846979901283704,0.29647491815007526,0.3450552828370878,1.2157926572083033
2025/26,2502,18,Cracovia,Lech Poznań,D,0.3568865195101829,0.2708942329818826,0.3722192475079346,1.2269740341392328,1.259066837670281,-23.9,0.3490768842062287,0.2664996795237651,0.3844234362700062,1.3223822379144277,0.37618874035959354,0.26750585004230565,0.35630540959810086,1.3186138435681753
2025/26,2503,18,Raków Częstochowa,GKS Katowice,H,0.5524485828046982,0.24263657206697398,0.20491484512832786,1.6719282940081162,0.9136855498646166,-1.2,0.558423269094419,0.23768827299653272,0.20388845790904825,0.5826380573878263,0.5696711496740163,0.23517005825951234,0.19515879206647135,0.5626960150383828
2025/26,2504,18,Piast Gliwice,Legia Warszawa,H,0.30853886153700905,0.27205900926798704,0.419402129195004,1.1018656577089136,1.332339877935765,-3.6,0.29786120289456874,0.2668642219287034,0.4352745751767279,1.2111276630763532,0.28917134732260735,0.2671120945023795,0.4437165581750131,1.2407358692538126
2025/26,2505,18,Zagłębie Lubin,Widzew Łódź,H,0.4205374564293561,0.26690709789380496,0.3125554456768389,1.3719344730915626,1.144233427478315,0.4,0.41708758007606483,0.26303543819474584,0.3198769817291892,0.8744590550720975,0.4127659159746902,0.263948160367989,0.3232859236573207,0.8848746361144699
2025/26,2506,19,Wisła Płock,Raków Częstochowa,H,0.3499071263351467,0.3090496298218424,0.34104324384301093,1.0054736208593924,0.9885710866189251,-41.6,0.34223683395835025,0.3071668747689395,0.35059629127271025,1.0722522846306686,0.39364241601337197,0.3100149107117193,0.2963426732749087,0.9323123553485738
2025/26,2507,19,Bruk-Bet Termalica Nieciecza,Cracovia,A,0.3474434323785242,0.2584891041298694,0.3940674634916064,1.2932773229117105,1.3942802771108713,-12.1,0.33878980770393985,0.2531647364022766,0.4080454558937836,0.8963766992794046,0.34658797164516447,0.25311361031864654,0.4002984180361889,0.9155449649369867
2025/26,2508,19,Legia Warszawa,Korona Kielce,A,0.5336274017930203,0.2407518347705166,0.22562076343646306,1.694876025993707,1.0127060468696751,-2.8,0.5382331455968339,0.2357618937097992,0.22600496069336692,1.4871983299800982,0.5503498155578836,0.2328615669636525,0.21678861747846376,1.5288325132005554
2025/26,2509,19,Motor Lublin,Pogoń Szczecin,H,0.3378637717454355,0.23315765909533867,0.42897856915922594,1.4901370072534712,1.703587656279738,-14.0,0.32805401729257666,0.2262310543775387,0.44571492832988463,1.114576997289775,0.33780030381861603,0.22410400992394683,0.43809568625743706,1.0853003752050052
2025/26,2510,19,Zagłębie Lubin,GKS Katowice,A,0.4404103686395879,0.25657983630856795,0.30300979505184417,1.4831531036315373,1.1854454568565973,-20.9,0.4382535724643052,0.25223068832570866,0.30951573920998626,1.1727463344833293,0.4704620678930752,0.24861340788184888,0.280924524225076,1.2696692427908296
2025/26,2511,19,Górnik Zabrze,Piast Gliwice,H,0.4914364872755621,0.2678741846227654,0.24068932810167237,1.4374826037680943,0.9184280380700477,3.1,0.49325829086610207,0.26441360591639995,0.24232810321749787,0.7067223255717109,0.49182904502424823,0.2662372373361019,0.24193371763965002,0.7096240923342404
2025/26,2512,19,Radomiak Radom,Arka Gdynia,H,0.6195788412872454,0.223181807203772,0.1572393515089826,1.8269919552721468,0.7914826202743508,25.6,0.6297676813639038,0.21690957551189627,0.15332274312419997,0.4624042873449865,0.6087443517055096,0.22329366107668755,0.1679619872178029,0.49635688314089316
2025/26,2513,19,Lech Poznań,Lechia Gdańsk,A,0.5867924981417466,0.2144457913178917,0.19876171054036168,1.9878507884381054,1.0688655271192053,20.3,0.5948293098906539,0.20805927005029481,0.19711142005905136,1.6239861260704307,0.5765225782023826,0.21028987515682543,0.21318754664079198,1.5455830000250286
2025/26,2514,19,Widzew Łódź,Jagiellonia Białystok,A,0.3580903677301508,0.2473254400368658,0.39458419223298336,1.4111731524571065,1.4929769242733262,-18.2,0.3498838293545816,0.24150370810094918,0.4086124625444692,0.8949880964654398,0.3686578033309202,0.24048919514529782,0.39085300152378205,0.9394237448677817
2025/26,2515,20,Arka Gdynia,Legia Warszawa,D,0.18810298276750004,0.23702256650439898,0.574874450728101,0.8697544734271054,1.7193541724570072,-6.9,0.17292157229364852,0.22682394262509611,0.6002544850812555,1.483581145570304,0.160418357658282,0.2218880947177043,0.6176935476240136,1.5055821020479856
2025/26,2516,20,Lechia Gdańsk,Cracovia,D,0.38615618274354646,0.25613312960989415,0.35771068764655944,1.3984063169655359,1.3363266614891152,24.9,0.38003712845184023,0.25122327688395707,0.36873959466420275,1.3814131859264152,0.33387414523916026,0.24946045213092127,0.4166654026299185,1.388454884847664
2025/26,2517,20,Górnik Zabrze,Lech Poznań,A,0.3766366624634731,0.2638097157323496,0.3595536218041774,1.3186769617401246,1.282210813477288,-29.3,0.37001088214311223,0.25925069820401103,0.37073841965287674,0.9922585333733542,0.40844987605739647,0.2583821279781316,0.33316799596447194,1.0991084238293916
2025/26,2518,20,Pogoń Szczecin,Bruk-Bet Termalica Nieciecza,D,0.631959651574701,0.1929084402455265,0.17513190817977264,2.2538769439157655,1.1076108058924024,45.7,0.6426498603728454,0.18547808508112373,0.17187205454603083,1.6848185436380945,0.5910409825736117,0.19453670612574397,0.21442231130064437,1.6371344132882553
2025/26,2519,20,Korona Kielce,Zagłębie Lubin,A,0.47792780664462076,0.2626712236076571,0.2594009697477223,1.469515724461119,1.0085141999143479,-2.6,0.47868596941833896,0.2588750923429482,0.26243893823871284,1.3377368402432859,0.48495951734042086,0.258727098567024,0.2563133840925552,1.3613544265598059
2025/26,2520,20,GKS Katowice,Widzew Łódź,H,0.42525963226151575,0.2589788695001756,0.3157614982383087,1.4420421291050582,1.205920509614292,31.5,0.42201766704518756,0.25465630604839845,0.3233260269064141,0.8627081007864519,0.3684258943047714,0.2561762461081676,0.37539785958706096,0.9985156885130988
2025/26,2521,20,Raków Częstochowa,Radomiak Radom,D,0.5363084990552203,0.2470006921254543,0.2166908088193255,1.6314323874914791,0.9386726076326066,9.2,0.5411812876663302,0.2423290720953058,0.2164896402383641,1.4174586744722701,0.5348355325852001,0.243945398388167,0.22121906902663277,1.410810855828442
2025/26,2522,20,Jagiellonia Białystok,Motor Lublin,H,0.5820452201496132,0.20527348690560754,0.21268129294477928,2.1367800523482985,1.225721141120799,9.0,0.589604235813019,0.19854063946098408,0.21185512472599674,0.5283037539180625,0.5880360889665778,0.19609747960733806,0.21586643142608422,0.5309669571734275
2025/26,2523,20,Piast Gliwice,Wisła Płock,H,0.3852293439696556,0.2974713266904728,0.3172993293398716,1.1234520386501097,0.9906336666747303,30.3,0.37973071216144944,0.29526604120968153,0.32500324662886904,0.9682929296810813,0.32764308683266025,0.2992556283632124,0.37310128480412735,1.1158304129633552
2025/26,2524,21,Wisła Płock,Widzew Łódź,A,0.44811716848069694,0.27749351502746206,0.274389316491841,1.3306537703660826,0.9765049470313615,-21.1,0.4468536384747048,0.2744936561406905,0.2786527053846046,1.2777890561150878,0.47911744713748683,0.27169335996770994,0.24918919289480324,1.3895428602050366
2025/26,2525,21,Bruk-Bet Termalica Nieciecza,Górnik Zabrze,D,0.33990091524934357,0.25606268243663965,0.4040364023140167,1.2927380080039999,1.432586177982474,-23.7,0.33072763378808745,0.2504656123332055,0.418806753878707,1.384433643995394,0.3557319813778584,0.25094940570812674,0.39331861291401493,1.3825039310524514
2025/26,2526,21,Motor Lublin,Lechia Gdańsk,A,0.45284485593144685,0.23104346219440025,0.3161116818741529,1.7623341281681864,1.4408930669663553,2.5,0.4511076412271904,0.22533113916103872,0.32356121961177087,1.1283669414867543,0.4463000863990266,0.2230320797771144,0.330667833823859,1.1066409306623524
2025/26,2527,21,Zagłębie Lubin,Raków Częstochowa,D,0.31060146369241187,0.2792837283992702,0.4101148079083178,1.0661197634125192,1.2692528868688349,-41.4,0.300163296811701,0.2745990516389485,0.42523765154935045,1.2924432392633034,0.34714322285405663,0.2794132349596945,0.3734435421862488,1.2750634640624985
2025/26,2528,21,Radomiak Radom,Korona Kielce,A,0.4116529014080998,0.2603331097833778,0.32801398880852245,1.409921852759417,1.2299805337259277,17.5,0.40743738357516124,0.2559675898217874,0.3365950266030514,1.0888747727265928,0.37490744513166857,0.2567218546927589,0.3683707001755726,0.99866551040347
2025/26,2529,21,Pogoń Szczecin,Arka Gdynia,H,0.6987574313582952,0.18326412137644607,0.11797844726525888,2.197941865929713,0.7755244834585477,33.4,0.7127653771803636,0.17493655840860048,0.11229806441103583,0.33860297698453073,0.6922563220872424,0.18106333338153985,0.1266803445312176,0.36779898430791835
2025/26,2530,21,Cracovia,Jagiellonia Białystok,D,0.4126000147778405,0.24968676164793774,0.3377132235742218,1.5040880954225184,1.3376949090756824,1.5,0.40824351803758163,0.24468817407732033,0.3470683078850979,1.407770637950969,0.40117553293903724,0.24376310614183724,0.35506136091912555,1.4115584017626452
2025/26,2531,21,GKS Katowice,Legia Warszawa,D,0.31478704696915966,0.2503113257430912,0.43490162728774906,1.2669713157533171,1.5325561744461422,37.5,0.30402479947580613,0.2439210045441898,0.452054195980004,1.41091085797596,0.23854814381355818,0.2324908869983059,0.528960969188136,1.458904250429109
2025/26,2532,21,Lech Poznań,Piast Gliwice,H,0.5641923007963223,0.24263413011627175,0.19317356908740596,1.6675148209482917,0.8628587838757389,1.2,0.5709761190461531,0.23763052451958117,0.1913933564342658,0.5604078932372439,0.5796163780840498,0.23584719233923218,0.18453642957671815,0.5453888113709242
2025/26,2533,22,Arka Gdynia,GKS Katowice,H,0.2839787183222606,0.2740937519014634,0.4419275297762761,1.0219767820558732,1.3473250699012933,-42.0,0.27209717986917265,0.2684881465002479,0.4594146736305794,1.3015959975642772,0.31551078193828924,0.27520367203339907,0.4092855460283118,1.1535624234539223
2025/26,2534,22,Legia Warszawa,Wisła Płock,H,0.5399836864369489,0.24351225081660333,0.2165040627464479,1.6657198234375132,0.9578039489177972,10.1,0.5450830800661691,0.23865007872579067,0.21626684120804016,0.6068170554483798,0.5376984361817345,0.24019940341440377,0.22210216040386166,0.6204574035178894
2025/26,2535,22,Lechia Gdańsk,Zagłębie Lubin,A,0.47665865081271863,0.24442752591894865,0.2789138232683328,1.6358064958913823,1.19426126132989,22.5,0.4770317336211414,0.2395719070848936,0.28339635929396506,1.2609087983360734,0.44216708239559466,0.2419889335613499,0.31584398404305547,1.1525069086984943
2025/26,2536,22,Górnik Zabrze,Pogoń Szczecin,A,0.4162271791738445,0.2484664605302591,0.33530636029589656,1.5216212789442958,1.3411966041547494,-2.5,0.4121117226632323,0.24343180363988756,0.34445647369688015,1.065787542818831,0.41192549670203066,0.24217811869592937,0.34589638460203986,1.0616160152415426
2025/26,2537,22,Korona Kielce,Lech Poznań,A,0.3387842072129412,0.26283201952552115,0.39838377326153784,1.2400511705185717,1.3674978404619518,-32.9,0.32967857872547524,0.25762950817613983,0.4126919130983849,0.8850539375249046,0.3687542028481231,0.25891736206258864,0.3723284350892883,0.987978924202169
2025/26,2538,22,Raków Częstochowa,Bruk-Bet Termalica Nieciecza,H,0.5929478545491427,0.2276678509571575,0.1793842944936999,1.8083145732908263,0.8800448492357853,39.8,0.6015297801369852,0.22179922600928323,0.17667099385373153,0.5082792350057984,0.5548823358475926,0.23295938990898485,0.21215827424342265,0.5889991951942807
2025/26,2539,22,Jagiellonia Białystok,Radomiak Radom,D,0.5466133022376599,0.2196548146667312,0.23373188309560863,1.9486287126078994,1.2057261254406013,13.3,0.5518503338405183,0.21361988055307357,0.23452978560640805,1.5435571024768455,0.5395730660910498,0.2134928545840902,0.24693407932485995,1.5441519148637333
2025/26,2540,22,Piast Gliwice,Motor Lublin,A,0.4512717436985309,0.2562903317962808,0.29243792450518813,1.4986482952487705,1.1549224065523263,-3.0,0.4499266177343324,0.2519949654809653,0.2980784167847023,1.2103986835201035,0.4542168969153585,0.25137961712890267,0.29440348595573884,1.2228040513152534
2025/26,2541,22,Widzew Łódź,Cracovia,D,0.3825518474422869,0.27615660739184644,0.3412915451658667,1.2436735232946103,1.1585567779939068,-3.9,0.3765536327044233,0.2724696308932002,0.3509767364023764,1.30022811735292,0.37523250544581316,0.2739103228952925,0.3508571716588943,1.2949545148680155
2025/26,2542,23,Arka Gdynia,Lechia Gdańsk,D,0.28632821536882225,0.2585699927809349,0.4551017918502429,1.1206233670436136,1.4830611900833013,-33.0,0.27427203613306317,0.25207040490714056,0.47365755895979633,1.378046845939165,0.3054640659018926,0.2560856483683259,0.4384502857297815,1.3622433265178362
2025/26,2543,23,Bruk-Bet Termalica Nieciecza,Radomiak Radom,D,0.3987202259689796,0.2485225429394111,0.35275723109160917,1.489854915614868,1.387237779546392,-19.1,0.3933323316218165,0.24330745874605172,0.3633602096321318,1.4134293730819973,0.4183981275143223,0.24112120310125162,0.34048066938442606,1.4224555544794903
2025/26,2544,23,Motor Lublin,Korona Kielce,H,0.39225817138679847,0.2518449305639374,0.35589689804926417,1.4472451252383722,1.3668714957089587,18.4,0.38648003642069995,0.2467513770602109,0.366768586519089,0.9506750644990312,0.35060331088495034,0.2452986510717387,0.40409803804331107,1.0480998630571328
2025/26,2545,23,Zagłębie Lubin,Wisła Płock,H,0.38353095150220684,0.2844117493331261,0.3320572991646672,1.193726210441401,1.0897981139338895,13.7,0.377732353010129,0.2812873980832761,0.34098024890659484,0.9735693949757679,0.34962609093091607,0.2838250509764073,0.3665488580926766,1.0508910071762405
2025/26,2546,23,Pogoń Szczecin,Widzew Łódź,H,0.5364029321159535,0.23172890977993696,0.23186815810410977,1.7957919213989713,1.1009054690847908,11.0,0.5410848871963614,0.22628061198760166,0.23263450081603693,0.6141791045029008,0.5316389146733377,0.22671728300499816,0.24164380232166416,0.6317907519002453
2025/26,2547,23,Cracovia,Piast Gliwice,A,0.488319720500795,0.27158704304102804,0.24009323645817698,1.407627275951707,0.8986115011045535,0.8,0.4899503596981794,0.26834658551387314,0.24170305478794757,1.4200453525939931,0.49178282235476617,0.26990694379853675,0.23831023384669708,1.4341819505763245
2025/26,2548,23,GKS Katowice,Górnik Zabrze,H,0.3712497216420306,0.2652311212713716,0.3635191570865977,1.297103581464572,1.2806665366401035,28.3,0.3642852935131534,0.2606875176670622,0.3750271888197844,1.0098179449475775,0.3127376063705299,0.2585931516486887,0.4286692419807814,1.1623907583322977
2025/26,2549,23,Lech Poznań,Raków Częstochowa,H,0.44959724723969036,0.266991954247106,0.2834107985132037,1.4086213909442975,1.059997663664816,-5.4,0.4482990477528789,0.26333815135261557,0.2883628008945055,0.8022947519522009,0.4561933358302263,0.2633099501393294,0.2804967140304443,0.784838577238928
2025/26,2550,23,Jagiellonia Białystok,Legia Warszawa,D,0.43695769151206226,0.23524966765771746,0.3277926408302204,1.6915368785387022,1.437949835976367,7.4,0.43410312663916295,0.22964858083784712,0.3362482925229899,1.4712050479035106,0.4195202804164546,0.22795639201753917,0.35252332756600624,1.4786009314017805
2025/26,2551,24,Wisła Płock,Arka Gdynia,A,0.5816813519233758,0.24918979070810018,0.1691288573685239,1.5964020958655702,0.7284220898012065,-6.1,0.589628333247214,0.24438187906857134,0.16598978768421468,1.7958290124926355,0.6098180810589927,0.23947365549315633,0.15070826344785082,1.892409341091551
2025/26,2552,24,Legia Warszawa,Cracovia,H,0.49126215835088116,0.2527447278573912,0.2559931137917277,1.5647742043167734,1.0554010988530769,17.8,0.49288156553807616,0.24840146227921725,0.2587169721827066,0.7074863659741056,0.4677696365571684,0.25190653032673027,0.2803238331161014,0.7597793338279382
2025/26,2553,24,Lechia Gdańsk,Jagiellonia Białystok,H,0.3678777389891189,0.22988481951381315,0.40223744149706797,1.6114244581011319,1.6930513702051257,0.4,0.35990779284913693,0.2232397740941701,0.41685243305669295,1.0219074113137412,0.3498433813647454,0.21968032518227737,0.43047629345297733,1.0502697064635562
2025/26,2554,24,Motor Lublin,Górnik Zabrze,D,0.3614179952679149,0.2501031275869977,0.38847887714508744,1.3950591928210958,1.4552077642191683,-1.2,0.3534903250462864,0.2444934402655005,0.40201623468821307,1.4085667996070763,0.3457096681299886,0.2429519679192635,0.411338363950748,1.4148915180631605
2025/26,2555,24,Radomiak Radom,GKS Katowice,A,0.4553135164817612,0.24839925603367197,0.2962872274845667,1.5760324992173464,1.2236342760096894,-18.2,0.454131435169693,0.24366479816738287,0.3022037666629242,1.1966537650817828,0.4836968064738303,0.23942734710651445,0.2768758464196553,1.2841860811412507
2025/26,2556,24,Korona Kielce,Bruk-Bet Termalica Nieciecza,H,0.5126387173390928,0.24237038415607368,0.24499089850483352,1.675845566948039,1.0811636215263996,16.1,0.5157108582911851,0.23747962288432709,0.2468095188244878,0.6622090227053795,0.49551149587594434,0.2399814510762311,0.26450705304782474,0.7021647249243224
2025/26,2557,24,Raków Częstochowa,Pogoń Szczecin,H,0.4614328131119562,0.2522577714995818,0.2863094153884622,1.5457960439786531,1.162948261215335,39.2,0.4607859611156728,0.2477807891785701,0.29143324970575707,0.7748216363933986,0.39763617666621043,0.2517835335085329,0.35058028982525663,0.9222178207477654
2025/26,2558,24,Piast Gliwice,Zagłębie Lubin,A,0.43191258799328347,0.2778472226757098,0.2902401893310065,1.30909680356532,1.0196967962281958,5.4,0.42946389667054313,0.27476776713692147,0.29576833619253534,1.218178779085107,0.41843013716268485,0.2776598464277919,0.30391001640952325,1.1910236200450472
2025/26,2559,24,Widzew Łódź,Lech Poznań,H,0.3224485006743524,0.2621556196398577,0.41539587968578995,1.2023562029981683,1.4011763133346788,16.8,0.31235928073255936,0.2566159812846221,0.4310247379828185,1.163601212877728,0.2755025896234208,0.2523731562536928,0.4721242541228865,1.2891582507113095
2025/26,2560,25,Arka Gdynia,Widzew Łódź,D,0.2991520911798911,0.2755167680747426,0.4253311407453662,1.056724877178917,1.3163618722651984,-24.5,0.28804145203432563,0.2703442127870453,0.44161433517862897,1.3080592697562952,0.30830133751593225,0.2742062209606688,0.41749244152339887,1.293874824435614
2025/26,2561,25,Bruk-Bet Termalica Nieciecza,Motor Lublin,A,0.44192031491811257,0.23603995753788645,0.3220397275440008,1.6894988500648978,1.4120060813480824,-28.4,0.4394610608967349,0.23052029392388199,0.33001864517938306,1.1086061255741217,0.4850477062538216,0.22428703878978246,0.29066525495639606,1.235583000554451
2025/26,2562,25,Zagłębie Lubin,Lech Poznań,A,0.29115251640145634,0.2584113214721962,0.4504361621263476,1.1367573213650335,1.4793176723049002,-34.9,0.2793245005081336,0.2520088486683691,0.4686666508234973,0.7578635290844081,0.3141345410154268,0.2559954399259442,0.4298700190586289,0.8442723972497201
2025/26,2563,25,Górnik Zabrze,Raków Częstochowa,H,0.3623179959000824,0.2790452745575187,0.358636729542399,1.1862019121101492,1.178661091788291,-16.3,0.35500622853865893,0.27526774818078686,0.36972602328055426,1.0356199444813152,0.3707283065227926,0.2769451767043837,0.35232651677282373,0.99228581208925
2025/26,2564,25,Radomiak Radom,Legia Warszawa,D,0.34134507954364784,0.25385016485317735,0.4048047556031749,1.3137298885721715,1.4530269848574524,5.8,0.33221479782758406,0.2481450895804267,0.4196401125919892,1.393741665254784,0.3120786651128274,0.24580129131924244,0.44212004356793017,1.4032318283276215
2025/26,2565,25,Pogoń Szczecin,Korona Kielce,H,0.5147932120354481,0.23681580607695235,0.24839098188759945,1.7366689570200522,1.134044192514072,-8.7,0.5179391833659318,0.2316336136729415,0.25042720296112664,0.657897450244827,0.5378030610635302,0.22702929460690863,0.23516764432956122,0.6202628433384871
2025/26,2566,25,Cracovia,Wisła Płock,A,0.4835765734758385,0.26879390361259353,0.24762952291156826,1.4253479718607238,0.9370430231232961,16.1,0.48482939030316513,0.26537823394037063,0.24979237575646418,1.3871252031477033,0.46209896097466563,0.2704630773452522,0.2674379616800822,1.3188676584963985
2025/26,2567,25,GKS Katowice,Lechia Gdańsk,H,0.4338951292636555,0.24108351317376475,0.32502135756257977,1.623001487860255,1.3749341594545188,20.1,0.430939560685402,0.2357814676269029,0.33327897168769505,0.8417874291398967,0.3953365837534557,0.2352440408199464,0.36941937542659786,0.9280177661530481
2025/26,2568,25,Jagiellonia Białystok,Piast Gliwice,A,0.5440097699418864,0.2335249380405757,0.22246529201753779,1.7729643598942169,1.0464762409308979,7.2,0.5492767380896141,0.22815140555131294,0.222571856359073,1.5025052795845275,0.5467670177292837,0.2277336464207957,0.22549933584992063,1.4894380652769093
2025/26,2569,26,Jagiellonia Białystok,Wisła Płock,A,0.5466605996038396,0.22991394882860397,0.22342545156755667,1.8148245891528163,1.0760679790876455,23.4,0.552069529881528,0.2243593052835222,0.22357116483494976,1.4980255047158744,0.5239436492194246,0.22824700943162973,0.24780934134894575,1.3950956133670822
2025/26,2570,26,Legia Warszawa,Raków Częstochowa,D,0.4181671576263899,0.267941953628307,0.31389088874530324,1.360638506565171,1.1413252816855621,-17.9,0.4145614981543042,0.26411434811624485,0.32132415372945083,1.3313731328085308,0.43926401874367293,0.2627965529618544,0.29793942829447256,1.3363751090412117
2025/26,2571,26,Lechia Gdańsk,Pogoń Szczecin,H,0.3734355992773677,0.23479890705308418,0.3917654936695482,1.571562172369793,1.6143853475132195,10.3,0.3659623011694327,0.2284923673009244,0.40554533152964284,1.0052249531551785,0.34073440189040965,0.2247634624887904,0.4345021356207999,1.076651985270086
2025/26,2572,26,Motor Lublin,Zagłębie Lubin,H,0.44015909503518763,0.2505376435309104,0.30930326143390197,1.537469009531957,1.2485962413217015,10.6,0.437870572094778,0.24582777069344297,0.31630165721177905,0.825831909774187,0.4188019757312633,0.24620625666689877,0.334991767601838,0.8703570823959679
2025/26,2573,26,Korona Kielce,Arka Gdynia,H,0.5696147205856792,0.24162105975222073,0.18876421966210005,1.6749889866130285,0.8486735509851484,13.5,0.5767567498121848,0.2365378004940123,0.18670544969380287,0.5503346788113465,0.5675112617516236,0.2394242934227989,0.19306444482557764,0.5664946853272257
2025/26,2574,26,Cracovia,GKS Katowice,H,0.4914532377920451,0.2551826943500541,0.2533640678579008,1.5427320988813256,1.0311430709235985,-35.3,0.4931218470665712,0.25097908661525387,0.25589906631817494,0.7069989811837899,0.5520672913071287,0.23983975225399823,0.20809295643887304,0.5940853355928968
2025/26,2575,26,Lech Poznań,Bruk-Bet Termalica Nieciecza,H,0.6427092217326639,0.19669500254699504,0.16059577572034126,2.156844106235651,0.9788179580192756,55.7,0.6540808692111452,0.18929639939962334,0.15662273138923147,0.42452428194131786,0.5901942651547234,0.2032984434731888,0.2065072913720879,0.5273035333034215
2025/26,2576,26,Piast Gliwice,Radomiak Radom,H,0.41770963705868003,0.27259302081521825,0.3096973421261019,1.3260780751707772,1.1018093846222667,3.5,0.41414665547337803,0.26905814954409685,0.3167951949825251,0.881535127611235,0.40465976462453646,0.2708728232511808,0.3244674121242829,0.9047086522935509
2025/26,2577,26,Widzew Łódź,Górnik Zabrze,D,0.3907737276814772,0.2752387449060208,0.3339875274125019,1.264505588931598,1.1471291194904938,8.0,0.3853307034741505,0.27159329537313986,0.3430760011527097,1.3034495692681982,0.366313216516955,0.27328442689054316,0.36040235659250197,1.297242169411324
2025/26,2578,27,Arka Gdynia,Zagłębie Lubin,H,0.32648782248580743,0.27793733860975545,0.39557483890443734,1.1131751804516135,1.2549050774208768,-3.4,0.31692508737098135,0.2734784484852111,0.4095964641438076,1.1490898504739222,0.3095314207705975,0.2746243648448265,0.41584421438457586,1.172695670942235
2025/26,2579,27,Bruk-Bet Termalica Nieciecza,Piast Gliwice,H,0.3809439032407004,0.26220410097755625,0.35685199578174326,1.339511854026697,1.2878530809601532,-21.6,0.37458304215508553,0.2576016841243674,0.367815273720547,0.9819417592037564,0.4012576622584141,0.2569629519837459,0.34177938575784,0.9131515087491118
2025/26,2580,27,Lechia Gdańsk,Korona Kielce,H,0.44274421620759674,0.245799760216352,0.3114560235760513,1.5866887785549164,1.2925833128023716,17.7,0.4405569458637293,0.2408336338901939,0.31860942024607675,0.8197155664476881,0.4099808127518611,0.24125324086217284,0.34876594638596603,0.8916449185450444
2025/26,2581,27,Górnik Zabrze,Cracovia,H,0.42489429714467714,0.27563244107988777,0.2994732617754352,1.31497008644212,1.0569564623517238,14.1,0.42190113955470543,0.2723554349030024,0.3057434255422922,0.8629842588488422,0.396469611203385,0.2756820616648901,0.327848327131725,0.9251558834588433
2025/26,2582,27,Radomiak Radom,Motor Lublin,D,0.47793044485711184,0.2392555958734127,0.2828139592694754,1.6917453154765834,1.2486488123586148,-5.4,0.478303142507552,0.2341195696384252,0.2875772878540227,1.451923312770164,0.4893227216908098,0.2312657222105712,0.27941155609861895,1.4641879169630723
2025/26,2583,27,Pogoń Szczecin,Legia Warszawa,A,0.4285866773508414,0.24209650517151932,0.32931681747763913,1.6044858906504236,1.3788857148105285,9.7,0.4252539696826974,0.23680737480712527,0.3379386555101773,1.0848908925443284,0.4062226567707935,0.23578531653817042,0.3579920266910361,1.0272445646422057
2025/26,2584,27,GKS Katowice,Wisła Płock,H,0.4473271912137748,0.26085263376663226,0.2918201750195929,1.4551985378502343,1.1229703628186196,46.3,0.4457627669262408,0.25680807355505086,0.2974291595187083,0.8079683811992627,0.3708058947084545,0.2609705838220655,0.3682235214694799,0.9920765481448056
2025/26,2585,27,Raków Częstochowa,Widzew Łódź,D,0.5291978158546607,0.25935400165470457,0.2114481824906345,1.519788104544673,0.8547347333249852,7.2,0.533673812523441,0.25536534043752174,0.21096084703903725,1.3650600515718865,0.5297297443717107,0.25764553310535326,0.21262472252293602,1.3561705414226082
2025/26,2586,27,Jagiellonia Białystok,Lech Poznań,D,0.3985913603256751,0.2390946196143687,0.36231402005995633,1.582627421794479,1.499119161433815,-24.6,0.3929834658436533,0.23333723577242105,0.3736792983839256,1.4552705080077517,0.4273716993864509,0.2300459090560455,0.34258239155750353,1.4694763853857855
2025/26,2587,28,Wisła Płock,Lechia Gdańsk,H,0.4158004388960273,0.25204013134194914,0.3321594297620237,1.487850790719192,1.3034277953338735,-40.0,0.4117270726501194,0.24721245395238126,0.34106047339749923,0.8873945941702468,0.47280355939469815,0.2413212053452838,0.28587523526001796,0.7490752845880065
2025/26,2588,28,Legia Warszawa,Górnik Zabrze,D,0.4989501140313357,0.24993808247689225,0.25111180349177215,1.595175810002507,1.0552022744695464,-2.0,0.5011066795108369,0.24544909509670104,0.25344422539246214,1.4046657051962137,0.5086078390696133,0.2440599302525551,0.24733223067783164,1.4103414680583948
2025/26,2589,28,Motor Lublin,Raków Częstochowa,D,0.29780931973099334,0.25616723084826987,0.4460234494207368,1.1724574450376462,1.493660164010021,-2.5,0.28626766546323906,0.24977556182482155,0.46395677271193947,1.387192517041907,0.27499750461473305,0.24791090218945294,0.47709159319581396,1.3946858627335263
2025/26,2590,28,Zagłębie Lubin,Radomiak Radom,H,0.4023783931615896,0.2658066884867271,0.3318149183516834,1.3515974387945167,1.2020341759097783,-11.9,0.39759354720210205,0.2616865693102366,0.34071988348766147,0.9223250337023865,0.41105738474477627,0.26143238624894993,0.32751022900627363,0.8890224519821177
2025/26,2591,28,Korona Kielce,Jagiellonia Białystok,D,0.3821739431115783,0.24560241418073067,0.3722236427076909,1.4833345105636055,1.460898873545694,-15.6,0.37555319241938523,0.24001709327836274,0.3844297143022521,1.4270451361831333,0.3930291088099775,0.23826517011824286,0.3687057210717797,1.4343710653657729
2025/26,2592,28,Cracovia,Arka Gdynia,D,0.5964460630862194,0.23377071389218385,0.16978322302159674,1.7361340597854775,0.8007429413924569,10.3,0.6052801088430722,0.2281388997422447,0.16658099141468324,1.4778006261245982,0.6036700632745569,0.22904003135642892,0.1672899053690142,1.473858481288563
2025/26,2593,28,Lech Poznań,GKS Katowice,D,0.5933130307728697,0.21809367982695535,0.1885932894001748,1.9286129861122179,0.9876369129129614,12.8,0.6018342361031457,0.21182112599320582,0.1863446379036485,1.552013105778619,0.596013197431336,0.21202059565506257,0.1919662069136014,1.551071859712481
2025/26,2594,28,Piast Gliwice,Pogoń Szczecin,A,0.3671508682259033,0.26059457763156585,0.37225455414253106,1.323010732882798,1.3340070152691739,16.9,0.3598212278361792,0.25570267311561085,0.38447609904820995,0.9558736530915121,0.3249137845117674,0.25401171092893693,0.4210745045592957,0.864945490507545
2025/26,2595,28,Widzew Łódź,Bruk-Bet Termalica Nieciecza,H,0.5153989361603891,0.24137478487660735,0.24322627896300353,1.6869667246227245,1.0808653321251207,40.9,0.5186629857242572,0.23643183818237817,0.24490517609336462,0.6565009598697593,0.4583936364306211,0.2439454939251994,0.29766086964417954,0.7800269958101179
2025/26,2596,29,Arka Gdynia,Jagiellonia Białystok,A,0.24776645617628296,0.2372443470896878,0.5149891967340291,1.1283457105946995,1.7318917399586096,-11.8,0.23374104902020243,0.2286868862760654,0.5375720647037322,0.6206924541000082,0.2306860666943258,0.22663434122075282,0.5426795920849213,0.6112362030331061
2025/26,2597,29,Bruk-Bet Termalica Nieciecza,Wisła Płock,A,0.38571788099457954,0.2570416677150386,0.35724045129038207,1.390023049524789,1.3280409399615158,0.0,0.3795865760391476,0.2521816783578959,0.3682317456029565,0.9990427955321326,0.37234519343656713,0.25165503064616174,0.3759997759172712,0.9781667315571244
2025/26,2598,29,Legia Warszawa,Zagłębie Lubin,H,0.5900029842565226,0.22731884564641908,0.1826781700970582,1.8155435715735395,0.89841836768482,7.7,0.5983917723196747,0.22145529510838916,0.18015293257193615,0.5135096018821786,0.5999201267757873,0.2206505726463717,0.17942930057784107,0.5109587546678704
2025/26,2599,29,Lechia Gdańsk,Piast Gliwice,D,0.4606696109326547,0.24981128799220573,0.28951910107513973,1.5680574686388504,1.1909425728574565,16.8,0.459921068526088,0.24518824598329597,0.2948906854906161,1.4057290125156596,0.4328660854892879,0.24686508409544636,0.3202688304152658,1.3989133098227449
2025/26,2600,29,Górnik Zabrze,Korona Kielce,H,0.46227392946637047,0.2602751384215418,0.2774509321120876,1.4758712344051435,1.081624481243204,8.6,0.4618230086687422,0.2562770420874925,0.2818999492437653,0.7725735594208355,0.44854885341459005,0.2581519437233358,0.29329920286207406,0.8017376771843474
2025/26,2601,29,Radomiak Radom,Widzew Łódź,H,0.4203467061051962,0.26825403203493636,0.31139926185986755,1.3615123403920437,1.1326414352082426,-8.8,0.4169054484729168,0.26446578393623216,0.3186287675908511,0.8748958251644336,0.4272596055451679,0.2644375994772978,0.30830279497753427,0.8503634749801352
2025/26,2602,29,Pogoń Szczecin,Lech Poznań,A,0.39377710425755924,0.24307160698978025,0.3631512887526605,1.5323279310246636,1.4627314838374093,-21.1,0.3879158771494105,0.2374835847407835,0.37460053810980604,0.98189505248144,0.41582493316763536,0.23492845704446233,0.34924660978790223,1.0519769880134338
2025/26,2603,29,GKS Katowice,Motor Lublin,H,0.4886764282556057,0.23718146346209446,0.2741421082822999,1.7222304876894308,1.233121135976465,11.7,0.4898354048786763,0.23197146640139923,0.27819312871992447,0.713685852718197,0.4738266989147232,0.23225034015506282,0.293922960930214,0.746913638244152
2025/26,2604,29,Raków Częstochowa,Cracovia,H,0.49540805026820295,0.26655018076922793,0.23804176896256896,1.4500242182255487,0.9159325984170245,14.8,0.497507729832343,0.2630137177686574,0.2394785523989996,0.6981441851527498,0.4781003675822692,0.26788548338851553,0.2540141490292153,0.7379345945106569
2025/26,2605,30,Wisła Płock,Radomiak Radom,A,0.41895214860258007,0.2673574834598215,0.31369036793759836,1.366193618230228,1.1444649706824448,-32.5,0.4153939532942407,0.26350003597675836,0.32110601072900097,1.1359839588809268,0.46360425676933903,0.2594444100662966,0.27695133316436454,1.2839134807779626
2025/26,2606,30,Lechia Gdańsk,Raków Częstochowa,A,0.3462086721381365,0.25336878948594493,0.4004225383759185,1.330124252802192,1.4493421164527627,1.6,0.33737138699909625,0.24771560912313306,0.4149130038777706,0.8796864099369042,0.32395187525897395,0.2459787884561557,0.4300693362848704,0.84380883611934
2025/26,2607,30,Zagłębie Lubin,Bruk-Bet Termalica Nieciecza,A,0.4719400699161071,0.24727513233625795,0.2807847977476351,1.6032333482791241,1.1797952788667758,18.4,0.4720043049329847,0.24256055704141483,0.2854351380256006,1.2537404629978899,0.4434648135757177,0.244594725976521,0.31194046044776114,1.1649429412815797
2025/26,2608,30,Korona Kielce,GKS Katowice,D,0.45793448197875414,0.2516683292492612,0.2903971887719846,1.5477126171427957,1.1804804787808776,-12.8,0.45701175689641094,0.24713842087633373,0.2958498222272552,1.397806690918099,0.4779433411685618,0.24415553254629033,0.27790112628514785,1.4099498282917673
2025/26,2609,30,Cracovia,Pogoń Szczecin,D,0.42334000428183033,0.25234447384085157,0.32431552187731794,1.4970075405878496,1.2790705485864795,7.4,0.419829343207287,0.24760495868630378,0.3325656981064091,1.3959207113677758,0.40431373086017486,0.2474900587548557,0.3481962103849695,1.396384864427141
2025/26,2610,30,Lech Poznań,Legia Warszawa,H,0.4718445793823029,0.24730099736912928,0.2808544232485675,1.6028959437554529,1.1798482651187203,11.7,0.4719019936171407,0.24258748304921313,0.2855105233336461,0.7509839555985354,0.45431497594080184,0.24363560388898264,0.30204942017021547,0.7889645418893145
2025/26,2611,30,Jagiellonia Białystok,Górnik Zabrze,A,0.47566058236744535,0.2411504799254527,0.2831889377071023,1.669391700037982,1.234811699784733,19.1,0.4758956411150537,0.23610903947928277,0.2879953194056635,1.244811051041926,0.44633841678304964,0.23757818128736433,0.31608340192958595,1.1517491700617442
2025/26,2612,30,Piast Gliwice,Arka Gdynia,H,0.540029999027014,0.2534175542638591,0.20655244670912695,1.5715276850335431,0.8642671032953311,10.1,0.5452246868687798,0.24907246426149174,0.2057028488697285,0.606557299794607,0.5379528186627417,0.25176588657303667,0.21028129476422164,0.6199844203189131
2025/26,2613,30,Widzew Łódź,Motor Lublin,H,0.4835989453441348,0.2486355313550873,0.26776552330077796,1.5988504864693354,1.1243668097623754,7.7,0.484574610474564,0.24404029162841953,0.2713850978970165,0.7244838647197545,0.4748375115789197,0.24478194741847228,0.28038054100260795,0.744782614356994
2025/26,2614,31,Arka Gdynia,Górnik Zabrze,D,0.27791485083687417,0.2651617032059818,0.4569234459571439,1.0538238247249472,1.4307219711949168,-9.7,0.26559613621729106,0.2588619485172946,0.4755419152654142,1.3514603766945656,0.2626546293157438,0.2592654461095973,0.47807992457465875,1.3499028536681565
2025/26,2615,31,Legia Warszawa,Widzew Łódź,H,0.5373338367139167,0.24673287787099696,0.21593328541508636,1.6339800341868347,0.9370757523234156,-10.0,0.542277402665273,0.2420445588133497,0.2156780385213772,0.6119775954385503,0.5655890155363241,0.2369359639813325,0.19747502048234342,0.5698875854930225
2025/26,2616,31,Motor Lublin,Lech Poznań,A,0.2671350127962116,0.23370830095999942,0.499156686243789,1.2341715276121674,1.7677556321411545,-23.9,0.2537364981604998,0.22543327022612197,0.5208302316133783,0.6523311413597368,0.26928099469714445,0.22610183356851588,0.5046171717343396,0.6839552129651008
2025/26,2617,31,Zagłębie Lubin,Cracovia,D,0.3417362390787052,0.2811468203058995,0.37711694061539514,1.129922962717754,1.2019808154537652,1.2,0.3331465406813068,0.27717687814911973,0.38967658116957343,1.2830994273058394,0.3203491003692986,0.2784714790936115,0.40117942053709,1.2784396338585577
2025/26,2618,31,Radomiak Radom,Lechia Gdańsk,H,0.43844877842902696,0.23983445003798057,0.3217167715329926,1.6427913361740467,1.3758981172014746,-15.7,0.4358101855577809,0.23449835847932368,0.3296914559628953,0.8305484846525404,0.4598212169974974,0.23075480515561372,0.3094239778468889,0.7769175237474574
2025/26,2619,31,Pogoń Szczecin,Wisła Płock,H,0.5254261295296381,0.23818114283341485,0.23639272763694694,1.7226824679656025,1.0746887303129737,20.2,0.5293911151904271,0.23306880175205644,0.23754008305751637,0.6360277721210017,0.5039882727720157,0.23644252247840478,0.25956920474957945,0.6852022794909723
2025/26,2620,31,Korona Kielce,Piast Gliwice,D,0.4405838640826953,0.26835217933605193,0.29106395658125284,1.3877765303510834,1.0747708639755196,5.3,0.43863588078261107,0.26472736030704497,0.29663675891034386,1.3290548116338021,0.4285285779715825,0.2666319454845138,0.30483947654390386,1.3218860528927259
2025/26,2621,31,GKS Katowice,Bruk-Bet Termalica Nieciecza,H,0.5215561378851975,0.22807576178304914,0.2503681003317533,1.8418572238660484,1.2108246933977664,41.1,0.5250608995527355,0.22245367170919103,0.2524854287380735,0.6442410239698266,0.46400467152319075,0.22809100955448744,0.3079043189223218,0.7678606588686521
2025/26,2622,31,Raków Częstochowa,Jagiellonia Białystok,A,0.496877753467006,0.24031853576512072,0.26280371076787323,1.6919612638285262,1.1653565902904677,5.3,0.49872274184117377,0.23529822905799044,0.2659790291008357,1.324337811275097,0.4942095208429607,0.23477969615522964,0.2710107830018097,1.3055966692194498
2025/26,2623,32,Wisła Płock,Motor Lublin,A,0.46330519338161985,0.253836299855275,0.2828585067631049,1.533137716972075,1.1407525135175618,-32.5,0.46282755488266336,0.24946095956765668,0.2877114855496799,1.2457970872552808,0.5158310620878608,0.24148402819549805,0.24268490971664114,1.4159913448754993
2025/26,2624,32,Bruk-Bet Termalica Nieciecza,Legia Warszawa,A,0.28382541124366084,0.23818901580736102,0.4779855729489779,1.261074029604275,1.7035946133530155,-23.4,0.2712359221146966,0.23050630537348982,0.49825777251181363,0.6966377203886005,0.2883651511608507,0.23110779561864048,0.4805270532205087,0.7328717499287951
2025/26,2625,32,Górnik Zabrze,Zagłębie Lubin,A,0.5171723471569721,0.2571150623523556,0.22571259049067227,1.5365217283502426,0.9194678796983227,8.3,0.5207659735743294,0.2530276250041961,0.22620640142147444,1.486307415870866,0.5138367207443909,0.25532786699098775,0.2308354122646214,1.466050323428783
2025/26,2626,32,Cracovia,Radomiak Radom,D,0.47782250978414503,0.2593519511677644,0.26282553904809053,1.4971259051967196,1.0390921440289822,-7.9,0.4785269162251281,0.2553584946615607,0.2661145891133113,1.3650868597037613,0.4932778749338264,0.2535709793121769,0.2531511457539966,1.37211149785613
2025/26,2627,32,Lech Poznań,Arka Gdynia,D,0.7010637730715956,0.1822176471250865,0.11671857980331789,2.2069941017175263,0.7727959472028214,32.9,0.71515927057632,0.17384120970013137,0.11099951972354868,1.7496129843597659,0.6956461355994135,0.1796571773032317,0.12469668709735493,1.716704814630162
2025/26,2628,32,Raków Częstochowa,Korona Kielce,H,0.5402247218828843,0.2435993763016618,0.21617590181545404,1.6648070825013705,0.9559254899067654,29.5,0.5453423746495102,0.23874102680588746,0.21591659854460224,0.6063414711943494,0.5073583328162431,0.24608901609050016,0.24655265109325686,0.6785377541951275
2025/26,2629,32,Jagiellonia Białystok,Pogoń Szczecin,H,0.46019198160259456,0.22487381612999074,0.3149342022674144,1.8495649531914653,1.5008590143968248,19.4,0.45887552381744773,0.21888668672996045,0.32223778945259185,0.7789762956404342,0.4262262383627599,0.21758202415256378,0.3561917374846763,0.8527849977147803
2025/26,2630,32,Piast Gliwice,GKS Katowice,D,0.4407973131559824,0.2626312899118768,0.29657139693214085,1.432817708448889,1.1259122817688967,-19.6,0.4387740327657398,0.25865277237679646,0.3025731948574637,1.3522687639478903,0.4686756589662297,0.2556650440070868,0.27565929702668357,1.3638871130811492
2025/26,2631,32,Widzew Łódź,Lechia Gdańsk,H,0.42058338434340664,0.25339715679894254,0.32601945885765077,1.4832823492493468,1.2757638181755022,-8.2,0.41688954603556533,0.24869551533511985,0.3344149386293148,0.8749339698821594,0.42646456201734784,0.24738819261444642,0.3261472453682057,0.8522260057315493
2025/26,2632,33,Arka Gdynia,Bruk-Bet Termalica Nieciecza,A,0.3848847400367584,0.25542417178882687,0.35969108817441475,1.4017658851409425,1.3466636390074045,7.0,0.37866248766563015,0.2504552736501302,0.3708822386842397,0.9918706827072514,0.3602402917532286,0.24960688801127268,0.3901528202354987,0.9412167698526475
2025/26,2633,33,Wisła Płock,Górnik Zabrze,A,0.36620471698634044,0.27893415801415206,0.3548611249995077,1.194695013329203,1.1714525352286729,-22.4,0.3591476689125417,0.2752068000974173,0.365645530990041,1.0060909094373895,0.3847997195323409,0.27649946616669363,0.33870081430096544,1.0826381149659499
2025/26,2634,33,Lechia Gdańsk,Legia Warszawa,A,0.3619574672992446,0.2426011345926427,0.39544139810811285,1.4641889587391343,1.5403914734405322,9.3,0.3538984877448686,0.23656620258025504,0.40953530967487634,0.8927321530940134,0.3296286669935219,0.2333290752177397,0.4370422577887384,0.8277253888162691
2025/26,2635,33,Motor Lublin,Cracovia,D,0.3589243878512529,0.25936538668388387,0.3817102254648631,1.313950029799536,1.363211656590849,11.3,0.35102629184706163,0.2542757535897823,0.39469795456315604,1.369335956794671,0.32400760883818075,0.25259439848355053,0.4233979926782688,1.3759702447528344
2025/26,2636,33,Zagłębie Lubin,Pogoń Szczecin,A,0.3360860215531716,0.25401082531277436,0.4099031531340538,1.2985835584967358,1.4604615333571813,-0.8,0.326637194070211,0.24822563329475777,0.42513717263503115,0.8553434029919972,0.31599574676270736,0.24662554013223625,0.4373787131050564,0.826955838807471
2025/26,2637,33,Radomiak Radom,Lech Poznań,A,0.2952385432255181,0.25187962658862545,0.4528818301858565,1.1945956153265904,1.5402924278391301,-22.1,0.283481492944038,0.24518566909196812,0.4713328379639938,0.7521907721900509,0.30011603809335824,0.24656174553080978,0.4533222163758319,0.7911521119212062
2025/26,2638,33,Korona Kielce,Widzew Łódź,H,0.44677589187848954,0.2669259898781938,0.28629811824331663,1.4059601018107803,1.0690560180491246,-20.4,0.4452664909570546,0.26325149480537213,0.29148201423757336,0.8090823199753754,0.47682388485885474,0.2600625819427766,0.2631135331983687,0.7406080704024952
2025/26,2639,33,GKS Katowice,Jagiellonia Białystok,D,0.3929014691532093,0.23873611687833776,0.3683624139684528,1.5746032497696547,1.5180343004635308,6.2,0.38687819502589954,0.23289284008691277,0.3802289648871877,1.457176844999296,0.3700169884639039,0.23045967887983723,0.3995233326562589,1.4676793607850844
2025/26,2640,33,Piast Gliwice,Raków Częstochowa,A,0.32806703760372186,0.2803637095556656,0.39156925284061256,1.1030580811273818,1.2325447954738795,-39.2,0.31863884087206956,0.276094953251031,0.40526620587689943,0.9032111293401381,0.36504149261448987,0.27944576281531014,0.3555127445701999,1.0341941806762232
2025/26,2641,34,Bruk-Bet Termalica Nieciecza,Lechia Gdańsk,H,0.3763625334534085,0.23248189163555832,0.3911555749110331,1.6040757057844504,1.6389137552235278,-29.4,0.36903254819548637,0.226089284815183,0.4048781669893307,0.9968704323397407,0.408824707564795,0.22315169374371768,0.3680235986914874,0.8944688026705001
2025/26,2642,34,Legia Warszawa,Motor Lublin,H,0.6090751100422543,0.20882001165597408,0.1821048783017717,2.037296439379626,1.0187338813002873,6.0,0.6185231569454609,0.20208627910530483,0.17939056394923436,0.48042064735659856,0.6244036820588938,0.19890007480307642,0.1766962431380298,0.47095819340293976
2025/26,2643,34,Górnik Zabrze,Radomiak Radom,H,0.4890055516744541,0.2550942985416679,0.25590014978387793,1.5420535980867762,1.0406560705610288,-5.4,0.490489234265375,0.2508809417960088,0.25862982393861633,0.7123519487081618,0.5023902414254867,0.24916757654528743,0.24844218202922586,0.6883780879310331
2025/26,2644,34,Pogoń Szczecin,GKS Katowice,D,0.5290053162604614,0.22627490404153888,0.24471977969799977,1.8646001415617701,1.200804444352305,-28.5,0.5330415681633185,0.22056550576019845,0.2463929260764831,1.5115605499367062,0.5854087729592153,0.2086461551467155,0.20594507189406921,1.5671154994006504
2025/26,2645,34,Cracovia,Korona Kielce,D,0.45840749946742626,0.26381853239461023,0.27777396813796346,1.4429390768325026,1.061269082968024,-0.9,0.45772026865206833,0.2600163872171682,0.2822633441307634,1.3470106221944358,0.4593268065575832,0.26049684338803597,0.2801763500543808,1.345164535374471
2025/26,2646,34,Lech Poznań,Wisła Płock,D,0.6063411429544574,0.22446965502791652,0.16918920201762624,1.8303530960984664,0.8465740320418238,45.4,0.615746298527528,0.21836585658452343,0.16588784488794855,1.5215833816528184,0.562824069116729,0.23186835023095378,0.2053075806523172,1.4615855242809221
2025/26,2647,34,Raków Częstochowa,Arka Gdynia,H,0.6383402631800679,0.21375266542902954,0.14790707139090248,1.9117971236541522,0.7905394459535795,43.9,0.6495579141510459,0.20694820471488434,0.14349388113406966,0.43146327956251346,0.6046818727192722,0.22010478587458607,0.17521334140614167,0.5030527894645653
2025/26,2648,34,Jagiellonia Białystok,Zagłębie Lubin,H,0.5715793862629427,0.22168033231576095,0.20674028142129633,1.903976205063323,1.0558672716031996,24.8,0.5786586762427941,0.21566865988630446,0.20567266387090147,0.5470424808614726,0.5514385553833966,0.21979243178331193,0.2287690128332914,0.5952248601249199
2025/26,2649,34,Widzew Łódź,Piast Gliwice,H,0.40928585547173973,0.2828851022668664,0.3078290422613937,1.244950418888175,1.0397643473132625,21.0,0.4052709961286497,0.2799455020995698,0.31478350177178044,0.9031993093971709,0.36801961626619994,0.2838043670724309,0.3481760166613691,0.9996190371626754
