kolejka,gospodarz,gosc,mecze_treningowe,gole_gosp,gole_gosc,suma_goli,wynik_1x2,btts_rzecz,over05_rzecz,over15_rzecz,over25_rzecz,over35_rzecz,lambda_home,lambda_away,lambda_total,p_home,p_draw,p_away,wynik_pred,czy_trafil,log_loss,p_btts,p_under_05,p_under_15,p_under_25,p_under_35,p_over_05,p_over_15,p_over_25,p_over_35,blad_lambda_home,blad_lambda_away
1,Lech Poznań,Cracovia,612,1,4,5,A,1,1,1,1,1,2.1715,1.0401,3.2116,0.6313,0.1976,0.1711,H,0,1.7655,0.5729,0.0403,0.1697,0.3775,0.6,0.9597,0.8303,0.6225,0.4,1.1715,2.9599
1,Widzew Łódź,Zagłębie Lubin,612,1,0,1,H,0,1,0,0,0,1.4555,0.9648,2.4203,0.4848,0.265,0.2502,H,1,0.724,0.4745,0.0889,0.3041,0.5644,0.7745,0.9111,0.6959,0.4356,0.2255,0.4555,0.9648
1,GKS Katowice,Raków Częstochowa,612,0,1,1,A,0,1,0,0,0,1.0239,1.3036,2.3275,0.2924,0.2782,0.4294,A,1,0.8454,0.4668,0.0975,0.3246,0.5888,0.7937,0.9025,0.6754,0.4112,0.2063,1.0239,0.3036
1,Górnik Zabrze,Lechia Gdańsk,612,2,1,3,H,1,1,1,1,0,1.7997,0.98,2.7797,0.5663,0.2304,0.2034,H,1,0.5687,0.5214,0.0621,0.2346,0.4743,0.6965,0.9379,0.7654,0.5257,0.3035,0.2003,0.02
1,Legia Warszawa,Piast Gliwice,612,0,1,1,A,0,1,0,0,0,1.4256,0.8807,2.3063,0.4977,0.2699,0.2324,H,0,1.4592,0.4448,0.0996,0.3294,0.5944,0.7981,0.9004,0.6706,0.4056,0.2019,1.4256,0.1193
1,Radomiak Radom,Pogoń Szczecin,612,5,1,6,H,1,1,1,1,1,1.3119,1.7464,3.0583,0.2888,0.2344,0.4769,A,0,1.2421,0.6033,0.047,0.1906,0.4103,0.6342,0.953,0.8094,0.5897,0.3658,3.6881,0.7464
2,Arka Gdynia,Radomiak Radom,621,1,1,2,D,1,1,1,0,0,0.0,0.7699,0.7699,0.0,0.4631,0.5369,A,0,0.7699,0.0,0.4631,0.8196,0.9568,0.992,0.5369,0.1804,0.0432,0.008,1.0,0.2301
2,Lechia Gdańsk,Lech Poznań,621,3,4,7,A,1,1,1,1,1,1.215,1.8856,3.1006,0.2448,0.2247,0.5305,A,1,0.6339,0.5966,0.045,0.1846,0.4011,0.6247,0.955,0.8154,0.5989,0.3753,1.785,2.1144
2,Pogoń Szczecin,Motor Lublin,621,4,1,5,H,1,1,1,1,1,2.4197,1.1648,3.5845,0.6503,0.1818,0.1679,H,1,0.4304,0.6268,0.0278,0.1273,0.3056,0.5186,0.9722,0.8727,0.6944,0.4814,1.5803,0.1648
2,Korona Kielce,Legia Warszawa,621,0,2,2,A,0,1,1,0,0,1.1785,1.3467,2.5252,0.3265,0.2673,0.4062,A,1,0.9009,0.5122,0.08,0.2822,0.5374,0.7522,0.92,0.7178,0.4626,0.2478,1.1785,0.6533
2,Cracovia,Bruk-Bet Termalica Nieciecza,621,2,0,2,H,0,1,1,0,0,0.0,4.5442,4.5442,0.0,0.0108,0.9892,A,0,21.0803,0.0,0.0108,0.06,0.1718,0.3411,0.9892,0.94,0.8282,0.6589,2.0,4.5442
2,GKS Katowice,Zagłębie Lubin,621,2,2,4,D,1,1,1,1,1,1.6974,0.9106,2.608,0.5594,0.2399,0.2007,H,0,1.4275,0.4882,0.0737,0.2659,0.5164,0.7343,0.9263,0.7341,0.4836,0.2657,0.3026,1.0894
2,Raków Częstochowa,Wisła Płock,621,1,2,3,A,1,1,1,1,0,0.0,0.9785,0.9785,0.0,0.3759,0.6241,A,1,0.4714,0.0,0.3759,0.7437,0.9236,0.9823,0.6241,0.2563,0.0764,0.0177,1.0,1.0215
2,Jagiellonia Białystok,Widzew Łódź,621,3,2,5,H,1,1,1,1,1,2.1175,0.9756,3.0931,0.6357,0.2002,0.1642,H,1,0.4531,0.5481,0.0454,0.1857,0.4027,0.6264,0.9546,0.8143,0.5973,0.3736,0.8825,1.0244
2,Piast Gliwice,Górnik Zabrze,621,0,1,1,A,0,1,0,0,0,1.0441,0.816,1.8601,0.4017,0.3193,0.279,H,0,1.2766,0.3614,0.1557,0.4452,0.7145,0.8815,0.8443,0.5548,0.2855,0.1185,1.0441,0.184
3,Wisła Płock,Piast Gliwice,630,2,0,2,H,0,1,1,0,0,2.0572,0.3524,2.4096,0.7797,0.1678,0.0525,H,1,0.2489,0.2591,0.0899,0.3064,0.5672,0.7767,0.9101,0.6936,0.4328,0.2233,0.0572,0.3524
3,Bruk-Bet Termalica Nieciecza,Pogoń Szczecin,630,1,1,2,D,1,1,1,0,0,2.3308,0.7666,3.0974,0.7243,0.17,0.1057,H,0,1.7722,0.4834,0.0452,0.1851,0.4018,0.6255,0.9548,0.8149,0.5982,0.3745,1.3308,0.2334
3,Legia Warszawa,Arka Gdynia,630,0,0,0,D,0,0,0,0,0,1.2857,0.3284,1.6141,0.6137,0.2924,0.0939,H,0,1.2295,0.2025,0.1991,0.5204,0.7797,0.9192,0.8009,0.4796,0.2203,0.0808,1.2857,0.3284
3,Motor Lublin,Jagiellonia Białystok,630,1,1,2,D,1,1,1,0,0,1.6077,2.0794,3.6871,0.3008,0.211,0.4882,A,0,1.556,0.6997,0.025,0.1174,0.2877,0.4969,0.975,0.8826,0.7123,0.5031,0.6077,1.0794
3,Zagłębie Lubin,Korona Kielce,630,1,1,2,D,1,1,1,0,0,1.149,1.0042,2.1532,0.3897,0.2941,0.3162,H,0,1.224,0.4328,0.1161,0.3661,0.6353,0.8285,0.8839,0.6339,0.3647,0.1715,0.149,0.0042
3,Radomiak Radom,Raków Częstochowa,630,3,1,4,H,1,1,1,1,1,0.9982,1.5142,2.5124,0.2495,0.2585,0.4921,A,0,1.3884,0.4925,0.0811,0.2848,0.5406,0.7549,0.9189,0.7152,0.4594,0.2451,2.0018,0.5142
3,Cracovia,Lechia Gdańsk,630,2,2,4,D,1,1,1,1,1,2.4546,1.2568,3.7114,0.6367,0.1823,0.181,H,0,1.7018,0.654,0.0244,0.1152,0.2836,0.4919,0.9756,0.8848,0.7164,0.5081,0.4546,0.7432
3,Lech Poznań,Górnik Zabrze,630,2,1,3,H,1,1,1,1,0,1.6583,0.9423,2.6006,0.542,0.2442,0.2138,H,1,0.6124,0.494,0.0742,0.2673,0.5183,0.7359,0.9258,0.7327,0.4817,0.2641,0.3417,0.0577
3,Widzew Łódź,GKS Katowice,630,3,0,3,H,0,1,1,1,0,1.374,1.2584,2.6324,0.3962,0.2615,0.3423,H,1,0.9259,0.5347,0.0719,0.2612,0.5103,0.7289,0.9281,0.7388,0.4897,0.2711,1.626,1.2584
4,Arka Gdynia,Pogoń Szczecin,639,2,1,3,H,1,1,1,1,0,0.321,0.6431,0.9641,0.1589,0.4642,0.3769,D,0,1.8395,0.1302,0.3813,0.749,0.9262,0.9831,0.6187,0.251,0.0738,0.0169,1.679,0.3569
4,Legia Warszawa,GKS Katowice,639,3,1,4,H,1,1,1,1,1,1.9248,1.0779,3.0027,0.571,0.2202,0.2089,H,1,0.5604,0.5634,0.0497,0.1988,0.4226,0.6467,0.9503,0.8012,0.5774,0.3533,1.0752,0.0779
4,Lechia Gdańsk,Motor Lublin,639,3,3,6,D,1,1,1,1,1,2.0008,1.6014,3.6022,0.4728,0.2152,0.312,H,0,1.5362,0.6904,0.0273,0.1255,0.3024,0.5148,0.9727,0.8745,0.6976,0.4852,0.9992,1.3986
4,Górnik Zabrze,Bruk-Bet Termalica Nieciecza,639,0,1,1,A,0,1,0,0,0,0.7935,1.2943,2.0878,0.2287,0.2879,0.4833,A,1,0.727,0.3976,0.124,0.3828,0.6529,0.8409,0.876,0.6172,0.3471,0.1591,0.7935,0.2943
4,Korona Kielce,Radomiak Radom,639,3,0,3,H,0,1,1,1,0,1.402,1.2334,2.6354,0.4088,0.2607,0.3304,H,1,0.8944,0.5343,0.0717,0.2606,0.5096,0.7283,0.9283,0.7394,0.4904,0.2717,1.598,1.2334
4,Raków Częstochowa,Zagłębie Lubin,639,0,1,1,A,0,1,0,0,0,1.793,0.6098,2.4028,0.6597,0.2199,0.1204,H,0,2.117,0.3805,0.0905,0.3079,0.569,0.7782,0.9095,0.6921,0.431,0.2218,1.793,0.3902
4,Jagiellonia Białystok,Cracovia,639,5,2,7,H,1,1,1,1,1,2.1792,1.4386,3.6178,0.5443,0.2051,0.2507,H,1,0.6083,0.6765,0.0268,0.124,0.2996,0.5115,0.9732,0.876,0.7004,0.4885,2.8208,0.5614
4,Piast Gliwice,Lech Poznań,639,1,0,1,H,0,1,0,0,0,1.0004,1.1366,2.137,0.3176,0.2955,0.3869,A,0,1.1471,0.4294,0.118,0.3702,0.6396,0.8316,0.882,0.6298,0.3604,0.1684,0.0004,1.1366
4,Widzew Łódź,Wisła Płock,639,1,1,2,D,1,1,1,0,0,0.3962,2.1251,2.5213,0.0567,0.1637,0.7797,A,0,1.8099,0.2881,0.0804,0.283,0.5384,0.7531,0.9196,0.717,0.4616,0.2469,0.6038,1.1251
5,Wisła Płock,Legia Warszawa,648,1,0,1,H,0,1,0,0,0,2.169,0.5762,2.7452,0.7421,0.1734,0.0846,H,1,0.2983,0.3879,0.0642,0.2406,0.4827,0.7042,0.9358,0.7594,0.5173,0.2958,1.169,0.5762
5,Bruk-Bet Termalica Nieciecza,Raków Częstochowa,648,2,3,5,A,1,1,1,1,1,1.2458,0.5324,1.7782,0.5403,0.301,0.1587,H,0,1.8408,0.2941,0.1689,0.4693,0.7364,0.8948,0.8311,0.5307,0.2636,0.1052,0.7542,2.4676
5,Motor Lublin,Piast Gliwice,648,0,0,0,D,0,0,0,0,0,1.182,1.1397,2.3217,0.3694,0.282,0.3486,H,0,1.2657,0.4715,0.0981,0.3259,0.5903,0.7949,0.9019,0.6741,0.4097,0.2051,1.182,1.1397
5,Zagłębie Lubin,Lechia Gdańsk,648,6,2,8,H,1,1,1,1,1,1.6338,1.297,2.9308,0.4533,0.2424,0.3043,H,1,0.7913,0.5848,0.0534,0.2097,0.4389,0.6627,0.9466,0.7903,0.5611,0.3373,4.3662,0.703
5,Radomiak Radom,Jagiellonia Białystok,648,1,2,3,A,1,1,1,1,0,1.6776,1.9246,3.6022,0.3413,0.2177,0.441,A,1,0.8186,0.6945,0.0273,0.1255,0.3024,0.5148,0.9727,0.8745,0.6976,0.4852,0.6776,0.0754
5,Pogoń Szczecin,Górnik Zabrze,648,0,3,3,A,0,1,1,1,0,1.6488,1.012,2.6608,0.5226,0.2452,0.2322,H,0,1.4602,0.5141,0.0699,0.2559,0.5033,0.7227,0.9301,0.7441,0.4967,0.2773,1.6488,1.988
5,Cracovia,Widzew Łódź,648,1,0,1,H,0,1,0,0,0,1.8613,1.1879,3.0492,0.5312,0.2265,0.2423,H,1,0.6326,0.5871,0.0474,0.1919,0.4123,0.6362,0.9526,0.8081,0.5877,0.3638,0.8613,1.1879
5,GKS Katowice,Arka Gdynia,648,4,1,5,H,1,1,1,1,1,0.7384,0.6605,1.3989,0.332,0.3828,0.2852,D,0,1.1025,0.2524,0.2469,0.5922,0.8338,0.9464,0.7531,0.4078,0.1662,0.0536,3.2616,0.3395
5,Lech Poznań,Korona Kielce,648,1,1,2,D,1,1,1,0,0,1.8415,0.8073,2.6488,0.6188,0.2221,0.1592,H,0,1.5047,0.4661,0.0707,0.2581,0.5063,0.7254,0.9293,0.7419,0.4937,0.2746,0.8415,0.1927
6,Wisła Płock,Zagłębie Lubin,657,2,1,3,H,1,1,1,1,0,2.2397,0.3247,2.5644,0.8151,0.144,0.041,H,1,0.2045,0.2477,0.077,0.2744,0.5275,0.7438,0.923,0.7256,0.4725,0.2562,0.2397,0.6753
6,Legia Warszawa,Jagiellonia Białystok,657,0,0,0,D,0,0,0,0,0,1.8129,1.4373,3.2502,0.4652,0.2281,0.3067,H,0,1.478,0.638,0.0388,0.1648,0.3695,0.5914,0.9612,0.8352,0.6305,0.4086,1.8129,1.4373
6,Lechia Gdańsk,Arka Gdynia,657,1,0,1,H,0,1,0,0,0,1.5171,0.9634,2.4805,0.5013,0.2587,0.24,H,1,0.6906,0.4828,0.0837,0.2913,0.5488,0.7617,0.9163,0.7087,0.4512,0.2383,0.5171,0.9634
6,Górnik Zabrze,GKS Katowice,657,3,0,3,H,0,1,1,1,0,1.5934,1.0111,2.6045,0.5091,0.2506,0.2404,H,1,0.6751,0.5069,0.0739,0.2665,0.5173,0.735,0.9261,0.7335,0.4827,0.265,1.4066,1.0111
6,Radomiak Radom,Bruk-Bet Termalica Nieciecza,657,1,1,2,D,1,1,1,0,0,1.1876,1.8685,3.0561,0.2412,0.2259,0.5329,A,0,1.4875,0.5878,0.0471,0.1909,0.4107,0.6347,0.9529,0.8091,0.5893,0.3653,0.1876,0.8685
6,Korona Kielce,Motor Lublin,657,2,0,2,H,0,1,1,0,0,1.5548,1.0999,2.6547,0.4782,0.2529,0.2689,H,1,0.7376,0.5262,0.0703,0.257,0.5048,0.7241,0.9297,0.743,0.4952,0.2759,0.4452,1.0999
6,Raków Częstochowa,Lech Poznań,657,2,2,4,D,1,1,1,1,1,1.4252,1.0066,2.4318,0.4667,0.2671,0.2663,H,0,1.3203,0.482,0.0879,0.3016,0.5614,0.7721,0.9121,0.6984,0.4386,0.2279,0.5748,0.9934
6,Piast Gliwice,Cracovia,657,0,0,0,D,0,0,0,0,0,1.2463,0.9908,2.2371,0.421,0.2853,0.2937,H,0,1.254,0.4479,0.1068,0.3456,0.6128,0.812,0.8932,0.6544,0.3872,0.188,1.2463,0.9908
6,Widzew Łódź,Pogoń Szczecin,657,1,2,3,A,1,1,1,1,0,1.3248,1.4202,2.745,0.3505,0.2554,0.3941,A,1,0.931,0.5567,0.0642,0.2406,0.4827,0.7042,0.9358,0.7594,0.5173,0.2958,0.3248,0.5798
7,Arka Gdynia,Wisła Płock,666,1,0,1,H,0,1,0,0,0,0.2902,1.3722,1.6624,0.0768,0.2731,0.6502,A,0,2.567,0.188,0.1897,0.505,0.7671,0.9124,0.8103,0.495,0.2329,0.0876,0.7098,1.3722
7,Bruk-Bet Termalica Nieciecza,Korona Kielce,666,1,3,4,A,1,1,1,1,1,1.7331,0.6904,2.4235,0.6246,0.2309,0.1445,H,0,1.9345,0.4105,0.0886,0.3034,0.5636,0.7738,0.9114,0.6966,0.4364,0.2262,0.7331,2.3096
7,Zagłębie Lubin,Piast Gliwice,666,2,2,4,D,1,1,1,1,1,0.9308,0.8983,1.8291,0.346,0.3256,0.3284,H,0,1.122,0.3591,0.1606,0.4542,0.7228,0.8866,0.8394,0.5458,0.2772,0.1134,1.0692,1.1017
7,Górnik Zabrze,Motor Lublin,666,0,1,1,A,0,1,0,0,0,1.8762,0.9231,2.7993,0.5975,0.2217,0.1808,H,0,1.7103,0.5104,0.0609,0.2312,0.4696,0.6921,0.9391,0.7688,0.5304,0.3079,1.8762,0.0769
7,Pogoń Szczecin,Raków Częstochowa,666,2,0,2,H,0,1,1,0,0,1.3435,1.2475,2.591,0.3905,0.2641,0.3455,H,1,0.9404,0.5268,0.0749,0.2691,0.5207,0.738,0.9251,0.7309,0.4793,0.262,0.6565,1.2475
7,Cracovia,Legia Warszawa,666,2,1,3,H,1,1,1,1,0,1.5695,1.4342,3.0037,0.4086,0.2422,0.3492,H,1,0.895,0.6031,0.0496,0.1986,0.4224,0.6464,0.9504,0.8014,0.5776,0.3536,0.4305,0.4342
7,GKS Katowice,Radomiak Radom,666,3,2,5,H,1,1,1,1,1,1.8833,1.4012,3.2845,0.4888,0.2242,0.287,H,1,0.7157,0.6391,0.0375,0.1605,0.3626,0.5838,0.9625,0.8395,0.6374,0.4162,1.1167,0.5988
7,Lech Poznań,Widzew Łódź,666,2,1,3,H,1,1,1,1,0,1.9573,0.898,2.8553,0.6213,0.2128,0.1659,H,1,0.476,0.5089,0.0575,0.2218,0.4564,0.6796,0.9425,0.7782,0.5436,0.3204,0.0427,0.102
7,Jagiellonia Białystok,Lechia Gdańsk,666,2,0,2,H,0,1,1,0,0,3.0034,1.2311,4.2345,0.7309,0.1435,0.1255,H,1,0.3134,0.6729,0.0145,0.0759,0.2059,0.3895,0.9855,0.9241,0.7941,0.6105,1.0034,1.2311
8,Wisła Płock,Cracovia,675,0,0,0,D,0,0,0,0,0,1.9639,0.685,2.6489,0.676,0.2031,0.1209,H,0,1.5941,0.4263,0.0707,0.2581,0.5062,0.7254,0.9293,0.7419,0.4938,0.2746,1.9639,0.685
8,Legia Warszawa,Radomiak Radom,675,4,1,5,H,1,1,1,1,1,2.085,1.0795,3.1645,0.6047,0.2062,0.189,H,1,0.503,0.5782,0.0422,0.1759,0.3874,0.6105,0.9578,0.8241,0.6126,0.3895,1.915,0.0795
8,Lechia Gdańsk,GKS Katowice,675,2,0,2,H,0,1,1,0,0,1.8638,1.7713,3.6351,0.4096,0.218,0.3724,H,1,0.8925,0.7012,0.0264,0.1223,0.2966,0.5078,0.9736,0.8777,0.7034,0.4922,0.1362,1.7713
8,Motor Lublin,Bruk-Bet Termalica Nieciecza,675,1,1,2,D,1,1,1,0,0,1.4374,1.6425,3.0799,0.3365,0.2381,0.4255,A,0,1.4352,0.6149,0.046,0.1875,0.4055,0.6294,0.954,0.8125,0.5945,0.3706,0.4374,0.6425
8,Korona Kielce,Pogoń Szczecin,675,1,0,1,H,0,1,0,0,0,1.2508,1.3341,2.5849,0.3482,0.2645,0.3873,A,0,1.0551,0.5257,0.0754,0.2703,0.5222,0.7393,0.9246,0.7297,0.4778,0.2607,0.2508,1.3341
8,Lech Poznań,Zagłębie Lubin,675,1,2,3,A,1,1,1,1,0,2.143,0.9059,3.0489,0.6572,0.195,0.1477,H,0,1.9123,0.5259,0.0474,0.192,0.4123,0.6363,0.9526,0.808,0.5877,0.3637,1.143,1.0941
8,Raków Częstochowa,Górnik Zabrze,675,0,1,1,A,0,1,0,0,0,1.3139,0.7755,2.0894,0.4936,0.2859,0.2205,H,0,1.5118,0.3945,0.1238,0.3824,0.6525,0.8406,0.8762,0.6176,0.3475,0.1594,1.3139,0.2245
8,Piast Gliwice,Jagiellonia Białystok,675,1,1,2,D,1,1,1,0,0,1.098,1.113,2.211,0.351,0.2904,0.3585,A,0,1.2364,0.4475,0.1096,0.3519,0.6198,0.8172,0.8904,0.6481,0.3802,0.1828,0.098,0.113
8,Widzew Łódź,Arka Gdynia,675,2,0,2,H,0,1,1,0,0,1.024,0.6107,1.6347,0.4475,0.3374,0.2151,H,1,0.804,0.2929,0.195,0.5138,0.7744,0.9163,0.805,0.4862,0.2256,0.0837,0.976,0.6107
9,Arka Gdynia,Korona Kielce,684,0,0,0,D,0,0,0,0,0,0.6503,0.8462,1.4965,0.26,0.3652,0.3748,A,0,1.0074,0.273,0.2239,0.559,0.8097,0.9348,0.7761,0.441,0.1903,0.0652,0.6503,0.8462
9,Bruk-Bet Termalica Nieciecza,Lech Poznań,684,0,2,2,A,0,1,1,0,0,1.4985,1.3479,2.8464,0.409,0.2496,0.3413,H,0,1.0749,0.5748,0.0581,0.2233,0.4585,0.6816,0.9419,0.7767,0.5415,0.3184,1.4985,0.6521
9,Zagłębie Lubin,Motor Lublin,684,2,2,4,D,1,1,1,1,1,1.6963,1.2339,2.9302,0.4823,0.2391,0.2785,H,0,1.4307,0.5789,0.0534,0.2098,0.439,0.6629,0.9466,0.7902,0.561,0.3371,0.3037,0.7661
9,Górnik Zabrze,Widzew Łódź,684,3,2,5,H,1,1,1,1,1,1.433,0.8214,2.2544,0.5148,0.2699,0.2153,H,1,0.664,0.4265,0.1049,0.3415,0.6082,0.8086,0.8951,0.6585,0.3918,0.1914,1.567,1.1786
9,Radomiak Radom,Piast Gliwice,684,1,0,1,H,0,1,0,0,0,1.1644,1.0655,2.2299,0.3805,0.2885,0.331,H,1,0.9663,0.4509,0.1075,0.3473,0.6147,0.8134,0.8925,0.6527,0.3853,0.1866,0.1644,1.0655
9,Pogoń Szczecin,Lechia Gdańsk,684,3,4,7,A,1,1,1,1,1,2.6243,1.1608,3.7851,0.6867,0.1663,0.147,H,0,1.9171,0.637,0.0227,0.1087,0.2714,0.4767,0.9773,0.8913,0.7286,0.5233,0.3757,2.8392
9,GKS Katowice,Cracovia,684,0,3,3,A,0,1,1,1,0,1.6564,1.5837,3.2401,0.3992,0.2325,0.3683,H,0,0.9988,0.6431,0.0392,0.1661,0.3716,0.5936,0.9608,0.8339,0.6284,0.4064,1.6564,1.4163
9,Raków Częstochowa,Legia Warszawa,684,1,1,2,D,1,1,1,0,0,1.4292,0.9786,2.4078,0.4744,0.2674,0.2581,H,0,1.319,0.4747,0.09,0.3068,0.5677,0.7771,0.91,0.6932,0.4323,0.2229,0.4292,0.0214
9,Wisła Płock,Jagiellonia Białystok,684,0,1,1,A,0,1,0,0,0,1.47,0.664,2.134,0.5666,0.2653,0.1681,H,0,1.7833,0.3737,0.1184,0.371,0.6405,0.8322,0.8816,0.629,0.3595,0.1678,1.47,0.336
10,Wisła Płock,GKS Katowice,693,1,1,2,D,1,1,1,0,0,1.5852,0.5368,2.122,0.6315,0.2456,0.1229,H,0,1.4042,0.3303,0.1198,0.374,0.6437,0.8345,0.8802,0.626,0.3563,0.1655,0.5852,0.4632
10,Legia Warszawa,Pogoń Szczecin,693,1,0,1,H,0,1,0,0,0,1.7822,1.2828,3.065,0.4916,0.2322,0.2762,H,1,0.71,0.6011,0.0467,0.1896,0.4088,0.6327,0.9533,0.8104,0.5912,0.3673,0.7822,1.2828
10,Motor Lublin,Radomiak Radom,693,2,2,4,D,1,1,1,1,1,1.8621,1.5039,3.366,0.4624,0.2241,0.3135,H,0,1.4956,0.6569,0.0345,0.1507,0.3463,0.5658,0.9655,0.8493,0.6537,0.4342,0.1379,0.4961
10,Zagłębie Lubin,Arka Gdynia,693,4,0,4,H,0,1,1,1,1,1.1059,0.5271,1.633,0.4979,0.3269,0.1752,H,1,0.6973,0.2741,0.1953,0.5143,0.7748,0.9166,0.8047,0.4857,0.2252,0.0834,2.8941,0.5271
10,Korona Kielce,Lechia Gdańsk,693,3,0,3,H,0,1,1,1,0,1.7742,1.1583,2.9325,0.518,0.2336,0.2484,H,1,0.6578,0.5696,0.0533,0.2095,0.4385,0.6624,0.9467,0.7905,0.5615,0.3376,1.2258,1.1583
10,Cracovia,Górnik Zabrze,693,1,1,2,D,1,1,1,0,0,1.4547,1.1534,2.6081,0.4403,0.2599,0.2998,H,0,1.3475,0.5247,0.0737,0.2658,0.5164,0.7342,0.9263,0.7342,0.4836,0.2658,0.4547,0.1534
10,Lech Poznań,Jagiellonia Białystok,693,2,2,4,D,1,1,1,1,1,1.839,1.3569,3.1959,0.4884,0.2275,0.2841,H,0,1.4806,0.6245,0.0409,0.1717,0.3808,0.6035,0.9591,0.8283,0.6192,0.3965,0.161,0.6431
10,Piast Gliwice,Bruk-Bet Termalica Nieciecza,693,4,2,6,H,1,1,1,1,1,1.0569,0.807,1.8639,0.408,0.3184,0.2737,H,1,0.8966,0.3613,0.1551,0.4441,0.7135,0.8808,0.8449,0.5559,0.2865,0.1192,2.9431,1.193
10,Widzew Łódź,Raków Częstochowa,693,0,1,1,A,0,1,0,0,0,1.0164,1.2475,2.2639,0.3007,0.2839,0.4154,A,1,0.8785,0.4548,0.1039,0.3393,0.6056,0.8066,0.8961,0.6607,0.3944,0.1934,1.0164,0.2475
11,Arka Gdynia,Cracovia,702,2,1,3,H,1,1,1,1,0,0.5825,1.3852,1.9677,0.1563,0.2775,0.5663,A,0,1.8561,0.331,0.1398,0.4148,0.6854,0.8629,0.8602,0.5852,0.3146,0.1371,1.4175,0.3852
11,Bruk-Bet Termalica Nieciecza,Widzew Łódź,702,2,4,6,A,1,1,1,1,1,1.6589,1.2155,2.8744,0.4775,0.2423,0.2803,H,0,1.272,0.5695,0.0565,0.2187,0.4519,0.6754,0.9435,0.7813,0.5481,0.3246,0.3411,2.7845
11,Lechia Gdańsk,Wisła Płock,702,1,1,2,D,1,1,1,0,0,0.8279,1.3551,2.183,0.2289,0.2794,0.4917,A,0,1.2753,0.4178,0.1127,0.3587,0.6273,0.8227,0.8873,0.6413,0.3727,0.1773,0.1721,0.3551
11,Górnik Zabrze,Legia Warszawa,702,3,1,4,H,1,1,1,1,1,1.255,1.0679,2.3229,0.4057,0.2804,0.3138,H,1,0.9021,0.4692,0.098,0.3256,0.59,0.7947,0.902,0.6744,0.41,0.2053,1.745,0.0679
11,Radomiak Radom,Zagłębie Lubin,702,3,1,4,H,1,1,1,1,1,1.7498,1.3644,3.1142,0.4662,0.2333,0.3005,H,1,0.7631,0.6151,0.0444,0.1827,0.3981,0.6217,0.9556,0.8173,0.6019,0.3783,1.2502,0.3644
11,Pogoń Szczecin,Piast Gliwice,702,2,1,3,H,1,1,1,1,0,1.3635,0.8863,2.2498,0.4793,0.2769,0.2438,H,1,0.7355,0.4375,0.1054,0.3426,0.6094,0.8095,0.8946,0.6574,0.3906,0.1905,0.6365,0.1137
11,GKS Katowice,Lech Poznań,702,0,1,1,A,0,1,0,0,0,1.3322,1.7659,3.0981,0.2903,0.2327,0.477,A,1,0.7403,0.6102,0.0451,0.185,0.4016,0.6253,0.9549,0.815,0.5984,0.3747,1.3322,0.7659
11,Raków Częstochowa,Motor Lublin,702,2,0,2,H,0,1,1,0,0,1.9435,0.819,2.7625,0.6379,0.2114,0.1506,H,1,0.4495,0.4791,0.0631,0.2375,0.4785,0.7003,0.9369,0.7625,0.5215,0.2997,0.0565,0.819
11,Jagiellonia Białystok,Korona Kielce,702,3,1,4,H,1,1,1,1,1,1.7865,0.9378,2.7243,0.5736,0.231,0.1954,H,1,0.5558,0.5066,0.0656,0.2443,0.4877,0.7087,0.9344,0.7557,0.5123,0.2913,1.2135,0.0622
12,Wisła Płock,Bruk-Bet Termalica Nieciecza,711,3,1,4,H,1,1,1,1,1,1.6113,0.6445,2.2558,0.608,0.2453,0.1467,H,1,0.4976,0.3802,0.1048,0.3412,0.6078,0.8083,0.8952,0.6588,0.3922,0.1917,1.3887,0.3555
12,Motor Lublin,GKS Katowice,711,2,5,7,A,1,1,1,1,1,1.7239,1.3757,3.0996,0.4577,0.2347,0.3075,H,0,1.1792,0.614,0.0451,0.1848,0.4013,0.6249,0.9549,0.8152,0.5987,0.3751,0.2761,3.6243
12,Zagłębie Lubin,Legia Warszawa,711,3,1,4,H,1,1,1,1,1,1.294,1.4765,2.7705,0.3319,0.2532,0.415,A,0,1.1029,0.56,0.0626,0.2362,0.4765,0.6985,0.9374,0.7638,0.5235,0.3015,1.706,0.4765
12,Korona Kielce,Górnik Zabrze,711,1,1,2,D,1,1,1,0,0,1.0327,1.0057,2.0384,0.3545,0.3049,0.3405,H,0,1.1876,0.4084,0.1302,0.3957,0.6663,0.8501,0.8698,0.6043,0.3337,0.1499,0.0327,0.0057
12,Cracovia,Raków Częstochowa,711,2,0,2,H,0,1,1,0,0,1.243,1.2476,2.4906,0.3636,0.2706,0.3658,A,0,1.0117,0.5072,0.0829,0.2892,0.5462,0.7596,0.9171,0.7108,0.4538,0.2404,0.757,1.2476
12,Lech Poznań,Pogoń Szczecin,711,2,2,4,D,1,1,1,1,1,1.905,1.2081,3.1131,0.5364,0.2231,0.2405,H,0,1.5001,0.5969,0.0445,0.1829,0.3984,0.6219,0.9555,0.8171,0.6016,0.3781,0.095,0.7919
12,Jagiellonia Białystok,Arka Gdynia,711,4,0,4,H,0,1,1,1,1,2.0431,0.513,2.5561,0.7356,0.1829,0.0815,H,1,0.3071,0.3493,0.0776,0.276,0.5295,0.7456,0.9224,0.724,0.4705,0.2544,1.9569,0.513
12,Piast Gliwice,Lechia Gdańsk,711,1,2,3,A,1,1,1,1,0,1.658,0.9371,2.5951,0.5432,0.2442,0.2125,H,0,1.5486,0.4924,0.0746,0.2683,0.5197,0.7371,0.9254,0.7317,0.4803,0.2629,0.658,1.0629
12,Widzew Łódź,Radomiak Radom,711,3,2,5,H,1,1,1,1,1,1.7546,1.2691,3.0237,0.4883,0.2343,0.2774,H,1,0.7169,0.5946,0.0486,0.1956,0.4179,0.6419,0.9514,0.8044,0.5821,0.3581,1.2454,0.7309
13,Arka Gdynia,Piast Gliwice,720,2,1,3,H,1,1,1,1,0,0.4996,0.9481,1.4477,0.1881,0.3604,0.4515,A,0,1.6709,0.2409,0.2351,0.5755,0.8219,0.9408,0.7649,0.4245,0.1781,0.0592,1.5004,0.0519
13,Bruk-Bet Termalica Nieciecza,Zagłębie Lubin,720,1,1,2,D,1,1,1,0,0,1.8565,1.5785,3.435,0.4458,0.223,0.3311,H,0,1.5004,0.6697,0.0322,0.1429,0.333,0.5507,0.9678,0.8571,0.667,0.4493,0.8565,0.5785
13,Legia Warszawa,Lech Poznań,720,0,0,0,D,0,0,0,0,0,1.502,1.3302,2.8322,0.4137,0.2501,0.3362,H,0,1.3859,0.5718,0.0589,0.2256,0.4618,0.6848,0.9411,0.7744,0.5382,0.3152,1.502,1.3302
13,Motor Lublin,Widzew Łódź,720,3,0,3,H,0,1,1,1,0,1.5316,1.4332,2.9648,0.3996,0.2443,0.3561,H,1,0.9174,0.5968,0.0516,0.2045,0.4311,0.6551,0.9484,0.7955,0.5689,0.3449,1.4684,1.4332
13,Górnik Zabrze,Jagiellonia Białystok,720,2,1,3,H,1,1,1,1,0,1.3939,1.2604,2.6543,0.4009,0.2601,0.339,H,1,0.914,0.5387,0.0704,0.2571,0.5049,0.7242,0.9296,0.7429,0.4951,0.2758,0.6061,0.2604
13,Radomiak Radom,Wisła Płock,720,1,1,2,D,1,1,1,0,0,0.87,1.2328,2.1028,0.2612,0.2927,0.4461,A,0,1.2287,0.4117,0.1221,0.3789,0.6489,0.8381,0.8779,0.6211,0.3511,0.1619,0.13,0.2328
13,Pogoń Szczecin,Cracovia,720,2,1,3,H,1,1,1,1,0,1.9098,1.3394,3.2492,0.5082,0.2228,0.269,H,1,0.6769,0.6287,0.0388,0.1649,0.3697,0.5916,0.9612,0.8351,0.6303,0.4084,0.0902,0.3394
13,GKS Katowice,Korona Kielce,720,1,0,1,H,0,1,0,0,0,1.4034,1.1381,2.5415,0.4303,0.2646,0.3051,H,1,0.8433,0.5126,0.0788,0.2789,0.5332,0.7487,0.9212,0.7211,0.4668,0.2513,0.4034,1.1381
13,Raków Częstochowa,Lechia Gdańsk,720,2,1,3,H,1,1,1,1,0,2.1478,0.8953,3.0431,0.6607,0.1941,0.1452,H,1,0.4145,0.5225,0.0477,0.1928,0.4136,0.6376,0.9523,0.8072,0.5864,0.3624,0.1478,0.1047
14,Wisła Płock,Pogoń Szczecin,729,2,0,2,H,0,1,1,0,0,1.2887,0.7628,2.0515,0.4897,0.2896,0.2208,H,1,0.714,0.3866,0.1285,0.3922,0.6627,0.8477,0.8715,0.6078,0.3373,0.1523,0.7113,0.7628
14,Bruk-Bet Termalica Nieciecza,GKS Katowice,729,0,3,3,A,0,1,1,1,0,1.8549,1.627,3.4819,0.4357,0.2221,0.3422,H,0,1.0723,0.6778,0.0307,0.1378,0.3242,0.5406,0.9693,0.8622,0.6758,0.4594,1.8549,1.373
14,Lechia Gdańsk,Radomiak Radom,729,1,2,3,A,1,1,1,1,0,2.0925,1.7179,3.8104,0.4689,0.2093,0.3218,H,0,1.1337,0.7193,0.0221,0.1065,0.2672,0.4714,0.9779,0.8935,0.7328,0.5286,1.0925,0.2821
14,Górnik Zabrze,Arka Gdynia,729,5,1,6,H,1,1,1,1,1,1.6415,0.4745,2.116,0.6628,0.2343,0.1029,H,1,0.4113,0.3047,0.1205,0.3755,0.6453,0.8356,0.8795,0.6245,0.3547,0.1644,3.3585,0.5255
14,Cracovia,Zagłębie Lubin,729,0,0,0,D,0,0,0,0,0,1.9474,1.1343,3.0817,0.5628,0.219,0.2182,H,0,1.5186,0.5816,0.0459,0.1873,0.4052,0.629,0.9541,0.8127,0.5948,0.371,1.9474,1.1343
14,Lech Poznań,Motor Lublin,729,2,2,4,D,1,1,1,1,1,2.4217,0.9687,3.3904,0.6939,0.1732,0.1329,H,0,1.7535,0.5654,0.0337,0.148,0.3417,0.5606,0.9663,0.852,0.6583,0.4394,0.4217,1.0313
14,Jagiellonia Białystok,Raków Częstochowa,729,1,2,3,A,1,1,1,1,0,1.4882,1.1044,2.5926,0.4602,0.2586,0.2812,H,0,1.2686,0.5176,0.0748,0.2688,0.5203,0.7376,0.9252,0.7312,0.4797,0.2624,0.4882,0.8956
14,Piast Gliwice,Korona Kielce,729,0,0,0,D,0,0,0,0,0,1.0259,0.7416,1.7675,0.4141,0.3276,0.2583,H,0,1.116,0.3359,0.1708,0.4726,0.7393,0.8965,0.8292,0.5274,0.2607,0.1035,1.0259,0.7416
14,Widzew Łódź,Legia Warszawa,729,1,1,2,D,1,1,1,0,0,1.2838,1.3576,2.6414,0.3522,0.2613,0.3865,A,0,1.3421,0.537,0.0713,0.2595,0.5081,0.727,0.9287,0.7405,0.4919,0.273,0.2838,0.3576
15,Arka Gdynia,Lech Poznań,738,3,1,4,H,1,1,1,1,1,0.7287,1.8059,2.5346,0.1455,0.2234,0.6311,A,0,1.9275,0.4324,0.0793,0.2803,0.535,0.7502,0.9207,0.7197,0.465,0.2498,2.2713,0.8059
15,Legia Warszawa,Bruk-Bet Termalica Nieciecza,738,1,2,3,A,1,1,1,1,0,2.4533,0.983,3.4363,0.6962,0.1713,0.1326,H,0,2.0208,0.572,0.0322,0.1428,0.3329,0.5506,0.9678,0.8572,0.6671,0.4494,1.4533,1.017
15,Lechia Gdańsk,Widzew Łódź,738,2,1,3,H,1,1,1,1,0,1.7437,1.5013,3.245,0.436,0.2307,0.3333,H,1,0.8301,0.6413,0.039,0.1654,0.3706,0.5925,0.961,0.8346,0.6294,0.4075,0.2563,0.5013
15,Motor Lublin,Wisła Płock,738,1,1,2,D,1,1,1,0,0,0.7794,1.2871,2.0665,0.2258,0.2893,0.4849,A,0,1.2403,0.3919,0.1266,0.3883,0.6587,0.8449,0.8734,0.6117,0.3413,0.1551,0.2206,0.2871
15,Zagłębie Lubin,Górnik Zabrze,738,2,0,2,H,0,1,1,0,0,1.1655,1.2571,2.4226,0.3405,0.2747,0.3847,A,0,1.0773,0.4924,0.0887,0.3036,0.5638,0.774,0.9113,0.6964,0.4362,0.226,0.8345,1.2571
15,Radomiak Radom,Cracovia,738,3,0,3,H,0,1,1,1,0,1.6614,1.6033,3.2647,0.3965,0.2316,0.3719,H,1,0.925,0.6471,0.0382,0.163,0.3666,0.5882,0.9618,0.837,0.6334,0.4118,1.3386,1.6033
15,Pogoń Szczecin,Jagiellonia Białystok,738,1,2,3,A,1,1,1,1,0,1.7976,1.5689,3.3665,0.4345,0.2262,0.3393,H,0,1.081,0.6605,0.0345,0.1507,0.3463,0.5657,0.9655,0.8493,0.6537,0.4343,0.7976,0.4311
15,Korona Kielce,Raków Częstochowa,738,1,4,5,A,1,1,1,1,1,0.8782,1.0274,1.9056,0.302,0.3164,0.3816,A,1,0.9634,0.3753,0.1487,0.4321,0.7022,0.8737,0.8513,0.5679,0.2978,0.1263,0.1218,2.9726
15,GKS Katowice,Piast Gliwice,738,1,3,4,A,1,1,1,1,1,1.2402,0.9541,2.1943,0.4279,0.2878,0.2843,H,0,1.2578,0.4369,0.1114,0.356,0.6242,0.8205,0.8886,0.644,0.3758,0.1795,0.2402,2.0459
16,Bruk-Bet Termalica Nieciecza,Arka Gdynia,747,2,0,2,H,0,1,1,0,0,1.8894,1.0577,2.9471,0.5679,0.223,0.2091,H,1,0.5658,0.5541,0.0525,0.2072,0.4352,0.6591,0.9475,0.7928,0.5648,0.3409,0.1106,1.0577
16,Legia Warszawa,Lechia Gdańsk,747,2,2,4,D,1,1,1,1,1,2.3057,1.1255,3.4312,0.6378,0.1893,0.1729,H,0,1.6643,0.6082,0.0324,0.1434,0.3338,0.5516,0.9676,0.8566,0.6662,0.4484,0.3057,0.8745
16,Górnik Zabrze,Wisła Płock,747,1,1,2,D,1,1,1,0,0,0.7798,0.8191,1.5989,0.3121,0.3534,0.3346,D,1,1.0403,0.3028,0.2021,0.5253,0.7836,0.9213,0.7979,0.4747,0.2164,0.0787,0.2202,0.1809
16,Pogoń Szczecin,Zagłębie Lubin,747,5,1,6,H,1,1,1,1,1,1.9195,1.102,3.0215,0.5641,0.221,0.2149,H,1,0.5725,0.5698,0.0487,0.196,0.4184,0.6425,0.9513,0.804,0.5816,0.3575,3.0805,0.102
16,Cracovia,Motor Lublin,747,1,2,3,A,1,1,1,1,0,2.1417,1.202,3.3437,0.5884,0.2044,0.2072,H,0,1.5741,0.6173,0.0353,0.1534,0.3508,0.5707,0.9647,0.8466,0.6492,0.4293,1.1417,0.798
16,Lech Poznań,Radomiak Radom,747,4,1,5,H,1,1,1,1,1,2.2473,1.1247,3.372,0.6268,0.194,0.1792,H,1,0.4671,0.6039,0.0343,0.1501,0.3452,0.5646,0.9657,0.8499,0.6548,0.4354,1.7527,0.1247
16,Raków Częstochowa,Piast Gliwice,747,1,3,4,A,1,1,1,1,1,1.2464,0.6273,1.8737,0.5137,0.2992,0.1871,H,0,1.6762,0.332,0.1536,0.4413,0.7108,0.8792,0.8464,0.5587,0.2892,0.1208,0.2464,2.3727
16,Jagiellonia Białystok,GKS Katowice,747,2,1,3,H,1,1,1,1,0,2.3981,1.1529,3.551,0.6489,0.183,0.168,H,1,0.4324,0.6221,0.0287,0.1306,0.3116,0.5258,0.9713,0.8694,0.6884,0.4742,0.3981,0.1529
16,Widzew Łódź,Korona Kielce,747,1,3,4,A,1,1,1,1,1,1.2838,0.9952,2.279,0.4306,0.2814,0.288,H,0,1.2448,0.4557,0.1024,0.3357,0.6016,0.8036,0.8976,0.6643,0.3984,0.1964,0.2838,2.0048
17,Arka Gdynia,Raków Częstochowa,756,1,4,5,A,1,1,1,1,1,0.6937,1.5016,2.1953,0.172,0.2612,0.5668,A,1,0.5677,0.3888,0.1113,0.3557,0.624,0.8203,0.8887,0.6443,0.376,0.1797,0.3063,2.4984
17,Wisła Płock,Lech Poznań,756,0,0,0,D,0,0,0,0,0,1.1908,0.7452,1.936,0.4653,0.3037,0.2311,H,0,1.1918,0.3657,0.1443,0.4236,0.694,0.8685,0.8557,0.5764,0.306,0.1315,1.1908,0.7452
17,Lechia Gdańsk,Bruk-Bet Termalica Nieciecza,756,5,1,6,H,1,1,1,1,1,2.2166,1.5959,3.8125,0.5191,0.2035,0.2774,H,1,0.6557,0.7104,0.0221,0.1063,0.2669,0.471,0.9779,0.8937,0.7331,0.529,2.7834,0.5959
17,Motor Lublin,Legia Warszawa,756,1,1,2,D,1,1,1,0,0,1.4301,1.5443,2.9744,0.3529,0.2438,0.4033,A,0,1.4116,0.5983,0.0511,0.203,0.429,0.653,0.9489,0.797,0.571,0.347,0.4301,0.5443
17,Zagłębie Lubin,Jagiellonia Białystok,756,0,0,0,D,0,0,0,0,0,1.3765,1.6947,3.0712,0.3128,0.2366,0.4507,A,0,1.4415,0.6103,0.0464,0.1888,0.4074,0.6313,0.9536,0.8112,0.5926,0.3687,1.3765,1.6947
17,Radomiak Radom,Górnik Zabrze,756,4,0,4,H,0,1,1,1,1,1.3569,1.4182,2.7751,0.3591,0.254,0.387,A,0,1.0243,0.5627,0.0623,0.2353,0.4754,0.6975,0.9377,0.7647,0.5246,0.3025,2.6431,1.4182
17,Korona Kielce,Cracovia,756,0,1,1,A,0,1,0,0,0,1.3254,1.1435,2.4689,0.4082,0.2707,0.3212,H,0,1.1358,0.5003,0.0847,0.2937,0.5518,0.7642,0.9153,0.7063,0.4482,0.2358,1.3254,0.1435
17,GKS Katowice,Pogoń Szczecin,756,2,0,2,H,0,1,1,0,0,1.5896,1.6354,3.225,0.3737,0.2332,0.3931,A,0,0.9844,0.6409,0.0398,0.168,0.3747,0.597,0.9602,0.832,0.6253,0.403,0.4104,1.6354
17,Piast Gliwice,Widzew Łódź,756,0,2,2,A,0,1,1,0,0,1.3162,0.8101,2.1263,0.4853,0.2847,0.23,H,0,1.4695,0.4063,0.1193,0.3729,0.6425,0.8336,0.8807,0.6271,0.3575,0.1664,1.3162,1.1899
18,Arka Gdynia,Motor Lublin,765,1,0,1,H,0,1,0,0,0,1.1805,1.5741,2.7546,0.2859,0.2496,0.4645,A,0,1.2522,0.5493,0.0636,0.2389,0.4803,0.702,0.9364,0.7611,0.5197,0.298,0.1805,1.5741
18,Bruk-Bet Termalica Nieciecza,Jagiellonia Białystok,765,2,1,3,H,1,1,1,1,0,1.3911,2.2201,3.6112,0.2354,0.2019,0.5627,A,0,1.4465,0.6696,0.027,0.1246,0.3008,0.5129,0.973,0.8754,0.6992,0.4871,0.6089,1.2201
18,Lechia Gdańsk,Górnik Zabrze,765,5,2,7,H,1,1,1,1,1,1.4937,1.5629,3.0566,0.3648,0.2403,0.395,A,0,1.0085,0.613,0.047,0.1909,0.4106,0.6346,0.953,0.8091,0.5894,0.3654,3.5063,0.4371
18,Pogoń Szczecin,Radomiak Radom,765,2,2,4,D,1,1,1,1,1,2.2453,1.3043,3.5496,0.5866,0.1987,0.2147,H,0,1.6159,0.6515,0.0287,0.1307,0.3118,0.526,0.9713,0.8693,0.6882,0.474,0.2453,0.6957
18,Korona Kielce,Wisła Płock,765,1,1,2,D,1,1,1,0,0,0.6106,0.8546,1.4652,0.2439,0.3683,0.3878,A,0,0.999,0.2626,0.231,0.5695,0.8175,0.9386,0.769,0.4305,0.1825,0.0614,0.3894,0.1454
18,Cracovia,Lech Poznań,765,2,2,4,D,1,1,1,1,1,1.4593,1.447,2.9063,0.379,0.2474,0.3735,H,0,1.3966,0.587,0.0547,0.2136,0.4445,0.6682,0.9453,0.7864,0.5555,0.3318,0.5407,0.553
18,Raków Częstochowa,GKS Katowice,765,1,0,1,H,0,1,0,0,0,1.8584,0.8986,2.757,0.5996,0.2229,0.1775,H,1,0.5115,0.5004,0.0635,0.2385,0.4798,0.7015,0.9365,0.7615,0.5202,0.2985,0.8584,0.8986
18,Piast Gliwice,Legia Warszawa,765,2,0,2,H,0,1,1,0,0,1.0835,0.9665,2.05,0.3787,0.3032,0.3181,H,1,0.971,0.4099,0.1287,0.3926,0.6631,0.848,0.8713,0.6074,0.3369,0.152,0.9165,0.9665
18,Zagłębie Lubin,Widzew Łódź,765,2,1,3,H,1,1,1,1,0,1.5183,1.1407,2.659,0.4596,0.2551,0.2854,H,1,0.7775,0.5313,0.07,0.2562,0.5037,0.7231,0.93,0.7438,0.4963,0.2769,0.4817,0.1407
19,Wisła Płock,Raków Częstochowa,774,2,1,3,H,1,1,1,1,0,0.9341,0.6166,1.5507,0.4149,0.353,0.2321,H,1,0.8797,0.2794,0.2121,0.541,0.796,0.9278,0.7879,0.459,0.204,0.0722,1.0659,0.3834
19,Bruk-Bet Termalica Nieciecza,Cracovia,774,0,1,1,A,0,1,0,0,0,1.5782,1.7581,3.3363,0.3484,0.2279,0.4237,A,1,0.8587,0.6569,0.0356,0.1542,0.3522,0.5723,0.9644,0.8458,0.6478,0.4277,1.5782,0.7581
19,Legia Warszawa,Korona Kielce,774,1,2,3,A,1,1,1,1,0,1.4768,0.87,2.3468,0.514,0.2642,0.2217,H,0,1.5062,0.4484,0.0957,0.3202,0.5837,0.7898,0.9043,0.6798,0.4163,0.2102,0.4768,1.13
19,Motor Lublin,Pogoń Szczecin,774,2,1,3,H,1,1,1,1,0,1.5506,1.6952,3.2458,0.3534,0.2318,0.4148,A,0,1.0401,0.6432,0.0389,0.1653,0.3704,0.5924,0.9611,0.8347,0.6296,0.4076,0.4494,0.6952
19,Zagłębie Lubin,GKS Katowice,774,0,2,2,A,0,1,1,0,0,1.5775,1.2478,2.8253,0.4503,0.2477,0.302,H,0,1.1972,0.5657,0.0593,0.2268,0.4634,0.6863,0.9407,0.7732,0.5366,0.3137,1.5775,0.7522
19,Górnik Zabrze,Piast Gliwice,774,2,1,3,H,1,1,1,1,0,1.1766,0.814,1.9906,0.4434,0.3023,0.2543,H,1,0.8133,0.3852,0.1366,0.4086,0.6792,0.8588,0.8634,0.5914,0.3208,0.1412,0.8234,0.186
19,Radomiak Radom,Arka Gdynia,774,3,1,4,H,1,1,1,1,1,2.2173,0.8554,3.0727,0.6833,0.1857,0.131,H,1,0.3808,0.5123,0.0463,0.1886,0.4071,0.631,0.9537,0.8114,0.5929,0.369,0.7827,0.1446
19,Lech Poznań,Lechia Gdańsk,774,1,3,4,A,1,1,1,1,1,2.6356,1.2162,3.8518,0.6769,0.1678,0.1552,H,0,1.8629,0.6532,0.0212,0.1031,0.2607,0.4631,0.9788,0.8969,0.7393,0.5369,1.6356,1.7838
19,Widzew Łódź,Jagiellonia Białystok,774,1,3,4,A,1,1,1,1,1,1.3402,1.6115,2.9517,0.3187,0.2428,0.4385,A,1,0.8244,0.5909,0.0523,0.2065,0.4341,0.6581,0.9477,0.7935,0.5659,0.3419,0.3402,1.3885
20,Arka Gdynia,Legia Warszawa,783,2,2,4,D,1,1,1,1,1,0.8962,1.585,2.4812,0.2127,0.2519,0.5353,A,0,1.3786,0.4706,0.0836,0.2912,0.5486,0.7616,0.9164,0.7088,0.4514,0.2384,1.1038,0.415
20,Lechia Gdańsk,Cracovia,783,1,1,2,D,1,1,1,0,0,1.8952,1.6926,3.5878,0.4317,0.2187,0.3496,H,0,1.52,0.6933,0.0277,0.1269,0.3049,0.5178,0.9723,0.8731,0.6951,0.4822,0.8952,0.6926
20,Górnik Zabrze,Lech Poznań,783,0,1,1,A,0,1,0,0,0,1.3912,1.2673,2.6585,0.3988,0.2599,0.3413,H,0,1.075,0.5397,0.0701,0.2563,0.5038,0.7232,0.9299,0.7437,0.4962,0.2768,1.3912,0.2673
20,Pogoń Szczecin,Bruk-Bet Termalica Nieciecza,783,1,1,2,D,1,1,1,0,0,2.5166,1.1051,3.6217,0.6804,0.1719,0.1477,H,0,1.7607,0.6148,0.0267,0.1236,0.299,0.5108,0.9733,0.8764,0.701,0.4892,1.5166,0.1051
20,Korona Kielce,Zagłębie Lubin,783,1,2,3,A,1,1,1,1,0,1.3736,0.9467,2.3203,0.4672,0.274,0.2588,H,0,1.3517,0.457,0.0982,0.3262,0.5906,0.7952,0.9018,0.6738,0.4094,0.2048,0.3736,1.0533
20,GKS Katowice,Widzew Łódź,783,1,0,1,H,0,1,0,0,0,1.7339,1.1402,2.8741,0.5127,0.237,0.2503,H,1,0.6681,0.5601,0.0565,0.2188,0.452,0.6754,0.9435,0.7812,0.548,0.3246,0.7339,1.1402
20,Raków Częstochowa,Radomiak Radom,783,0,0,0,D,0,0,0,0,0,1.9916,0.9787,2.9703,0.609,0.2119,0.1791,H,0,1.5515,0.539,0.0513,0.2036,0.4299,0.6539,0.9487,0.7964,0.5701,0.3461,1.9916,0.9787
20,Jagiellonia Białystok,Motor Lublin,783,4,1,5,H,1,1,1,1,1,2.4559,1.0749,3.5308,0.6764,0.1753,0.1482,H,1,0.391,0.6022,0.0293,0.1327,0.3153,0.5301,0.9707,0.8673,0.6847,0.4699,1.5441,0.0749
20,Piast Gliwice,Wisła Płock,783,1,0,1,H,0,1,0,0,0,0.6243,0.7801,1.4044,0.263,0.3805,0.3565,D,0,1.3354,0.2515,0.2455,0.5903,0.8324,0.9458,0.7545,0.4097,0.1676,0.0542,0.3757,0.7801
21,Wisła Płock,Widzew Łódź,792,0,2,2,A,0,1,1,0,0,1.399,0.5565,1.9555,0.5775,0.275,0.1475,H,0,1.9142,0.3214,0.1415,0.4182,0.6887,0.8651,0.8585,0.5818,0.3113,0.1349,1.399,1.4435
21,Bruk-Bet Termalica Nieciecza,Górnik Zabrze,792,1,1,2,D,1,1,1,0,0,1.2896,1.4989,2.7885,0.3266,0.2518,0.4215,A,0,1.379,0.5628,0.0615,0.233,0.4722,0.6945,0.9385,0.767,0.5278,0.3055,0.2896,0.4989
21,Motor Lublin,Lechia Gdańsk,792,2,3,5,A,1,1,1,1,1,2.0632,1.7361,3.7993,0.4592,0.2104,0.3304,H,0,1.1074,0.7191,0.0224,0.1074,0.269,0.4737,0.9776,0.8926,0.731,0.5263,0.0632,1.2639
21,Zagłębie Lubin,Raków Częstochowa,792,0,0,0,D,0,0,0,0,0,1.0462,1.3005,2.3467,0.2992,0.2775,0.4234,A,0,1.2821,0.472,0.0957,0.3202,0.5837,0.7898,0.9043,0.6798,0.4163,0.2102,1.0462,1.3005
21,Radomiak Radom,Korona Kielce,792,0,2,2,A,0,1,1,0,0,1.5775,1.1372,2.7147,0.4753,0.2502,0.2745,H,0,1.2929,0.539,0.0662,0.246,0.49,0.7108,0.9338,0.754,0.51,0.2892,1.5775,0.8628
21,Pogoń Szczecin,Arka Gdynia,792,1,0,1,H,0,1,0,0,0,2.4111,0.7888,3.1999,0.7326,0.164,0.1034,H,1,0.3111,0.4967,0.0408,0.1713,0.38,0.6027,0.9592,0.8287,0.62,0.3973,1.4111,0.7888
21,Cracovia,Jagiellonia Białystok,792,0,0,0,D,0,0,0,0,0,1.5487,1.5484,3.0971,0.3808,0.2386,0.3806,H,0,1.4328,0.6201,0.0452,0.1851,0.4018,0.6255,0.9548,0.8149,0.5982,0.3745,1.5487,1.5484
21,GKS Katowice,Legia Warszawa,792,1,1,2,D,1,1,1,0,0,1.4946,1.2906,2.7852,0.4202,0.2521,0.3277,H,0,1.378,0.5623,0.0617,0.2336,0.473,0.6952,0.9383,0.7664,0.527,0.3048,0.4946,0.2906
21,Lech Poznań,Piast Gliwice,792,3,0,3,H,0,1,1,1,0,1.44,0.8163,2.2563,0.518,0.2691,0.2129,H,1,0.6578,0.4257,0.1047,0.3411,0.6077,0.8082,0.8953,0.6589,0.3923,0.1918,1.56,0.8163
22,Arka Gdynia,GKS Katowice,801,2,1,3,H,1,1,1,1,0,1.0304,1.5165,2.5469,0.2574,0.2577,0.4849,A,0,1.3571,0.502,0.0783,0.2778,0.5318,0.7475,0.9217,0.7222,0.4682,0.2525,0.9696,0.5165
22,Legia Warszawa,Wisła Płock,801,2,1,3,H,1,1,1,1,0,0.9476,0.8747,1.8223,0.3568,0.3261,0.3171,H,1,1.0306,0.357,0.1616,0.4562,0.7246,0.8877,0.8384,0.5438,0.2754,0.1123,1.0524,0.1253
22,Lechia Gdańsk,Zagłębie Lubin,801,0,2,2,A,0,1,1,0,0,2.0035,1.4334,3.4369,0.5084,0.2163,0.2753,H,0,1.2898,0.6588,0.0322,0.1427,0.3327,0.5503,0.9678,0.8573,0.6673,0.4497,2.0035,0.5666
22,Górnik Zabrze,Pogoń Szczecin,801,0,1,1,A,0,1,0,0,0,1.5289,1.2171,2.746,0.445,0.2521,0.3029,H,0,1.1943,0.5513,0.0642,0.2404,0.4824,0.7039,0.9358,0.7596,0.5176,0.2961,1.5289,0.2171
22,Korona Kielce,Lech Poznań,801,1,2,3,A,1,1,1,1,0,1.1427,1.2875,2.4302,0.3283,0.2737,0.398,A,1,0.9212,0.4931,0.088,0.3019,0.5618,0.7724,0.912,0.6981,0.4382,0.2276,0.1427,0.7125
22,Raków Częstochowa,Bruk-Bet Termalica Nieciecza,801,1,0,1,H,0,1,0,0,0,2.081,0.7785,2.8595,0.6759,0.1952,0.1289,H,1,0.3917,0.4734,0.0573,0.2212,0.4554,0.6787,0.9427,0.7788,0.5446,0.3213,1.081,0.7785
22,Jagiellonia Białystok,Radomiak Radom,801,1,1,2,D,1,1,1,0,0,2.4351,1.1808,3.6159,0.6496,0.1812,0.1692,H,0,1.7082,0.6323,0.0269,0.1242,0.3,0.5119,0.9731,0.8758,0.7,0.4881,1.4351,0.1808
22,Piast Gliwice,Motor Lublin,801,1,2,3,A,1,1,1,1,0,1.5209,0.9193,2.4402,0.5132,0.2588,0.228,H,0,1.4783,0.4698,0.0871,0.2998,0.5592,0.7703,0.9129,0.7002,0.4408,0.2297,0.5209,1.0807
22,Widzew Łódź,Cracovia,801,0,0,0,D,0,0,0,0,0,1.3901,1.3106,2.7007,0.3894,0.2579,0.3527,H,0,1.3552,0.5485,0.0672,0.2485,0.4934,0.7139,0.9328,0.7515,0.5066,0.2861,1.3901,1.3106
23,Arka Gdynia,Lechia Gdańsk,810,2,2,4,D,1,1,1,1,1,1.3996,1.7893,3.1889,0.302,0.2302,0.4678,A,0,1.469,0.6274,0.0412,0.1727,0.3822,0.605,0.9588,0.8273,0.6178,0.395,0.6004,0.2107
23,Bruk-Bet Termalica Nieciecza,Radomiak Radom,810,1,1,2,D,1,1,1,0,0,1.6272,1.6421,3.2693,0.3811,0.2315,0.3874,A,0,1.4634,0.648,0.038,0.1624,0.3656,0.5871,0.962,0.8376,0.6344,0.4129,0.6272,0.6421
23,Motor Lublin,Korona Kielce,810,2,0,2,H,0,1,1,0,0,1.417,1.2349,2.6519,0.4124,0.2596,0.3279,H,1,0.8857,0.5372,0.0705,0.2575,0.5055,0.7247,0.9295,0.7425,0.4945,0.2753,0.583,1.2349
23,Zagłębie Lubin,Wisła Płock,810,2,0,2,H,0,1,1,0,0,0.877,0.9664,1.8434,0.314,0.3237,0.3623,A,0,1.1584,0.3618,0.1583,0.4501,0.719,0.8842,0.8417,0.5499,0.281,0.1158,1.123,0.9664
23,Pogoń Szczecin,Widzew Łódź,810,1,0,1,H,0,1,0,0,0,1.8887,1.0569,2.9456,0.5679,0.2231,0.209,H,1,0.5657,0.5538,0.0526,0.2074,0.4355,0.6594,0.9474,0.7926,0.5645,0.3406,0.8887,1.0569
23,Cracovia,Piast Gliwice,810,2,3,5,A,1,1,1,1,1,1.2892,0.8753,2.1645,0.4611,0.2858,0.253,H,0,1.3742,0.4226,0.1148,0.3633,0.6322,0.8263,0.8852,0.6367,0.3678,0.1737,0.7108,2.1247
23,GKS Katowice,Górnik Zabrze,810,3,1,4,H,1,1,1,1,1,1.394,1.2025,2.5965,0.4135,0.2627,0.3238,H,1,0.8831,0.526,0.0745,0.2681,0.5193,0.7368,0.9255,0.7319,0.4807,0.2632,1.606,0.2025
23,Lech Poznań,Raków Częstochowa,810,4,3,7,H,1,1,1,1,1,1.3663,1.0546,2.4209,0.4395,0.2711,0.2895,H,1,0.8222,0.4855,0.0888,0.3039,0.5643,0.7743,0.9112,0.6961,0.4357,0.2257,2.6337,1.9454
23,Jagiellonia Białystok,Legia Warszawa,810,2,2,4,D,1,1,1,1,1,1.9144,1.1472,3.0616,0.5525,0.2219,0.2256,H,0,1.5054,0.5818,0.0468,0.1901,0.4096,0.6335,0.9532,0.8099,0.5904,0.3665,0.0856,0.8528
24,Wisła Płock,Arka Gdynia,819,0,3,3,A,0,1,1,1,0,1.5113,0.5247,2.036,0.6165,0.2565,0.1271,H,0,2.0631,0.3182,0.1305,0.3963,0.6669,0.8506,0.8695,0.6037,0.3331,0.1494,1.5113,2.4753
24,Legia Warszawa,Cracovia,819,1,0,1,H,0,1,0,0,0,1.6327,1.156,2.7887,0.4846,0.2453,0.2701,H,1,0.7244,0.5514,0.0615,0.233,0.4722,0.6945,0.9385,0.767,0.5278,0.3055,0.6327,1.156
24,Lechia Gdańsk,Jagiellonia Białystok,819,3,0,3,H,0,1,1,1,0,1.727,2.086,3.813,0.3248,0.2095,0.4657,A,0,1.1245,0.7201,0.0221,0.1063,0.2668,0.4709,0.9779,0.8937,0.7332,0.5291,1.273,2.086
24,Motor Lublin,Górnik Zabrze,819,0,0,0,D,0,0,0,0,0,1.4362,1.3764,2.8126,0.3875,0.252,0.3605,H,0,1.3782,0.5697,0.06,0.2289,0.4664,0.6891,0.94,0.7711,0.5336,0.3109,1.4362,1.3764
24,Radomiak Radom,GKS Katowice,819,0,1,1,A,0,1,0,0,0,1.7898,1.4039,3.1937,0.467,0.2301,0.3029,H,0,1.1943,0.6284,0.041,0.172,0.3812,0.6039,0.959,0.828,0.6188,0.3961,1.7898,0.4039
24,Korona Kielce,Bruk-Bet Termalica Nieciecza,819,2,1,3,H,1,1,1,1,0,1.5921,0.9288,2.5209,0.529,0.2511,0.2199,H,1,0.6368,0.4819,0.0804,0.283,0.5384,0.7531,0.9196,0.717,0.4616,0.2469,0.4079,0.0712
24,Raków Częstochowa,Pogoń Szczecin,819,2,0,2,H,0,1,1,0,0,1.5796,1.003,2.5826,0.5076,0.252,0.2404,H,1,0.6781,0.5027,0.0756,0.2708,0.5228,0.7398,0.9244,0.7292,0.4772,0.2602,0.4204,1.003
24,Piast Gliwice,Zagłębie Lubin,819,1,3,4,A,1,1,1,1,1,1.2588,0.8812,2.14,0.4509,0.2891,0.2599,H,0,1.3473,0.4194,0.1176,0.3694,0.6388,0.831,0.8824,0.6306,0.3612,0.169,0.2588,2.1188
24,Widzew Łódź,Lech Poznań,819,2,1,3,H,1,1,1,1,0,1.2449,1.5405,2.7854,0.3078,0.2504,0.4417,A,0,1.1782,0.5595,0.0617,0.2336,0.4729,0.6952,0.9383,0.7664,0.5271,0.3048,0.7551,0.5405
25,Arka Gdynia,Widzew Łódź,828,0,0,0,D,0,0,0,0,0,1.219,1.299,2.518,0.3467,0.2687,0.3847,A,0,1.3143,0.5123,0.0806,0.2836,0.5392,0.7537,0.9194,0.7164,0.4608,0.2463,1.219,1.299
25,Bruk-Bet Termalica Nieciecza,Motor Lublin,828,1,2,3,A,1,1,1,1,0,1.6369,1.4788,3.1157,0.4156,0.2371,0.3473,H,0,1.0575,0.6219,0.0443,0.1825,0.3978,0.6213,0.9557,0.8175,0.6022,0.3787,0.6369,0.5212
25,Zagłębie Lubin,Lech Poznań,828,0,1,1,A,0,1,0,0,0,1.3478,1.5037,2.8515,0.3403,0.2493,0.4104,A,1,0.8907,0.5756,0.0578,0.2225,0.4573,0.6805,0.9422,0.7775,0.5427,0.3195,1.3478,0.5037
25,Górnik Zabrze,Raków Częstochowa,828,3,1,4,H,1,1,1,1,1,1.0715,1.0971,2.1686,0.3466,0.2938,0.3596,A,0,1.0595,0.438,0.1143,0.3623,0.6311,0.8255,0.8857,0.6377,0.3689,0.1745,1.9285,0.0971
25,Radomiak Radom,Legia Warszawa,828,1,1,2,D,1,1,1,0,0,1.5441,1.4429,2.987,0.4006,0.2433,0.3561,H,0,1.4136,0.6007,0.0504,0.2011,0.4261,0.6501,0.9496,0.7989,0.5739,0.3499,0.5441,0.4429
25,Pogoń Szczecin,Korona Kielce,828,2,1,3,H,1,1,1,1,0,1.614,0.9547,2.5687,0.528,0.2488,0.2232,H,1,0.6386,0.4926,0.0766,0.2735,0.5263,0.7428,0.9234,0.7265,0.4737,0.2572,0.386,0.0453
25,Cracovia,Wisła Płock,828,1,2,3,A,1,1,1,1,0,1.1626,0.8292,1.9918,0.4353,0.3033,0.2614,H,0,1.3419,0.3874,0.1365,0.4082,0.6789,0.8586,0.8635,0.5918,0.3211,0.1414,0.1626,1.1708
25,GKS Katowice,Lechia Gdańsk,828,2,0,2,H,0,1,1,0,0,2.1191,1.4837,3.6028,0.5223,0.2091,0.2687,H,1,0.6496,0.6803,0.0272,0.1254,0.3023,0.5146,0.9728,0.8746,0.6977,0.4854,0.1191,1.4837
25,Jagiellonia Białystok,Piast Gliwice,828,1,2,3,A,1,1,1,1,0,1.6767,0.8818,2.5585,0.5616,0.2418,0.1965,H,0,1.6269,0.4764,0.0774,0.2755,0.5289,0.745,0.9226,0.7245,0.4711,0.255,0.6767,1.1182
26,Jagiellonia Białystok,Wisła Płock,837,1,2,3,A,1,1,1,1,0,1.443,0.8543,2.2973,0.5091,0.2683,0.2226,H,0,1.5022,0.4387,0.1005,0.3315,0.5967,0.7999,0.8995,0.6685,0.4033,0.2001,0.443,1.1457
26,Legia Warszawa,Raków Częstochowa,837,1,1,2,D,1,1,1,0,0,1.2456,1.1388,2.3844,0.3874,0.2772,0.3355,H,0,1.2831,0.4842,0.0921,0.3118,0.5738,0.782,0.9079,0.6882,0.4262,0.218,0.2456,0.1388
26,Lechia Gdańsk,Pogoń Szczecin,837,2,1,3,H,1,1,1,1,0,1.8422,1.7879,3.6301,0.4018,0.2183,0.3799,H,1,0.9118,0.7007,0.0265,0.1228,0.2975,0.5089,0.9735,0.8772,0.7025,0.4911,0.1578,0.7879
26,Motor Lublin,Zagłębie Lubin,837,1,0,1,H,0,1,0,0,0,1.5734,1.3183,2.8917,0.4339,0.2459,0.3202,H,1,0.8349,0.5805,0.0555,0.2159,0.4479,0.6715,0.9445,0.7841,0.5521,0.3285,0.5734,1.3183
26,Korona Kielce,Arka Gdynia,837,3,0,3,H,0,1,1,1,0,1.5369,0.7827,2.3196,0.5523,0.2573,0.1905,H,1,0.5937,0.4261,0.0983,0.3263,0.5908,0.7953,0.9017,0.6737,0.4092,0.2047,1.4631,0.7827
26,Cracovia,GKS Katowice,837,1,0,1,H,0,1,0,0,0,1.6173,1.1933,2.8106,0.4724,0.2459,0.2817,H,1,0.75,0.5585,0.0602,0.2293,0.4669,0.6896,0.9398,0.7707,0.5331,0.3104,0.6173,1.1933
26,Lech Poznań,Bruk-Bet Termalica Nieciecza,837,4,1,5,H,1,1,1,1,1,2.4918,0.9028,3.3946,0.7203,0.1638,0.1159,H,1,0.328,0.5454,0.0336,0.1475,0.3409,0.5597,0.9664,0.8525,0.6591,0.4403,1.5082,0.0972
26,Piast Gliwice,Radomiak Radom,837,3,1,4,H,1,1,1,1,1,1.4512,1.0377,2.4889,0.4661,0.2637,0.2701,H,1,0.7633,0.4945,0.083,0.2896,0.5466,0.7599,0.917,0.7104,0.4534,0.2401,1.5488,0.0377
26,Widzew Łódź,Górnik Zabrze,837,0,0,0,D,0,0,0,0,0,1.2261,1.1537,2.3798,0.3787,0.2778,0.3435,H,0,1.2809,0.4837,0.0926,0.3128,0.575,0.7829,0.9074,0.6872,0.425,0.2171,1.2261,1.1537
27,Arka Gdynia,Zagłębie Lubin,846,3,1,4,H,1,1,1,1,1,1.1002,1.3342,2.4344,0.3077,0.272,0.4203,A,0,1.1785,0.4915,0.0877,0.301,0.5608,0.7715,0.9123,0.699,0.4392,0.2285,1.8998,0.3342
27,Bruk-Bet Termalica Nieciecza,Piast Gliwice,846,3,2,5,H,1,1,1,1,1,1.1161,1.2815,2.3976,0.3221,0.2756,0.4023,A,0,1.1329,0.4858,0.0909,0.309,0.5703,0.7792,0.9091,0.691,0.4297,0.2208,1.8839,0.7185
27,Lechia Gdańsk,Korona Kielce,846,4,2,6,H,1,1,1,1,1,1.7121,1.3058,3.0179,0.4701,0.2368,0.293,H,1,0.7548,0.5975,0.0489,0.1965,0.4192,0.6432,0.9511,0.8035,0.5808,0.3568,2.2879,0.6942
27,Górnik Zabrze,Cracovia,846,3,0,3,H,0,1,1,1,0,1.4441,1.0533,2.4974,0.4606,0.2639,0.2755,H,1,0.7753,0.4976,0.0823,0.2878,0.5445,0.7581,0.9177,0.7122,0.4555,0.2419,1.5559,1.0533
27,Radomiak Radom,Motor Lublin,846,1,1,2,D,1,1,1,0,0,1.951,1.3652,3.3162,0.5116,0.2199,0.2684,H,0,1.5146,0.6388,0.0363,0.1566,0.3562,0.5768,0.9637,0.8434,0.6438,0.4232,0.951,0.3652
27,Pogoń Szczecin,Legia Warszawa,846,0,2,2,A,0,1,1,0,0,1.636,1.2209,2.8569,0.4707,0.2439,0.2854,H,0,1.254,0.5677,0.0574,0.2216,0.456,0.6793,0.9426,0.7784,0.544,0.3207,1.636,0.7791
27,GKS Katowice,Wisła Płock,846,1,0,1,H,0,1,0,0,0,1.1235,0.9305,2.054,0.3991,0.3017,0.2993,H,1,0.9186,0.4087,0.1282,0.3916,0.6621,0.8473,0.8718,0.6084,0.3379,0.1527,0.1235,0.9305
27,Raków Częstochowa,Widzew Łódź,846,1,1,2,D,1,1,1,0,0,1.6406,0.7682,2.4088,0.5821,0.2444,0.1735,H,0,1.409,0.4322,0.0899,0.3065,0.5674,0.7769,0.9101,0.6935,0.4326,0.2231,0.6406,0.2318
27,Jagiellonia Białystok,Lech Poznań,846,0,0,0,D,0,0,0,0,0,1.7917,1.4467,3.2384,0.4584,0.2292,0.3124,H,0,1.4732,0.6372,0.0392,0.1663,0.372,0.594,0.9608,0.8337,0.628,0.406,1.7917,1.4467
28,Wisła Płock,Lechia Gdańsk,855,1,0,1,H,0,1,0,0,0,1.5917,1.0266,2.6183,0.5049,0.2506,0.2445,H,1,0.6834,0.5111,0.0729,0.2639,0.5138,0.732,0.9271,0.7361,0.4862,0.268,0.5917,1.0266
28,Legia Warszawa,Górnik Zabrze,855,1,1,2,D,1,1,1,0,0,1.4425,1.022,2.4645,0.4676,0.265,0.2675,H,0,1.3282,0.4888,0.085,0.2947,0.5529,0.7651,0.915,0.7053,0.4471,0.2349,0.4425,0.022
28,Motor Lublin,Raków Częstochowa,855,1,1,2,D,1,1,1,0,0,1.1694,1.4096,2.579,0.3122,0.2629,0.4249,A,0,1.336,0.5211,0.0758,0.2715,0.5237,0.7406,0.9242,0.7285,0.4763,0.2594,0.1694,0.4096
28,Zagłębie Lubin,Radomiak Radom,855,1,0,1,H,0,1,0,0,0,1.6744,1.2529,2.9273,0.4728,0.2405,0.2867,H,1,0.749,0.5804,0.0535,0.2103,0.4397,0.6635,0.9465,0.7897,0.5603,0.3365,0.6744,1.2529
28,Korona Kielce,Jagiellonia Białystok,855,1,1,2,D,1,1,1,0,0,1.2681,1.3728,2.6409,0.3451,0.2611,0.3938,A,0,1.3429,0.5365,0.0713,0.2596,0.5082,0.7271,0.9287,0.7404,0.4918,0.2729,0.2681,0.3728
28,Cracovia,Arka Gdynia,855,2,2,4,D,1,1,1,1,1,1.9375,0.8766,2.8141,0.6223,0.2141,0.1635,H,0,1.5412,0.4997,0.06,0.2287,0.4661,0.6888,0.94,0.7713,0.5339,0.3112,0.0625,1.1234
28,Lech Poznań,GKS Katowice,855,3,3,6,D,1,1,1,1,1,1.9387,1.0297,2.9684,0.5854,0.2181,0.1965,H,0,1.523,0.5504,0.0514,0.2039,0.4303,0.6543,0.9486,0.7961,0.5697,0.3457,1.0613,1.9703
28,Piast Gliwice,Pogoń Szczecin,855,0,2,2,A,0,1,1,0,0,1.3015,1.1156,2.4171,0.4079,0.274,0.3181,H,0,1.1453,0.4893,0.0892,0.3047,0.5652,0.7751,0.9108,0.6953,0.4348,0.2249,1.3015,0.8844
28,Widzew Łódź,Bruk-Bet Termalica Nieciecza,855,1,0,1,H,0,1,0,0,0,1.8266,1.0659,2.8925,0.5518,0.2288,0.2195,H,1,0.5946,0.5501,0.0554,0.2158,0.4477,0.6713,0.9446,0.7842,0.5523,0.3287,0.8266,1.0659
29,Arka Gdynia,Jagiellonia Białystok,864,0,3,3,A,0,1,1,1,0,1.1693,1.8059,2.9752,0.2462,0.231,0.5228,A,1,0.6486,0.5761,0.051,0.2029,0.4288,0.6528,0.949,0.7971,0.5712,0.3472,1.1693,1.1941
29,Bruk-Bet Termalica Nieciecza,Wisła Płock,864,1,3,4,A,1,1,1,1,1,0.9402,1.1591,2.0993,0.2953,0.2972,0.4075,A,1,0.8978,0.4182,0.1225,0.3798,0.6498,0.8388,0.8775,0.6202,0.3502,0.1612,0.0598,1.8409
29,Legia Warszawa,Zagłębie Lubin,864,1,0,1,H,0,1,0,0,0,1.6654,0.9669,2.6323,0.5377,0.2436,0.2188,H,1,0.6205,0.5025,0.0719,0.2612,0.5104,0.729,0.9281,0.7388,0.4896,0.271,0.6654,0.9669
29,Lechia Gdańsk,Piast Gliwice,864,1,1,2,D,1,1,1,0,0,1.6574,1.2775,2.9349,0.4633,0.2412,0.2955,H,0,1.422,0.5838,0.0531,0.2091,0.4379,0.6618,0.9469,0.7909,0.5621,0.3382,0.6574,0.2775
29,Górnik Zabrze,Korona Kielce,864,1,0,1,H,0,1,0,0,0,1.4054,0.8615,2.2669,0.4971,0.2726,0.2303,H,1,0.6991,0.4358,0.1036,0.3386,0.6048,0.806,0.8964,0.6614,0.3952,0.194,0.4054,0.8615
29,Radomiak Radom,Widzew Łódź,864,2,1,3,H,1,1,1,1,0,1.5976,1.1685,2.7661,0.4731,0.2479,0.2789,H,1,0.7484,0.5497,0.0629,0.2369,0.4776,0.6995,0.9371,0.7631,0.5224,0.3005,0.4024,0.1685
29,Pogoń Szczecin,Lech Poznań,864,1,2,3,A,1,1,1,1,0,1.5863,1.4561,3.0424,0.4082,0.2405,0.3513,H,0,1.0461,0.6099,0.0477,0.1929,0.4138,0.6377,0.9523,0.8071,0.5862,0.3623,0.5863,0.5439
29,GKS Katowice,Motor Lublin,864,3,2,5,H,1,1,1,1,1,1.8708,1.163,3.0338,0.5391,0.2256,0.2353,H,1,0.6179,0.5816,0.0481,0.1942,0.4157,0.6397,0.9519,0.8058,0.5843,0.3603,1.1292,0.837
29,Raków Częstochowa,Cracovia,864,4,1,5,H,1,1,1,1,1,1.6262,0.8971,2.5233,0.5454,0.2474,0.2072,H,1,0.6062,0.4758,0.0802,0.2825,0.5378,0.7526,0.9198,0.7175,0.4622,0.2474,2.3738,0.1029
30,Wisła Płock,Radomiak Radom,873,0,1,1,A,0,1,0,0,0,1.4276,0.8329,2.2605,0.5104,0.2704,0.2192,H,0,1.5178,0.4296,0.1043,0.3401,0.6065,0.8073,0.8957,0.6599,0.3935,0.1927,1.4276,0.1671
30,Lechia Gdańsk,Raków Częstochowa,873,1,2,3,A,1,1,1,1,0,1.4361,1.6349,3.071,0.3375,0.2385,0.4239,A,1,0.8582,0.6135,0.0464,0.1888,0.4075,0.6313,0.9536,0.8112,0.5925,0.3687,0.4361,0.3651
30,Zagłębie Lubin,Bruk-Bet Termalica Nieciecza,873,1,2,3,A,1,1,1,1,0,1.9146,1.0361,2.9507,0.5786,0.2204,0.201,H,0,1.6044,0.5501,0.0523,0.2066,0.4343,0.6583,0.9477,0.7934,0.5657,0.3417,0.9146,0.9639
30,Korona Kielce,GKS Katowice,873,1,1,2,D,1,1,1,0,0,1.3349,1.1415,2.4764,0.4112,0.27,0.3188,H,0,1.3093,0.5015,0.0841,0.2922,0.5499,0.7626,0.9159,0.7078,0.4501,0.2374,0.3349,0.1415
30,Cracovia,Pogoń Szczecin,873,1,1,2,D,1,1,1,0,0,1.5605,1.3551,2.9156,0.4229,0.2456,0.3316,H,0,1.4042,0.5862,0.0542,0.2121,0.4424,0.6662,0.9458,0.7879,0.5576,0.3338,0.5605,0.3551
30,Lech Poznań,Legia Warszawa,873,4,0,4,H,0,1,1,1,1,1.7741,1.1008,2.8749,0.5314,0.2336,0.235,H,1,0.6323,0.5542,0.0564,0.2186,0.4518,0.6753,0.9436,0.7814,0.5482,0.3247,2.2259,1.1008
30,Jagiellonia Białystok,Górnik Zabrze,873,1,2,3,A,1,1,1,1,0,1.6824,1.0538,2.7362,0.5207,0.2419,0.2374,H,0,1.4381,0.5303,0.0648,0.2422,0.4848,0.7061,0.9352,0.7578,0.5152,0.2939,0.6824,0.9462
30,Piast Gliwice,Arka Gdynia,873,4,1,5,H,1,1,1,1,1,1.6119,0.7612,2.3731,0.5769,0.2478,0.1754,H,1,0.5502,0.4266,0.0932,0.3144,0.5768,0.7843,0.9068,0.6856,0.4232,0.2157,2.3881,0.2388
30,Widzew Łódź,Motor Lublin,873,2,0,2,H,0,1,1,0,0,1.5725,1.1591,2.7316,0.469,0.2502,0.2808,H,1,0.7571,0.5438,0.0651,0.243,0.4859,0.7071,0.9349,0.757,0.5141,0.2929,0.4275,1.1591
31,Arka Gdynia,Górnik Zabrze,882,0,0,0,D,0,0,0,0,0,1.0088,1.4993,2.5081,0.2546,0.2598,0.4856,A,0,1.348,0.4935,0.0814,0.2857,0.5418,0.7559,0.9186,0.7143,0.4582,0.2441,1.0088,1.4993
31,Legia Warszawa,Widzew Łódź,882,1,0,1,H,0,1,0,0,0,1.5855,0.9282,2.5137,0.5275,0.2518,0.2207,H,1,0.6397,0.4808,0.081,0.2845,0.5403,0.7547,0.919,0.7155,0.4597,0.2453,0.5855,0.9282
31,Motor Lublin,Lech Poznań,882,0,1,1,A,0,1,0,0,0,1.352,1.789,3.141,0.2911,0.2309,0.478,A,1,0.7382,0.6174,0.0432,0.1791,0.3924,0.6157,0.9568,0.8209,0.6076,0.3843,1.352,0.789
31,Zagłębie Lubin,Cracovia,882,0,0,0,D,0,0,0,0,0,1.4265,1.1911,2.6176,0.4245,0.2607,0.3148,H,0,1.3443,0.5289,0.073,0.264,0.514,0.7322,0.927,0.736,0.486,0.2678,1.4265,1.1911
31,Radomiak Radom,Lechia Gdańsk,882,3,1,4,H,1,1,1,1,1,2.1424,1.6142,3.7566,0.5001,0.2076,0.2923,H,1,0.6929,0.7069,0.0234,0.1111,0.276,0.4825,0.9766,0.8889,0.724,0.5175,0.8576,0.6142
31,Pogoń Szczecin,Wisła Płock,882,3,0,3,H,0,1,1,1,0,1.1962,0.8673,2.0635,0.436,0.2972,0.2668,H,1,0.8301,0.4046,0.127,0.3891,0.6595,0.8455,0.873,0.6109,0.3405,0.1545,1.8038,0.8673
31,Korona Kielce,Piast Gliwice,882,1,1,2,D,1,1,1,0,0,1.124,0.9181,2.0421,0.4021,0.3024,0.2954,H,0,1.1959,0.4055,0.1298,0.3947,0.6653,0.8495,0.8702,0.6053,0.3347,0.1505,0.124,0.0819
31,GKS Katowice,Bruk-Bet Termalica Nieciecza,882,5,1,6,H,1,1,1,1,1,2.1943,1.0793,3.2736,0.6268,0.1969,0.1763,H,1,0.4671,0.5866,0.0379,0.1619,0.3648,0.5862,0.9621,0.8381,0.6352,0.4138,2.8057,0.0793
31,Raków Częstochowa,Jagiellonia Białystok,882,0,2,2,A,0,1,1,0,0,1.5725,1.1086,2.6811,0.4807,0.2512,0.2681,H,0,1.3162,0.5309,0.0685,0.2521,0.4983,0.7183,0.9315,0.7479,0.5017,0.2817,1.5725,0.8914
32,Wisła Płock,Motor Lublin,891,0,4,4,A,0,1,1,1,1,1.3462,0.8226,2.1688,0.4906,0.2806,0.2288,H,0,1.4748,0.4148,0.1143,0.3622,0.6311,0.8254,0.8857,0.6378,0.3689,0.1746,1.3462,3.1774
32,Bruk-Bet Termalica Nieciecza,Legia Warszawa,891,0,1,1,A,0,1,0,0,0,1.2927,1.7073,3.0,0.2907,0.2374,0.4719,A,1,0.7511,0.5939,0.0498,0.1991,0.4232,0.6472,0.9502,0.8009,0.5768,0.3528,1.2927,0.7073
32,Górnik Zabrze,Zagłębie Lubin,891,0,2,2,A,0,1,1,0,0,1.4893,0.8556,2.3449,0.521,0.2629,0.2161,H,0,1.5321,0.4453,0.0959,0.3206,0.5842,0.7902,0.9041,0.6794,0.4158,0.2098,1.4893,1.1444
32,Cracovia,Radomiak Radom,891,0,0,0,D,0,0,0,0,0,1.7691,1.2403,3.0094,0.4981,0.2336,0.2683,H,0,1.4543,0.5895,0.0493,0.1978,0.4211,0.6451,0.9507,0.8022,0.5789,0.3549,1.7691,1.2403
32,Lech Poznań,Arka Gdynia,891,1,1,2,D,1,1,1,0,0,2.5948,0.7502,3.345,0.7695,0.1455,0.085,H,0,1.9274,0.4883,0.0353,0.1533,0.3506,0.5706,0.9647,0.8467,0.6494,0.4294,1.5948,0.2498
32,Raków Częstochowa,Korona Kielce,891,2,0,2,H,0,1,1,0,0,1.5237,0.7462,2.2699,0.5585,0.2587,0.1828,H,1,0.5825,0.4112,0.1033,0.3379,0.6041,0.8055,0.8967,0.6621,0.3959,0.1945,0.4763,0.7462
32,Jagiellonia Białystok,Pogoń Szczecin,891,3,2,5,H,1,1,1,1,1,1.927,1.2377,3.1647,0.5346,0.2215,0.2439,H,1,0.6263,0.6066,0.0422,0.1759,0.3873,0.6104,0.9578,0.8241,0.6127,0.3896,1.073,0.7623
32,Piast Gliwice,GKS Katowice,891,0,0,0,D,0,0,0,0,0,1.3524,1.0914,2.4438,0.4272,0.2708,0.302,H,0,1.3064,0.4925,0.0868,0.299,0.5583,0.7695,0.9132,0.701,0.4417,0.2305,1.3524,1.0914
32,Widzew Łódź,Lechia Gdańsk,891,3,1,4,H,1,1,1,1,1,1.7856,1.3679,3.1535,0.4738,0.2309,0.2953,H,1,0.747,0.6204,0.0427,0.1774,0.3897,0.6129,0.9573,0.8226,0.6103,0.3871,1.2144,0.3679
33,Arka Gdynia,Bruk-Bet Termalica Nieciecza,900,2,3,5,A,1,1,1,1,1,1.6218,1.2919,2.9137,0.4515,0.2434,0.3051,H,0,1.1871,0.582,0.0543,0.2124,0.4428,0.6666,0.9457,0.7876,0.5572,0.3334,0.3782,1.7081
33,Wisła Płock,Górnik Zabrze,900,0,1,1,A,0,1,0,0,0,0.9412,0.8885,1.8297,0.3516,0.3254,0.323,H,0,1.1302,0.359,0.1605,0.454,0.7226,0.8865,0.8395,0.546,0.2774,0.1135,0.9412,0.1115
33,Lechia Gdańsk,Legia Warszawa,900,1,2,3,A,1,1,1,1,0,1.6789,1.6314,3.3103,0.3951,0.2298,0.3751,H,0,0.9805,0.6543,0.0365,0.1574,0.3574,0.5781,0.9635,0.8426,0.6426,0.4219,0.6789,0.3686
33,Motor Lublin,Cracovia,900,3,3,6,D,1,1,1,1,1,1.5693,1.3247,2.894,0.4315,0.246,0.3225,H,0,1.4024,0.5813,0.0554,0.2156,0.4474,0.671,0.9446,0.7844,0.5526,0.329,1.4307,1.6753
33,Zagłębie Lubin,Pogoń Szczecin,900,0,1,1,A,0,1,0,0,0,1.3675,1.323,2.6905,0.3809,0.2586,0.3604,H,0,1.0205,0.5468,0.0678,0.2504,0.4959,0.7162,0.9322,0.7496,0.5041,0.2838,1.3675,0.323
33,Radomiak Radom,Lech Poznań,900,1,3,4,A,1,1,1,1,1,1.4094,1.6728,3.0822,0.3244,0.2371,0.4385,A,1,0.8243,0.6138,0.0459,0.1872,0.405,0.6288,0.9541,0.8128,0.595,0.3712,0.4094,1.3272
33,Korona Kielce,Widzew Łódź,900,1,0,1,H,0,1,0,0,0,1.258,0.9515,2.2095,0.4336,0.2861,0.2803,H,1,0.8356,0.4394,0.1098,0.3522,0.6202,0.8175,0.8902,0.6478,0.3798,0.1825,0.258,0.9515
33,GKS Katowice,Jagiellonia Białystok,900,2,2,4,D,1,1,1,1,1,1.576,1.5036,3.0796,0.3961,0.2392,0.3646,H,0,1.4303,0.6168,0.046,0.1876,0.4056,0.6294,0.954,0.8124,0.5944,0.3706,0.424,0.4964
33,Piast Gliwice,Raków Częstochowa,900,1,3,4,A,1,1,1,1,1,0.986,1.0532,2.0392,0.3302,0.3047,0.3651,A,1,1.0076,0.4083,0.1301,0.3955,0.6661,0.85,0.8699,0.6045,0.3339,0.15,0.014,1.9468
34,Bruk-Bet Termalica Nieciecza,Lechia Gdańsk,909,3,2,5,H,1,1,1,1,1,1.9244,1.975,3.8994,0.3852,0.2099,0.405,A,0,0.954,0.7355,0.0203,0.0992,0.2532,0.4534,0.9797,0.9008,0.7468,0.5466,1.0756,0.025
34,Legia Warszawa,Motor Lublin,909,4,0,4,H,0,1,1,1,1,1.8797,1.0728,2.9525,0.5622,0.2241,0.2137,H,1,0.576,0.5575,0.0522,0.2064,0.4339,0.6579,0.9478,0.7936,0.5661,0.3421,2.1203,1.0728
34,Górnik Zabrze,Radomiak Radom,909,6,2,8,H,1,1,1,1,1,1.6501,1.019,2.6691,0.5212,0.245,0.2337,H,1,0.6516,0.5163,0.0693,0.2543,0.5012,0.7209,0.9307,0.7457,0.4988,0.2791,4.3499,0.981
34,Pogoń Szczecin,GKS Katowice,909,1,1,2,D,1,1,1,0,0,1.7814,1.2302,3.0116,0.5032,0.2327,0.2641,H,0,1.458,0.5886,0.0492,0.1974,0.4206,0.6446,0.9508,0.8026,0.5794,0.3554,0.7814,0.2302
34,Cracovia,Korona Kielce,909,1,1,2,D,1,1,1,0,0,1.4241,0.9888,2.4129,0.4706,0.2677,0.2617,H,0,1.3181,0.4768,0.0896,0.3056,0.5663,0.776,0.9104,0.6944,0.4337,0.224,0.4241,0.0112
34,Lech Poznań,Wisła Płock,909,2,2,4,D,1,1,1,1,1,1.6063,0.7039,2.3102,0.5907,0.2475,0.1619,H,0,1.3965,0.404,0.0992,0.3285,0.5933,0.7973,0.9008,0.6715,0.4067,0.2027,0.3937,1.2961
34,Raków Częstochowa,Arka Gdynia,909,3,0,3,H,0,1,1,1,0,2.1509,0.6705,2.8214,0.7156,0.1818,0.1026,H,1,0.3346,0.4317,0.0595,0.2275,0.4644,0.6872,0.9405,0.7725,0.5356,0.3128,0.8491,0.6705
34,Jagiellonia Białystok,Zagłębie Lubin,909,1,0,1,H,0,1,0,0,0,1.9475,0.975,2.9225,0.6005,0.216,0.1835,H,1,0.51,0.534,0.0538,0.211,0.4408,0.6646,0.9462,0.789,0.5592,0.3354,0.9475,0.975
34,Widzew Łódź,Piast Gliwice,909,2,1,3,H,1,1,1,1,0,1.1577,0.9527,2.1104,0.4041,0.2966,0.2993,H,1,0.906,0.4213,0.1212,0.3769,0.6468,0.8367,0.8788,0.6231,0.3532,0.1633,0.8423,0.0473
