sezon,match_id,kolejka,gospodarz,gosc,wynik_1x2,p_home_raw,p_draw_raw,p_away_raw,lambda_home,lambda_away,use_hybrid,ll,ll_baseline
2025/26,2345,1,Lech Poznań,Cracovia,A,0.48149528225516386,0.25975236032960664,0.2587523574152297,1.4964490982255731,1.0229703064648699,1,1.446983994418068,1.4976570108905811
2025/26,2346,1,Widzew Łódź,Zagłębie Lubin,H,0.4129471392911935,0.27194524547302634,0.3151076152357801,1.3235734558819894,1.119944833522753,1,0.8229863599887177,0.7843903761233857
2025/26,2348,1,GKS Katowice,Raków Częstochowa,A,0.28523432626381107,0.2755929231580732,0.43917275057811556,1.0175649844675487,1.3335273234859637,1,0.8354264770731061,0.8790410698251472
2025/26,2349,1,Górnik Zabrze,Lechia Gdańsk,H,0.5028891791703616,0.24254498419044712,0.2545658366391913,1.6708650149000301,1.117479490113119,1,0.6168765513476893,0.62145682656389
2025/26,2351,1,Legia Warszawa,Piast Gliwice,A,0.4918364134602495,0.25352696888314724,0.25463661765660334,1.5579257662291863,1.0457084121802944,1,1.4663900621519304,1.5052106008494386
2025/26,2352,1,Radomiak Radom,Pogoń Szczecin,H,0.3232662689277721,0.25539044131733,0.4213432897548979,1.2529627823063962,1.46686286137538,1,1.0860831509197575,1.199892521215725
2025/26,2353,2,Arka Gdynia,Radomiak Radom,D,0.1277748716846715,0.2555436931430806,0.6166814351722478,0.5302574190014314,1.5184767203566405,1,1.389399055026197,1.3177184352819231
2025/26,2354,2,Lechia Gdańsk,Lech Poznań,A,0.29297960275339413,0.24752185968224824,0.45949853756435766,1.2193621162694126,1.5890581706787463,1,0.7856865372663665,0.7201092066734721
2025/26,2355,2,Pogoń Szczecin,Motor Lublin,H,0.554623498504777,0.22165088236480895,0.22372561913041406,1.9168081288331495,1.1402833639301282,1,0.5171291445379763,0.546314315864774
2025/26,2356,2,Korona Kielce,Legia Warszawa,A,0.3121900223040695,0.2621876227710369,0.42562235492489364,1.1739146067098167,1.4162058315357495,1,0.871900816931985,0.8451551270348552
2025/26,2357,2,Cracovia,Bruk-Bet Termalica Nieciecza,H,0.08195362526996101,0.14324695994902764,0.7747994147810111,0.7358890644051681,2.6102821492193984,1,2.6329090516344786,2.7685343998809784
2025/26,2358,2,GKS Katowice,Zagłębie Lubin,D,0.4481769689769669,0.2551407123844348,0.2966823186385982,1.505274525416751,1.1760734019586934,1,1.4043078498402772,1.3968220027913045
2025/26,2359,2,Raków Częstochowa,Wisła Płock,A,0.030157752058461305,0.19592075336556763,0.773921494575971,0.16135151881380078,1.7305609597043408,1,0.2293091979554023,0.25199874538345746
2025/26,2360,2,Jagiellonia Białystok,Widzew Łódź,H,0.5698469378759011,0.23125095204208337,0.1989021100820157,1.7867745008679683,0.9532076164456988,1,0.49092087084740327,0.46541357226950797
2025/26,2361,2,Piast Gliwice,Górnik Zabrze,A,0.43527802040316543,0.28443396186934855,0.2802880177274861,1.2703021785266249,0.9592845351818873,1,1.3514989767147765,1.1486828566972958
2025/26,2362,3,Wisła Płock,Piast Gliwice,H,0.8676599292289947,0.1006156407008238,0.031724430070181484,2.790878571735342,0.388658090170768,1,0.10435781986840673,0.11634177895724065
2025/26,2363,3,Bruk-Bet Termalica Nieciecza,Pogoń Szczecin,D,0.4901278910009679,0.23650835869516576,0.2733637503038663,1.7307228610783483,1.2356065214040801,1,1.4950351707491434,1.4717659611715173
2025/26,2364,3,Legia Warszawa,Arka Gdynia,D,0.7017789153402753,0.20651644031837305,0.09170464434135149,1.845560853066623,0.4956113978455119,1,1.6958716428927743,1.6462889550031112
2025/26,2365,3,Motor Lublin,Jagiellonia Białystok,D,0.3473642587440761,0.23836513014695357,0.41427061110897045,1.4660308744413533,1.620246265832223,1,1.4678866336152567,1.5053080803820662
2025/26,2366,3,Zagłębie Lubin,Korona Kielce,D,0.37000668310874535,0.28511228791154214,0.34488102897971257,1.164937784837719,1.1142676373760387,1,1.2711391498437197,1.2762005281226407
2025/26,2367,3,Radomiak Radom,Raków Częstochowa,H,0.28789295528864195,0.2851906934576123,0.4269163512537457,0.9762809795270164,1.2551077746348052,1,1.2129905018177887,1.2393456954554465
2025/26,2368,3,Cracovia,Lechia Gdańsk,D,0.5237627557384397,0.23191216195477185,0.24432508230678862,1.7946286198173647,1.1539015739286644,1,1.5229719268477442,1.5000993487634147
2025/26,2369,3,Lech Poznań,Górnik Zabrze,H,0.4882131245212935,0.26086559911622254,0.250921276362484,1.4916236843171709,0.9898781747230746,1,0.6481180485736839,0.6499424814581192
2025/26,2370,3,Widzew Łódź,GKS Katowice,H,0.4121432053102444,0.26062057273193634,0.3272362219578192,1.4083785901751111,1.2258730407845257,1,0.8246715748034221,0.8232259793427259
2025/26,2371,4,Arka Gdynia,Pogoń Szczecin,H,0.1623012056813238,0.268779237784761,0.568919556533915,0.6305696577279891,1.4442085583962485,1,1.8514078462578245,1.8948161966546475
2025/26,2372,4,Legia Warszawa,GKS Katowice,H,0.6091049983674305,0.20363658172826982,0.18725841990429976,2.118940817070774,1.090642973423753,1,0.42418193050541564,0.48559326461979985
2025/26,2373,4,Lechia Gdańsk,Motor Lublin,D,0.3633651529020977,0.22930911392318878,0.40732573317471354,1.6057527675893175,1.7103715333215823,1,1.512524256847386,1.4886427077922304
2025/26,2374,4,Górnik Zabrze,Bruk-Bet Termalica Nieciecza,A,0.2554501790363512,0.24746862003673803,0.49708120092691094,1.0872825766466048,1.6182219400412285,1,0.6968669249114101,0.6900192256378853
2025/26,2375,4,Korona Kielce,Radomiak Radom,H,0.4044803545915024,0.27658364120380713,0.31893600420469054,1.2783932895426149,1.1024126445095472,1,0.8450895702099598,0.8680666618019373
2025/26,2376,4,Raków Częstochowa,Zagłębie Lubin,A,0.5589665838205642,0.25555278849024005,0.18548062768919577,1.5501014596436549,0.7700682875328817,1,1.833535535736681,1.726709145212036
2025/26,2377,4,Jagiellonia Białystok,Cracovia,H,0.4768814602415886,0.24747763689673952,0.2756409028616721,1.6052714509811064,1.16037435752503,1,0.6715776241614563,0.6228870229825935
2025/26,2378,4,Piast Gliwice,Lech Poznań,H,0.3680568441247524,0.29815163154192215,0.3337915243333255,1.0904206484664494,1.0234689325255786,1,0.9465255180600431,1.164025106981099
2025/26,2379,4,Widzew Łódź,Wisła Płock,D,0.047586275268366174,0.13635389681371676,0.8160598279179171,0.4143237099180764,2.3978111331194913,1,2.114326319635672,1.930434732646278
2025/26,2380,5,Wisła Płock,Legia Warszawa,H,0.699884583870934,0.19294318607244937,0.10717223005661655,2.034067117156357,0.6459909585162599,1,0.29364811563486554,0.3139053445611371
2025/26,2381,5,Bruk-Bet Termalica Nieciecza,Raków Częstochowa,A,0.40040466952330095,0.2828338216568121,0.31676150881988696,1.2315841733950723,1.0622423965889598,1,1.2100770281848192,1.2898661501138569
2025/26,2382,5,Motor Lublin,Piast Gliwice,D,0.36436164364581336,0.268566837171485,0.36707151918270153,1.2588919153180809,1.2646005838695318,1,1.336691565516571,1.3118205352833088
2025/26,2383,5,Zagłębie Lubin,Lechia Gdańsk,H,0.4585006608215796,0.2431103417975888,0.29838899738083174,1.632654213373392,1.2719598830071095,1,0.712173732144904,0.7883537477344438
2025/26,2384,5,Radomiak Radom,Jagiellonia Białystok,A,0.35948931744954027,0.2478681079843433,0.3926425745661164,1.4098456690567522,1.4840407299797165,1,0.965510519917439,0.801065445948837
2025/26,2385,5,Pogoń Szczecin,Górnik Zabrze,A,0.5137571360211469,0.24603719510189906,0.24020566887695416,1.6386416747855037,1.0383521944936522,1,1.5351369336814327,1.4407691264514195
2025/26,2386,5,Cracovia,Widzew Łódź,H,0.4875229736321057,0.25878003838498037,0.25369698798291407,1.508824925257218,1.0112298677832166,1,0.649445436317019,0.6998305682806734
2025/26,2387,5,GKS Katowice,Arka Gdynia,H,0.5923540858982603,0.25801265825133024,0.14963325585040943,1.5160970448025626,0.6143734737486326,1,0.4557362554776395,0.4780627078003896
2025/26,2388,5,Lech Poznań,Korona Kielce,D,0.4959962804858793,0.26584966973967766,0.23815404977444302,1.4558295176827858,0.9197807581673665,1,1.3673893413448286,1.4159609276045653
2025/26,2389,6,Wisła Płock,Zagłębie Lubin,H,0.7093458589152333,0.1957725354600288,0.09488160562473799,1.959644818217809,0.5531511637533479,1,0.2820474746874386,0.31482830598738976
2025/26,2390,6,Legia Warszawa,Jagiellonia Białystok,D,0.4888647905573499,0.23184857926200947,0.2792866301806406,1.7848181867081765,1.298038744990401,1,1.5168162894361499,1.5160308642519669
2025/26,2391,6,Lechia Gdańsk,Arka Gdynia,H,0.663584528921052,0.20894514565373898,0.12747032542520925,1.9180839482843342,0.6968242428922216,1,0.3437103992432062,0.36442124520174085
2025/26,2392,6,Górnik Zabrze,GKS Katowice,H,0.47572352369577464,0.251578914400708,0.27269756190351746,1.5649117781600215,1.1217287758267915,1,0.674264878186375,0.680657325435691
2025/26,2393,6,Radomiak Radom,Bruk-Bet Termalica Nieciecza,D,0.40974135904612113,0.24754986948502433,0.3427087714688546,1.51923069703445,1.369238951414577,1,1.4323226703832619,1.3984532582507008
2025/26,2394,6,Korona Kielce,Motor Lublin,H,0.4505313895573574,0.25755201909348596,0.29191659134915676,1.4868178379647776,1.1448207915786581,1,0.730958801405181,0.8130135617067246
2025/26,2395,6,Raków Częstochowa,Lech Poznań,D,0.42243734532374594,0.28323286483725585,0.29432978983899816,1.2614587057768425,1.0030541320789101,1,1.2852884271340275,1.2715919280937547
2025/26,2396,6,Piast Gliwice,Cracovia,D,0.42136733366211276,0.2838126017309363,0.2948200646069507,1.2563559564356916,1.0014397859796254,1,1.2828815937167959,1.243720884308708
2025/26,2397,6,Widzew Łódź,Pogoń Szczecin,A,0.3013906336246943,0.2616057334042966,0.43700363297100897,1.146744823050823,1.436384921373011,1,0.8418504913467468,0.8393511393834574
2025/26,2398,7,Arka Gdynia,Wisła Płock,H,0.05001529441725808,0.18590027544899604,0.7640844301337459,0.2936501609444073,1.879215100936675,1,3.1835501825692596,3.0364931428752278
2025/26,2399,7,Bruk-Bet Termalica Nieciecza,Korona Kielce,A,0.4334818558354702,0.2603103462923453,0.3062077978721846,1.4424286078235924,1.1693983269963564,1,1.2515821185563272,1.290550184260763
2025/26,2400,7,Zagłębie Lubin,Piast Gliwice,D,0.34334798373145636,0.2920598676688283,0.3645921485997152,1.073733465666112,1.1158538377740759,1,1.2417488163601176,1.2210607740144253
2025/26,2401,7,Górnik Zabrze,Motor Lublin,A,0.47223845853144697,0.24650679808008644,0.2812547433884666,1.611126687260262,1.187052002664689,1,1.3518643616067723,1.3409579242202394
2025/26,2402,7,Pogoń Szczecin,Raków Częstochowa,H,0.39085497470454755,0.2747119107652833,0.3344331145301692,1.2681824547323128,1.15139475223923,1,0.8814366350139686,0.8560839692444918
2025/26,2403,7,Cracovia,Legia Warszawa,H,0.3327074619946281,0.2551004018646702,0.41219213614070155,1.2811039861005318,1.4547930850756636,1,1.0547186037558662,1.0302554912716888
2025/26,2404,7,GKS Katowice,Radomiak Radom,H,0.3950999201954822,0.2506296724611902,0.35427040734332754,1.4636258341181307,1.3730491250383823,1,0.8693584700043654,0.8467554226259003
2025/26,2405,7,Lech Poznań,Widzew Łódź,H,0.5253573527385316,0.2533594224691398,0.2212832247923287,1.5713680168708095,0.9223063923270682,1,0.5732688026844313,0.5796211504442409
2025/26,2406,7,Jagiellonia Białystok,Lechia Gdańsk,H,0.6050782845813958,0.20038199413633806,0.1945397212822661,2.1818466049181025,1.1639264883308278,1,0.4304110576292894,0.4049625013205307
2025/26,2407,8,Wisła Płock,Cracovia,D,0.6441688209727643,0.23135728657812457,0.12447389244911097,1.699590146548181,0.5892912302252453,1,1.5546591434194326,1.4917948205189138
2025/26,2408,8,Legia Warszawa,Radomiak Radom,H,0.5807465221165873,0.22133900527825023,0.19791447260516276,1.8998116372498017,1.0135848565919143,1,0.47166324001062904,0.4971061290681821
2025/26,2409,8,Lechia Gdańsk,GKS Katowice,H,0.39836250473503343,0.23753904794924724,0.3640984473157193,1.59863262566258,1.5193449934477603,1,0.8604609617405014,0.887393160588223
2025/26,2410,8,Motor Lublin,Bruk-Bet Termalica Nieciecza,D,0.5020776513727555,0.22304564338799857,0.27487670523924607,1.904666873981807,1.3620045831778254,1,1.561981938051053,1.525023551206726
2025/26,2411,8,Korona Kielce,Pogoń Szczecin,H,0.35223774324537765,0.26997381121089103,0.37778844554373125,1.2228364858141922,1.2764439532229261,1,0.992965589939877,1.0874265336493292
2025/26,2412,8,Lech Poznań,Zagłębie Lubin,A,0.5257136421429329,0.2429284499434687,0.23135790791359823,1.672118779334708,1.02267742270615,1,1.579149679032429,1.6460682559769582
2025/26,2413,8,Raków Częstochowa,Górnik Zabrze,A,0.49701798815936865,0.27422212784817174,0.22875988399245972,1.3937258544558437,0.8490707851758754,1,1.5880849645964348,1.417194968201593
2025/26,2414,8,Piast Gliwice,Jagiellonia Białystok,D,0.3839464170331163,0.27312298870070423,0.3429305942661796,1.266470102509683,1.1811725075364559,1,1.3202327264094733,1.3363611301589542
2025/26,2415,8,Widzew Łódź,Arka Gdynia,H,0.6097987654071443,0.2606797598153607,0.12952147477749504,1.4847037440737005,0.5238596931075892,1,0.4284746458341391,0.4356360123640129
2025/26,2416,9,Arka Gdynia,Korona Kielce,D,0.16331242667961676,0.2648011797980849,0.5718863935222982,0.6472690281584877,1.4726389710811183,1,1.3467010170880134,1.3326365225321737
2025/26,2417,9,Bruk-Bet Termalica Nieciecza,Lech Poznań,A,0.3263334659981152,0.24305193333328198,0.4306146006686028,1.361505998047235,1.59768152335247,1,0.8600199375132408,0.7963608284291234
2025/26,2418,9,Zagłębie Lubin,Motor Lublin,D,0.432725885992129,0.24806892658009075,0.31920518742778026,1.5508398103164829,1.2979599251039018,1,1.4330955798968332,1.4091309620727217
2025/26,2419,9,Górnik Zabrze,Widzew Łódź,H,0.4607538240197563,0.2716347411161749,0.26761143486406896,1.3851781793620894,0.9862342351996738,1,0.7083313757415722,0.7388590110445419
2025/26,2420,9,Radomiak Radom,Piast Gliwice,H,0.3809914786784705,0.28277442654264,0.33623409477888966,1.1990953329910259,1.1083371399905653,1,0.9089780271971032,0.9168565856192132
2025/26,2421,9,Pogoń Szczecin,Lechia Gdańsk,A,0.5919169902270127,0.2077274847316748,0.2003555250413125,2.0824240880151854,1.132695231416181,1,1.7518147820556913,1.6735528569570841
2025/26,2422,9,GKS Katowice,Cracovia,A,0.3687186457291668,0.2597614019134436,0.37151995235738977,1.3328490105939714,1.338899282350676,1,1.0280887084510308,0.9996543459978618
2025/26,2423,9,Raków Częstochowa,Legia Warszawa,D,0.3934503499450152,0.27401343415346735,0.3325362159015174,1.2774358066891676,1.151135102922051,1,1.3177925122784977,1.3228935240320918
2025/26,2424,9,Wisła Płock,Jagiellonia Białystok,A,0.5838280709378262,0.2585232255987271,0.15764870346344695,1.5165183695608848,0.6455952377526969,1,2.021018833428879,1.7899122621595263
2025/26,2425,10,Wisła Płock,GKS Katowice,D,0.6347698427184008,0.22782638464889116,0.13740377263270806,1.7509224286404,0.6676249766197242,1,1.5687150531166667,1.494354550494603
2025/26,2426,10,Legia Warszawa,Pogoń Szczecin,H,0.5084176907949509,0.23053143224618755,0.26105087695886176,1.8092737928577736,1.2358305875599052,1,0.6052007979109828,0.6858778117604097
2025/26,2427,10,Motor Lublin,Radomiak Radom,D,0.4164520401590876,0.2466438087748565,0.3369041510660562,1.5394497987003948,1.3610581027637163,1,1.4372570004100755,1.4277143741404592
2025/26,2428,10,Zagłębie Lubin,Arka Gdynia,H,0.6309309785849089,0.24093082424916917,0.12813819716592184,1.626772759753448,0.5749842948921582,1,0.39406457467145645,0.4383264177931663
2025/26,2429,10,Korona Kielce,Lechia Gdańsk,H,0.4919933019909056,0.24324654111295554,0.26476015689613897,1.6583377333475573,1.151283425983958,1,0.6393052866249573,0.7215189767466451
2025/26,2430,10,Cracovia,Górnik Zabrze,D,0.42302216352209115,0.2717132479512644,0.3052645885266444,1.3399782621172691,1.0950610944423549,1,1.3310890661911965,1.3222563861083743
2025/26,2431,10,Lech Poznań,Jagiellonia Białystok,D,0.4487215484516478,0.24887030944614172,0.30240814210221056,1.563968858267661,1.2397855032299907,1,1.431891381250216,1.4609974102799599
2025/26,2432,10,Piast Gliwice,Bruk-Bet Termalica Nieciecza,H,0.4813222016384239,0.25856563928745285,0.2601121590741234,1.5064486989841033,1.0345361159122344,1,0.6625647860196201,0.8006385076799273
2025/26,2433,10,Widzew Łódź,Raków Częstochowa,A,0.2874981951879577,0.2874824784293509,0.42501932638269146,0.964295280345128,1.2385911139418986,1,0.8720809182824734,0.9098997009604145
2025/26,2434,11,Arka Gdynia,Cracovia,H,0.16546594182477187,0.2740473313066589,0.5604867268685692,0.6261998743666107,1.408663032620496,1,1.8295488717006982,1.8520147174268944
2025/26,2435,11,Bruk-Bet Termalica Nieciecza,Widzew Łódź,A,0.455439523912213,0.2393001377879416,0.3052603382998453,1.6699562038286961,1.3270731666503341,1,1.2576928975350836,1.1815067907359655
2025/26,2436,11,Lechia Gdańsk,Wisła Płock,D,0.2082845583800303,0.26080968093905404,0.5309057606809157,0.836049196648044,1.5079384664408737,1,1.3622054518710134,1.3325275224391
2025/26,2437,11,Górnik Zabrze,Legia Warszawa,H,0.3213450984803038,0.2592039098458174,0.4194509916738789,1.2199215411211675,1.431499873196879,1,1.0925726991301885,1.0411863178031495
2025/26,2438,11,Radomiak Radom,Zagłębie Lubin,H,0.44493352069025305,0.257708619852718,0.2973578594570289,1.4789546609627453,1.1605550835277672,1,0.7440174308018576,0.799777288198357
2025/26,2439,11,Pogoń Szczecin,Piast Gliwice,H,0.47296033785246133,0.26037563152029697,0.26666403062724164,1.4845977904805885,1.0458569093583043,1,0.6807013698358828,0.6508350054424041
2025/26,2440,11,GKS Katowice,Lech Poznań,A,0.3029039274970592,0.2521842021516186,0.4449118703513222,1.2165401998111884,1.52815124705175,1,0.8220516772285994,0.7541017162145648
2025/26,2441,11,Raków Częstochowa,Motor Lublin,H,0.5595369731993318,0.2396632325473489,0.2007997942533194,1.6999355148227322,0.912344919170672,1,0.5095104806919438,0.5763427407697032
2025/26,2442,11,Jagiellonia Białystok,Korona Kielce,H,0.4714882340816699,0.2553602047900491,0.2731515611282809,1.526824513019201,1.0984294832005714,1,0.6836712713632704,0.6129793890205202
2025/26,2443,12,Wisła Płock,Bruk-Bet Termalica Nieciecza,H,0.6076434401919865,0.23545556602259687,0.15690099378541672,1.7067236734660007,0.7313033173962454,1,0.42899856680276655,0.4820063233414143
2025/26,2444,12,Motor Lublin,GKS Katowice,A,0.4351701843023263,0.24053582547264554,0.32429399022502814,1.6306495030699617,1.377607253993212,1,1.1873550820394139,1.1447773641372587
2025/26,2445,12,Zagłębie Lubin,Legia Warszawa,H,0.2737402675018187,0.24822904489099762,0.4780306876071836,1.148368243629188,1.5987775729630145,1,1.2688340897486452,1.2866515600610389
2025/26,2446,12,Korona Kielce,Górnik Zabrze,D,0.39550126335041563,0.2800336341112346,0.3244651025383496,1.241255022167484,1.0963257888696814,1,1.2940598401735517,1.2896534391424137
2025/26,2447,12,Cracovia,Raków Częstochowa,H,0.3219571615644934,0.2881919149707586,0.38985092346474803,1.046508722790732,1.1822351207674504,1,1.0907520046853854,1.077768293578789
2025/26,2448,12,Lech Poznań,Pogoń Szczecin,D,0.4465432814757879,0.24702624499466388,0.30643047352954805,1.5793012958290589,1.2668880229495798,1,1.4397871074310156,1.4366742199759572
2025/26,2449,12,Jagiellonia Białystok,Arka Gdynia,H,0.6958625525878429,0.2010939318720919,0.10304351554006506,1.9318729536725,0.5835645248871456,1,0.2997390663387799,0.2790957102897538
2025/26,2450,12,Piast Gliwice,Lechia Gdańsk,A,0.46248838575221146,0.252798322738431,0.2847132915093576,1.5418424722333834,1.1539470700646126,1,1.3368822623907932,1.1722515274483822
2025/26,2451,12,Widzew Łódź,Radomiak Radom,H,0.3953737736549926,0.2693897774586779,0.33523644888632953,1.313122395414916,1.1868621130681902,1,0.8690299213800688,0.8321911099925327
2025/26,2452,13,Arka Gdynia,Piast Gliwice,H,0.19875938508304844,0.29715943084081775,0.504081184076134,0.6696412622962181,1.2530903445271815,1,1.6237948688360695,1.5501166012663068
2025/26,2453,13,Bruk-Bet Termalica Nieciecza,Zagłębie Lubin,D,0.42934490610047027,0.23843667802903326,0.3322184158704964,1.644573870917457,1.4211490606496637,1,1.4765389471606347,1.464911620057532
2025/26,2454,13,Legia Warszawa,Lech Poznań,D,0.47408931569633356,0.24803019951860109,0.2778804847850653,1.5975980980107443,1.1642646255431213,1,1.4397294436550105,1.4059669041265699
2025/26,2455,13,Motor Lublin,Widzew Łódź,H,0.40992994547569284,0.2542392667052711,0.3358307878190359,1.4585047828052047,1.2961220391559567,1,0.8302172291883209,0.8926743537819949
2025/26,2456,13,Górnik Zabrze,Jagiellonia Białystok,H,0.3874150890389276,0.25772637583280356,0.3548585351282689,1.3877694885522502,1.3170577350492039,1,0.8904500207981608,0.9440586513369795
2025/26,2457,13,Radomiak Radom,Wisła Płock,D,0.25702818988345294,0.30067637290192245,0.4422954372146248,0.8274000572568241,1.18416872537782,1,1.2038104978481718,1.2090814340821365
2025/26,2458,13,Pogoń Szczecin,Cracovia,H,0.4783767289638819,0.24494822680858025,0.27667504422753775,1.6318068790493858,1.1824072020662002,1,0.6682433424711648,0.6983508330843278
2025/26,2459,13,GKS Katowice,Korona Kielce,H,0.377769398369787,0.26547623507140256,0.35675436655881043,1.3086044870545337,1.263957553790098,1,0.9175841409450778,0.9136665329984399
2025/26,2460,13,Raków Częstochowa,Lechia Gdańsk,H,0.5723089307680604,0.23233287975908934,0.19535818947285016,1.7726481278113817,0.9299629624577718,1,0.48676337064939607,0.5558788418966493
2025/26,2461,14,Wisła Płock,Pogoń Szczecin,H,0.48200137844268853,0.2738853288168799,0.24411329274043148,1.386632987790843,0.9009875931937419,1,0.6620539971551574,0.7272185199909089
2025/26,2462,14,Bruk-Bet Termalica Nieciecza,GKS Katowice,A,0.4589148182073357,0.23037123807016846,0.3107139437224956,1.77759879167933,1.4288049208568787,1,1.2382999360445308,1.1858092571219851
2025/26,2463,14,Lechia Gdańsk,Radomiak Radom,A,0.40532296575644855,0.2429798739539799,0.35169716028957154,1.5558766529271109,1.4340590425969237,1,1.093101221802284,1.1191963007900425
2025/26,2464,14,Górnik Zabrze,Arka Gdynia,H,0.6779411965954215,0.21345413877859568,0.10860466462598285,1.8266984620518443,0.5690200045973716,1,0.32468343350252094,0.34112167446502323
2025/26,2465,14,Cracovia,Zagłębie Lubin,D,0.4779407173058957,0.25905749308811515,0.2630017896059892,1.4997269042306658,1.04142923035399,1,1.3924658364769666,1.3909373204885573
2025/26,2466,14,Lech Poznań,Motor Lublin,D,0.5763464682939,0.22051197183057103,0.2031415598755289,1.9151533430876841,1.0461970628223178,1,1.5896730101625633,1.588246844213221
2025/26,2467,14,Jagiellonia Białystok,Raków Częstochowa,A,0.37773103959973625,0.2722427323347023,0.35002622806556144,1.2607108538065552,1.2029427707555445,1,1.095687526120024,1.1516047097107989
2025/26,2468,14,Piast Gliwice,Korona Kielce,D,0.3919037093538792,0.28887599314106277,0.31922029750505804,1.1816593253833565,1.036628349043082,1,1.2593321859426516,1.238313560730999
2025/26,2469,14,Widzew Łódź,Legia Warszawa,D,0.2779693250326117,0.25648018541428685,0.4655504895531017,1.107216117389234,1.5116078009824578,1,1.3818189980502864,1.3745141022357636
2025/26,2470,15,Arka Gdynia,Lech Poznań,H,0.1372225896174333,0.23332810036073764,0.629449310021829,0.644935923760445,1.701427598620785,1,2.041995263348475,2.1312105012729288
2025/26,2471,15,Legia Warszawa,Bruk-Bet Termalica Nieciecza,A,0.6399039401549048,0.18949064303389923,0.17060541681119604,2.296075040872549,1.1081291186354312,1,1.941558030151555,1.7869003620206059
2025/26,2472,15,Lechia Gdańsk,Widzew Łódź,H,0.4323233317289398,0.2513751398409566,0.31630152843010356,1.5190600063731914,1.263273741355856,1,0.7739565692666585,0.8333366813624817
2025/26,2473,15,Motor Lublin,Wisła Płock,D,0.27657211556361305,0.28091760525017906,0.4425102791862078,0.9658375153126431,1.3014280599782884,1,1.2801949568613535,1.2703552252416257
2025/26,2474,15,Zagłębie Lubin,Górnik Zabrze,H,0.3692326319599517,0.2686143242004343,0.362153043839614,1.2687598935358553,1.2538480643647465,1,0.942174877669345,1.0419334925056807
2025/26,2475,15,Radomiak Radom,Cracovia,H,0.3885085036455586,0.26547441731117616,0.34601707904326506,1.3293817194524298,1.239145629698036,1,0.8875989332374703,0.9737699060452029
2025/26,2476,15,Pogoń Szczecin,Jagiellonia Białystok,A,0.45227096319404114,0.23146956607921512,0.3162594707267437,1.7564546750822074,1.43715851010619,1,1.2176121583439579,1.1045036049601724
2025/26,2477,15,Korona Kielce,Raków Częstochowa,A,0.3361842927209519,0.2967764881935714,0.36703921908547676,1.035117139729567,1.0956027648611006,1,1.039218605078929,0.995869672724469
2025/26,2478,15,GKS Katowice,Piast Gliwice,A,0.3988120974337856,0.2675617078797065,0.33362619468650795,1.3324023508894245,1.1948787970741743,1,1.1515443477690792,1.2047158635372353
2025/26,2479,16,Bruk-Bet Termalica Nieciecza,Arka Gdynia,H,0.6511075955063023,0.20242133613087657,0.1464710683628213,2.0421982235865737,0.8482316140072473,1,0.3607006818865148,0.39955619137891824
2025/26,2480,16,Legia Warszawa,Lechia Gdańsk,D,0.6147583122428619,0.20465260705855184,0.18058908069858626,2.091401649398981,1.0421096648225132,1,1.6809507772220205,1.6158140486545345
2025/26,2481,16,Górnik Zabrze,Wisła Płock,D,0.3797976739570287,0.2961527705093519,0.32404955553361947,1.1213016583357807,1.0119205612692865,1,1.2304143336340647,1.2292265048491136
2025/26,2482,16,Pogoń Szczecin,Zagłębie Lubin,H,0.5419558817312077,0.2275657265100909,0.2304783917587015,1.8453853206247817,1.1257979198243722,1,0.5405054606778507,0.5520035652799632
2025/26,2483,16,Cracovia,Motor Lublin,A,0.49370596039935766,0.24335974999924456,0.2629342896013978,1.6580932209061072,1.1436181092022308,1,1.430510202025401,1.3595066550951715
2025/26,2484,16,Lech Poznań,Radomiak Radom,H,0.5106585034563591,0.24485235373141329,0.2444891428122276,1.6497206714939292,1.062695929206835,1,0.6013987491071302,0.5678459264075663
2025/26,2485,16,Raków Częstochowa,Piast Gliwice,A,0.503607596530577,0.2778503128194923,0.2185420906499305,1.3718230326220113,0.799897877724674,1,1.6405929310966272,1.6130091088625615
2025/26,2486,16,Jagiellonia Białystok,GKS Katowice,H,0.54560958972802,0.22000769953395052,0.23438271073802955,1.9441629095043416,1.2058241806964491,1,0.5334077795193275,0.5150056736664871
2025/26,2487,16,Widzew Łódź,Korona Kielce,A,0.37368188603557356,0.27935646189954383,0.3469616520648826,1.2066224681884552,1.1519431692325168,1,1.1052207671601961,1.123359680535384
2025/26,2488,17,Arka Gdynia,Raków Częstochowa,A,0.15630267835266493,0.2536089439362231,0.5900883777111119,0.6570042535040295,1.5531888644097767,1,0.5076165992133183,0.5261224313817892
2025/26,2489,17,Wisła Płock,Lech Poznań,D,0.38312223852438576,0.2886028779145107,0.3282748835611035,1.1684707190555264,1.058886822292223,1,1.2592636070603485,1.2508935647754194
2025/26,2490,17,Lechia Gdańsk,Bruk-Bet Termalica Nieciecza,H,0.4682869670983246,0.22973033911555418,0.3019826937861212,1.795159152075236,1.403710703923289,1,0.6898437592832453,0.7268844406299427
2025/26,2491,17,Motor Lublin,Legia Warszawa,D,0.3052545144043523,0.24201255570948896,0.45273292988615865,1.3038979580997678,1.6377563488741447,1,1.4480317747869242,1.4354910629648412
2025/26,2492,17,Zagłębie Lubin,Jagiellonia Białystok,D,0.35490846749951244,0.25185912060580506,0.3932324118946825,1.364321512618722,1.4490256626415408,1,1.40714386099521,1.4410477332980072
2025/26,2493,17,Radomiak Radom,Górnik Zabrze,H,0.39512186159440355,0.2597225672380808,0.3451555711675155,1.3862352259180264,1.2783917857216671,1,0.8694613401741156,0.9830524158656031
2025/26,2494,17,Korona Kielce,Cracovia,A,0.4033994823208277,0.2795523330959366,0.31704818458323575,1.2571458521134462,1.080875996169348,1,1.2093333561573623,1.1174494730643751
2025/26,2495,17,GKS Katowice,Pogoń Szczecin,H,0.3300924840835373,0.23523971678855152,0.4346677991279112,1.4452758099710854,1.6882950770800866,1,1.063524987437894,1.1097146764405263
2025/26,2496,17,Piast Gliwice,Widzew Łódź,A,0.4531502539162074,0.27593145193198376,0.2709182941518088,1.3468105395974679,0.9741590993159767,1,1.3917923680399544,1.2154704959694267
2025/26,2497,18,Arka Gdynia,Motor Lublin,H,0.23760656693637536,0.25557100244290015,0.5068224306207245,0.9718962028580775,1.5467165479141711,1,1.4255791858609812,1.461548066777279
2025/26,2498,18,Bruk-Bet Termalica Nieciecza,Jagiellonia Białystok,H,0.31812784241858005,0.2306731861986673,0.4511989713827527,1.4515057016316792,1.7648542646109031,1,1.103973829013949,1.2099000658392371
2025/26,2499,18,Lechia Gdańsk,Górnik Zabrze,H,0.3841337487007486,0.2520668682075921,0.3637993830916593,1.428904935205624,1.383974337502346,1,0.8994705309330666,0.96584390883736
2025/26,2500,18,Pogoń Szczecin,Radomiak Radom,D,0.5164674564913098,0.22615313766413744,0.257379405844553,1.8662468267898924,1.257849580230003,1,1.5493233329790788,1.541138707931734
2025/26,2501,18,Korona Kielce,Wisła Płock,D,0.3924893003946667,0.2953341682847839,0.31217653132054934,1.1465339909254157,0.9887939161339413,1,1.2350840370475424,1.2310968932798052
2025/26,2502,18,Cracovia,Lech Poznań,D,0.3629995828125006,0.27230818501808024,0.36469223216941915,1.2306334879118386,1.2341630709118372,1,1.3212139611479996,1.3223822379144277
2025/26,2503,18,Raków Częstochowa,GKS Katowice,H,0.5556007161927111,0.2418260813955243,0.2025732024117645,1.6791372839898315,0.9080673845661252,1,0.5166452795242711,0.5826380573878263
2025/26,2504,18,Piast Gliwice,Legia Warszawa,H,0.3129414228583004,0.2695110075769425,0.41754756956475714,1.1290249969871344,1.3480842533861443,1,1.1215107822658574,1.2111276630763532
2025/26,2505,18,Zagłębie Lubin,Widzew Łódź,H,0.4264749140855662,0.2673073945545013,0.3062176913599327,1.3773620517449243,1.1242763672995444,1,0.7888191979907334,0.8744590550720975
2025/26,2506,19,Wisła Płock,Raków Częstochowa,H,0.3321155595777075,0.30940686823483426,0.3584775721874582,0.9693641257473201,1.0195866089386103,1,1.0576575703379936,1.0722522846306686
2025/26,2507,19,Bruk-Bet Termalica Nieciecza,Cracovia,A,0.3365933260611975,0.2576247617610453,0.4057819121777571,1.2723125353701188,1.4224513866637492,1,0.9268568021642358,0.8963766992794046
2025/26,2508,19,Legia Warszawa,Korona Kielce,A,0.5189846683331264,0.24642736568850648,0.23458796597836687,1.6359019429522776,1.0138576357062534,1,1.5625560188667602,1.4871983299800982
2025/26,2509,19,Motor Lublin,Pogoń Szczecin,H,0.3285150047591515,0.23096603412024877,0.44051896112059985,1.4831332426265516,1.747106339512761,1,1.0688416632699775,1.114576997289775
2025/26,2510,19,Zagłębie Lubin,GKS Katowice,A,0.4408314378330204,0.2556783523958078,0.3034902097711718,1.4915819871210076,1.1932101287952388,1,1.2624433223655873,1.1727463344833293
2025/26,2511,19,Górnik Zabrze,Piast Gliwice,H,0.4483146345178949,0.2725801262068005,0.2791052392753047,1.365438349479108,1.0158871120395876,1,0.7367946975247476,0.7067223255717109
2025/26,2512,19,Radomiak Radom,Arka Gdynia,H,0.6244322484410435,0.2205820210284923,0.1549857305304641,1.8507142342637732,0.7930851228460303,1,0.4016739828974375,0.4624042873449865
2025/26,2513,19,Lech Poznań,Lechia Gdańsk,A,0.5576250551724363,0.22212339456628014,0.22025155026128362,1.9086033624976717,1.1195480780732276,1,1.6394572949701651,1.6239861260704307
2025/26,2514,19,Widzew Łódź,Jagiellonia Białystok,A,0.35548624581544086,0.25611886235144254,0.3883948918331165,1.331145630271066,1.4029623297955494,1,0.9772760019874888,0.8949880964654398
2025/26,2515,20,Arka Gdynia,Legia Warszawa,D,0.17326809458056633,0.23026857096811612,0.5964633344513178,0.8355538021353733,1.7746231076327652,1,1.5035424950489988,1.483581145570304
2025/26,2516,20,Lechia Gdańsk,Cracovia,D,0.3732745718210301,0.25632924939479373,0.370396178784176,1.3699971536039908,1.3637173490357442,1,1.3893870706972533,1.3814131859264152
2025/26,2517,20,Górnik Zabrze,Lech Poznań,A,0.3739678126053394,0.2643804163725491,0.36165177102211143,1.3089762527832072,1.2827272353699404,1,1.0587025433397566,0.9922585333733542
2025/26,2518,20,Pogoń Szczecin,Bruk-Bet Termalica Nieciecza,D,0.6186851217134666,0.1960302052437348,0.1852846730427984,2.230070144839002,1.1459438039358891,1,1.729336044154289,1.6848185436380945
2025/26,2519,20,Korona Kielce,Zagłębie Lubin,A,0.4688148635067513,0.2655585731761623,0.2656265633170866,1.438851692357789,1.0127462273793448,1,1.4158536962551311,1.3377368402432859
2025/26,2520,20,GKS Katowice,Widzew Łódź,H,0.4212343053572076,0.25942585094342896,0.3193398436993634,1.4323609708355576,1.2128070776298985,1,0.8015705808228321,0.8627081007864519
2025/26,2521,20,Raków Częstochowa,Radomiak Radom,D,0.5227183936871078,0.25092521745236396,0.22635638886052822,1.5933140307971985,0.9552396216558575,1,1.4360725877047318,1.4174586744722701
2025/26,2522,20,Jagiellonia Białystok,Motor Lublin,H,0.5405356565063073,0.22025458206844714,0.2392097614252458,1.9428238522175951,1.2268887643935285,1,0.5427868711984241,0.5283037539180625
2025/26,2523,20,Piast Gliwice,Wisła Płock,H,0.3989831638380693,0.291484785538522,0.3095320506234086,1.1780002354067718,1.0007697675232954,1,0.8602447138547934,0.9682929296810813
2025/26,2524,21,Wisła Płock,Widzew Łódź,A,0.4495302868601342,0.27786222710026925,0.2726074860395966,1.3296663391329708,0.9694646439230947,1,1.384377492468144,1.2777890561150878
2025/26,2525,21,Bruk-Bet Termalica Nieciecza,Górnik Zabrze,D,0.3382464050496732,0.25509900361575805,0.40665459133456877,1.295849770490281,1.4454156252471737,1,1.3914698000837549,1.384433643995394
2025/26,2526,21,Motor Lublin,Lechia Gdańsk,A,0.4421568287761912,0.23058780441736415,0.32725536680644474,1.754014686251272,1.4829212187070737,1,1.1780560007901584,1.1283669414867543
2025/26,2527,21,Zagłębie Lubin,Raków Częstochowa,D,0.29842011089351667,0.2789041797934186,0.42267570931306475,1.036342859060086,1.2898188001086661,1,1.289341065143664,1.2924432392633034
2025/26,2528,21,Radomiak Radom,Korona Kielce,A,0.40251356511372616,0.2616641739541337,0.33582226093214007,1.3839063831032483,1.2408586187704098,1,1.1445434999877113,1.0888747727265928
2025/26,2529,21,Pogoń Szczecin,Arka Gdynia,H,0.6861009794160339,0.18816384574805886,0.12573517483590704,2.1621677098944394,0.8005723132575636,1,0.3111212884585348,0.33860297698453073
2025/26,2530,21,Cracovia,Jagiellonia Białystok,D,0.4161437532939297,0.25741869898179065,0.3264375477242797,1.4413260174822058,1.2467519712959767,1,1.389832799905088,1.407770637950969
2025/26,2531,21,GKS Katowice,Legia Warszawa,D,0.2926465126590678,0.2476841852107031,0.459669302130229,1.2170322356997307,1.587639421101484,1,1.421477353484174,1.41091085797596
2025/26,2532,21,Lech Poznań,Piast Gliwice,H,0.5138686298902947,0.2538661800752086,0.23226519003449653,1.5643465114844695,0.9614852167299636,1,0.5955850888426114,0.5604078932372439
2025/26,2533,22,Arka Gdynia,GKS Katowice,H,0.27690757900355506,0.2713168419387412,0.4517755790577036,1.016165673156485,1.3784075896488828,1,1.2557899451189378,1.3015959975642772
2025/26,2534,22,Legia Warszawa,Wisła Płock,H,0.535959630954306,0.24521189664020152,0.21882847240549247,1.6490277434986447,0.9575830783907368,1,0.5526866129280309,0.6068170554483798
2025/26,2535,22,Lechia Gdańsk,Zagłębie Lubin,A,0.453725661178239,0.24701048886733684,0.2992638499544242,1.5878820573984467,1.243954981197489,1,1.2797501767101127,1.2609087983360734
2025/26,2536,22,Górnik Zabrze,Pogoń Szczecin,A,0.3989683920944626,0.24897483421431635,0.3520567736912209,1.4861397918765291,1.3815552367304058,1,1.0912671301556616,1.065787542818831
2025/26,2537,22,Korona Kielce,Lech Poznań,A,0.3555845093188425,0.26517996451892883,0.37923552616222855,1.26341986930637,1.31370702308342,1,1.0039506935465135,0.8850539375249046
2025/26,2538,22,Raków Częstochowa,Bruk-Bet Termalica Nieciecza,H,0.5956613511671701,0.22677807754744653,0.17756057128538344,1.8158416806173814,0.8760392905279246,1,0.4473775946114299,0.5082792350057984
2025/26,2539,22,Jagiellonia Białystok,Radomiak Radom,D,0.4903350121496793,0.2364336100540055,0.27323137779631507,1.731694340393549,1.2357067864844118,1,1.4954209550767827,1.5435571024768455
2025/26,2540,22,Piast Gliwice,Motor Lublin,A,0.4722012517734086,0.24900039094335003,0.2787983572832414,1.5865735457005448,1.1605446577193803,1,1.36172934952081,1.2103986835201035
2025/26,2541,22,Widzew Łódź,Cracovia,D,0.3647363443984854,0.27832959829892345,0.3569340573025912,1.195512151430398,1.1795001948076884,1,1.2971765885009938,1.30022811735292
2025/26,2542,23,Arka Gdynia,Lechia Gdańsk,D,0.28023006055921945,0.25615877269790543,0.4636111667428751,1.1167057968875924,1.5126157166550578,1,1.3833101689229843,1.378046845939165
2025/26,2543,23,Bruk-Bet Termalica Nieciecza,Radomiak Radom,D,0.37440406204169574,0.24744336616774043,0.3781525717905637,1.4489843541896978,1.4573875815521364,1,1.4287317572648308,1.4134293730819973
2025/26,2544,23,Motor Lublin,Korona Kielce,H,0.36815841108027686,0.25248014812900155,0.37936144079072165,1.3905685672501584,1.4152938721380257,1,0.9450935947636065,0.9506750644990312
2025/26,2545,23,Zagłębie Lubin,Wisła Płock,H,0.37924678363750386,0.2841173250494808,0.33663589131301536,1.1878665927187306,1.1017487824372663,1,0.9139298798808687,0.9735693949757679
2025/26,2546,23,Pogoń Szczecin,Widzew Łódź,H,0.5303832047607114,0.2333499930888337,0.23626680215045487,1.7774129314096077,1.1083355256501506,1,0.5624783132807061,0.6141791045029008
2025/26,2547,23,Cracovia,Piast Gliwice,A,0.456810178600508,0.27516455748398927,0.26802526391550263,1.3559192562287492,0.9693783532713839,1,1.4043227667428007,1.4200453525939931
2025/26,2548,23,GKS Katowice,Górnik Zabrze,H,0.36942978417724287,0.264690846896097,0.3658793689266602,1.297240690631457,1.2896800400671182,1,0.9415288653799743,1.0098179449475775
2025/26,2549,23,Lech Poznań,Raków Częstochowa,H,0.41020071554736337,0.27299303447635936,0.31680624997627704,1.3119592938956923,1.118077273637492,1,0.8300822885677284,0.8022947519522009
2025/26,2550,23,Jagiellonia Białystok,Legia Warszawa,D,0.3882234117607396,0.24534924467255678,0.3664273435667035,1.49868894583731,1.4495105625477789,1,1.4396731389530981,1.4712050479035106
2025/26,2551,24,Wisła Płock,Arka Gdynia,A,0.5754336594790753,0.2508429970216297,0.17372334349929486,1.5849952852914084,0.7411958625604741,1,1.9099922863200918,1.7958290124926355
2025/26,2552,24,Legia Warszawa,Cracovia,H,0.49067452474597634,0.25434322715282626,0.2549822481011974,1.549826017565496,1.0419578040350637,1,0.6426018721811602,0.7074863659741056
2025/26,2553,24,Lechia Gdańsk,Jagiellonia Białystok,H,0.3722609069704427,0.23570760463224613,0.39203148839731117,1.5589826830867612,1.6050282322817293,1,0.9331504709325152,1.0219074113137412
2025/26,2554,24,Motor Lublin,Górnik Zabrze,D,0.3597021177059153,0.24949311922907588,0.3908047630650089,1.3961666844768428,1.4654240855086411,1,1.4180978573098784,1.4085667996070763
2025/26,2555,24,Radomiak Radom,GKS Katowice,A,0.46096320787288875,0.2464429344016476,0.2925938577254638,1.6012479521892835,1.2262681857888922,1,1.3059834112442554,1.1966537650817828
2025/26,2556,24,Korona Kielce,Bruk-Bet Termalica Nieciecza,H,0.5132399239233969,0.24251165116852874,0.24424842490807433,1.674516382403167,1.0772646579332898,1,0.5961578012971297,0.6622090227053795
2025/26,2557,24,Raków Częstochowa,Pogoń Szczecin,H,0.46607184394636925,0.2518164826044395,0.2821116734491912,1.554362023872413,1.1520897914500696,1,0.6954705376604317,0.7748216363933986
2025/26,2558,24,Piast Gliwice,Zagłębie Lubin,A,0.4395022580027769,0.27328277959226766,0.2872149624049553,1.3502137588150156,1.0356894489935498,1,1.3243758343746308,1.218178779085107
2025/26,2559,24,Widzew Łódź,Lech Poznań,H,0.3199221426135462,0.26324888319840295,0.4168289741880509,1.1881090634804576,1.3947062674841664,1,1.0974108018364024,1.163601212877728
2025/26,2560,25,Arka Gdynia,Widzew Łódź,D,0.2983452759993023,0.27605530834549746,0.42559941565520026,1.0515595348164586,1.3130186499056755,1,1.300759421296884,1.3080592697562952
2025/26,2561,25,Bruk-Bet Termalica Nieciecza,Motor Lublin,A,0.433777050231862,0.23532400303334336,0.3308989467347946,1.6860054824084805,1.4469681795724234,1,1.1646132319395741,1.1086061255741217
2025/26,2562,25,Zagłębie Lubin,Lech Poznań,A,0.30446600755329095,0.2607249783790059,0.43480901406770306,1.1615519584596705,1.4407626191284535,1,0.8476425627439476,0.7578635290844081
2025/26,2563,25,Górnik Zabrze,Raków Częstochowa,H,0.33403603275576893,0.2796974012753517,0.3862665659688792,1.1208422676448524,1.227568171896776,1,1.0505721452769112,1.0356199444813152
2025/26,2564,25,Radomiak Radom,Legia Warszawa,D,0.33410635044955483,0.2537247989567542,0.4121688505936909,1.2954968832434632,1.4667956885193776,1,1.3971595999356523,1.393741665254784
2025/26,2565,25,Pogoń Szczecin,Korona Kielce,H,0.48822641176851944,0.24245630678254962,0.2693172814489311,1.6644113733705292,1.1740738203216938,1,0.6471585680214552,0.657897450244827
2025/26,2566,25,Cracovia,Wisła Płock,A,0.4694451485939923,0.27201249800330474,0.25854235340270304,1.3903209510220733,0.956072732620542,1,1.446447482305799,1.3871252031477033
2025/26,2567,25,GKS Katowice,Lechia Gdańsk,H,0.42542197469382925,0.24039583818837335,0.3341821871177975,1.617380246532616,1.4087660057815798,1,0.7906806252386787,0.8417874291398967
2025/26,2568,25,Jagiellonia Białystok,Piast Gliwice,A,0.4855347171721216,0.24946377810101317,0.26500150472686523,1.592137936502306,1.108875988815077,1,1.420599656773371,1.5025052795845275
2025/26,2569,26,Jagiellonia Białystok,Wisła Płock,A,0.5070107939107227,0.24450560483783432,0.2484836012514431,1.6520946130525012,1.0805155391756895,1,1.4960073061015837,1.4980255047158744
2025/26,2570,26,Legia Warszawa,Raków Częstochowa,D,0.4067127298073137,0.2708385990486701,0.3224486711440162,1.3217305078306143,1.1456993634165555,1,1.332380411500868,1.3313731328085308
2025/26,2571,26,Lechia Gdańsk,Pogoń Szczecin,H,0.3639755528705996,0.23329794990879185,0.4027264972206085,1.5633638710954034,1.6543243036500201,1,0.9574535041407385,1.0052249531551785
2025/26,2572,26,Motor Lublin,Zagłębie Lubin,H,0.4200281411332442,0.2517678603227733,0.32820399854398236,1.4971107298265511,1.2945735778223788,1,0.8043907835369744,0.825831909774187
2025/26,2573,26,Korona Kielce,Arka Gdynia,H,0.5685449707513476,0.24257346607437258,0.18888156317427998,1.666023577172812,0.844365087923175,1,0.4940208494401506,0.5503346788113465
2025/26,2574,26,Cracovia,GKS Katowice,H,0.482002323791229,0.25712191594997885,0.2608757602587922,1.5194511050496495,1.0457551558349518,1,0.6610368782354799,0.7069989811837899
2025/26,2575,26,Lech Poznań,Bruk-Bet Termalica Nieciecza,H,0.6156979962724256,0.2055431364430328,0.17875886728454143,2.0754257419131092,1.0241332551201507,1,0.41393602451244305,0.42452428194131786
2025/26,2576,26,Piast Gliwice,Radomiak Radom,H,0.4205353830397622,0.26821549430021907,0.31124912266001875,1.362075148733451,1.132473425363471,1,0.8036233514740477,0.881535127611235
2025/26,2577,26,Widzew Łódź,Górnik Zabrze,D,0.38130621326663855,0.27694930294875797,0.34174448378460365,1.2362179024932805,1.1547716505939598,1,1.304538032190712,1.3034495692681982
2025/26,2578,27,Arka Gdynia,Zagłębie Lubin,H,0.3117120473383286,0.2762652892626078,0.41202266339906357,1.0858355114170264,1.292197490861492,1,1.1258471005868451,1.1490898504739222
2025/26,2579,27,Bruk-Bet Termalica Nieciecza,Piast Gliwice,H,0.35153582799772337,0.25780905716042635,0.39065511484185045,1.3084491658454336,1.393381352436886,1,0.9949933651125091,0.9819417592037564
2025/26,2580,27,Lechia Gdańsk,Korona Kielce,H,0.4188183178397812,0.24827006721191666,0.3329116149483021,1.5277362046695255,1.3361316296312409,1,0.8073641638050713,0.8197155664476881
2025/26,2581,27,Górnik Zabrze,Cracovia,H,0.40661703073070377,0.2785395464160928,0.3148434228532035,1.2687801619952959,1.0810045039893084,1,0.8395875372024498,0.8629842588488422
2025/26,2582,27,Radomiak Radom,Motor Lublin,D,0.48414767334379594,0.23718758870447793,0.2786647379517261,1.7192796361154874,1.2501737356631137,1,1.4908235422866,1.451923312770164
2025/26,2583,27,Pogoń Szczecin,Legia Warszawa,A,0.40376874964282095,0.24393858611513453,0.35229266424204453,1.5433944794312746,1.4268114948620183,1,1.0910378756644608,1.0848908925443284
2025/26,2584,27,GKS Katowice,Wisła Płock,H,0.43621820128116945,0.2609328941738527,0.302848904544978,1.44089305437936,1.1554425537327946,1,0.7648502294669745,0.8079683811992627
2025/26,2585,27,Raków Częstochowa,Widzew Łódź,D,0.5363342682634611,0.2588669931349566,0.20479873860158238,1.5244557461814046,0.8316327520981665,1,1.4048324662347884,1.3650600515718865
2025/26,2586,27,Jagiellonia Białystok,Lech Poznań,D,0.3824175208525653,0.24601081701670902,0.3715716621307257,1.480024655738879,1.45560159134471,1,1.4360391734190456,1.4552705080077517
2025/26,2587,28,Wisła Płock,Lechia Gdańsk,H,0.41008430820865704,0.2510230654881534,0.3388926263031894,1.4874894157264111,1.329926958643704,1,0.8297505584544214,0.8873945941702468
2025/26,2588,28,Legia Warszawa,Górnik Zabrze,D,0.5077492209136188,0.24904885945525013,0.24320191963113108,1.6073158490847501,1.0310823520358425,1,1.4413337167293245,1.4046657051962137
2025/26,2589,28,Motor Lublin,Raków Częstochowa,D,0.279429566470734,0.25325636019891185,0.467314073330354,1.133298343019225,1.5421893488150304,1,1.396022528471264,1.387192517041907
2025/26,2590,28,Zagłębie Lubin,Radomiak Radom,H,0.3886894202198354,0.26604170139274047,0.345268878387424,1.3255012418470224,1.2334407493192798,1,0.8871156676740897,0.9223250337023865
2025/26,2591,28,Korona Kielce,Jagiellonia Białystok,D,0.39688572948838885,0.2527786166426078,0.3503356538690034,1.4479328853382214,1.3453585800397168,1,1.4075386024404635,1.4270451361831333
2025/26,2592,28,Cracovia,Arka Gdynia,D,0.5850630761103103,0.2379982679071138,0.17693865598257613,1.7017449691185815,0.81344365048841,1,1.5080217603724808,1.4778006261245982
2025/26,2593,28,Lech Poznań,GKS Katowice,D,0.5686505432622937,0.22504293980834758,0.20630651692935859,1.8628248737853619,1.0296100036950584,1,1.5655545212032052,1.552013105778619
2025/26,2594,28,Piast Gliwice,Pogoń Szczecin,A,0.3841288002031437,0.2566824068628513,0.35918879293400496,1.389792733646058,1.3354488474880086,1,1.067310744837992,0.9558736530915121
2025/26,2595,28,Widzew Łódź,Bruk-Bet Termalica Nieciecza,H,0.4960025095344428,0.245575981438274,0.2584215090272831,1.6365668701055667,1.1111363856466392,1,0.6311034975931327,0.6565009598697593
2025/26,2596,29,Arka Gdynia,Jagiellonia Białystok,A,0.2552476302883861,0.245854673164946,0.49889769654666816,1.0973116131727343,1.6351573491583893,1,0.6928488937578136,0.6206924541000082
2025/26,2597,29,Bruk-Bet Termalica Nieciecza,Wisła Płock,A,0.3761185700811133,0.2558725975929576,0.368008832325929,1.3798392476451475,1.362122468197141,1,1.0393971163890094,0.9990427955321326
2025/26,2598,29,Legia Warszawa,Zagłębie Lubin,H,0.5812248758246356,0.23089359098087003,0.1878815331944943,1.7821337878812358,0.9029314901767587,1,0.4715307677077832,0.5135096018821786
2025/26,2599,29,Lechia Gdańsk,Piast Gliwice,D,0.4294262329667461,0.24997112426393156,0.3206026427693224,1.5279917971670733,1.2869115845840338,1,1.424168072449239,1.4057290125156596
2025/26,2600,29,Górnik Zabrze,Korona Kielce,H,0.4334797251717686,0.26546209880385824,0.3010581760243732,1.4010153375625363,1.1211693838071082,1,0.7716320675346471,0.7725735594208355
2025/26,2601,29,Radomiak Radom,Widzew Łódź,H,0.4314740488172128,0.267458766465828,0.30106718471695904,1.382997380490855,1.1088817386973278,1,0.7765802113466299,0.8748958251644336
2025/26,2602,29,Pogoń Szczecin,Lech Poznań,A,0.39783948078130965,0.24263246101740232,0.35952805820128825,1.5448966651006975,1.4577271192091414,1,1.0676715814975741,0.98189505248144
2025/26,2603,29,GKS Katowice,Motor Lublin,H,0.47894473405564325,0.23765012972080643,0.28340513622355046,1.7103557131761993,1.2639887773403795,1,0.6667478749354997,0.713685852718197
2025/26,2604,29,Raków Częstochowa,Cracovia,H,0.4952203658640939,0.26804096730130567,0.23673866683460054,1.4384022818122877,0.9042262962263695,1,0.6340310754109937,0.6981441851527498
2025/26,2605,30,Wisła Płock,Radomiak Radom,A,0.3990691858462175,0.26790345220956235,0.33302736194422,1.330329834603269,1.1911369189284533,1,1.153588110450632,1.1359839588809268
2025/26,2606,30,Lechia Gdańsk,Raków Częstochowa,A,0.32620446970288247,0.2521346928627635,0.42166083743435423,1.286061266079037,1.4963276980597011,1,0.8833235503539598,0.8796864099369042
2025/26,2607,30,Zagłębie Lubin,Bruk-Bet Termalica Nieciecza,A,0.47112055765948496,0.24684533249632543,0.28203410984418953,1.606792597440761,1.1872671931612826,1,1.348607627921541,1.2537404629978899
2025/26,2608,30,Korona Kielce,GKS Katowice,D,0.4592044003207212,0.2517833324284354,0.2890122672508434,1.5479549399611,1.1751446788637423,1,1.4206827848697652,1.397806690918099
2025/26,2609,30,Cracovia,Pogoń Szczecin,D,0.4159759472480233,0.2530970214078327,0.330927031344144,1.478638043808335,1.2917252086810473,1,1.408559846532334,1.3959207113677758
2025/26,2610,30,Lech Poznań,Legia Warszawa,H,0.4349717716199366,0.2530847188817413,0.31194350949832206,1.5070734900691618,1.2373905665403868,1,0.7675865344636237,0.7509839555985354
2025/26,2611,30,Jagiellonia Białystok,Górnik Zabrze,A,0.4506515544461421,0.2507101483696538,0.29863829718420415,1.5487033034436026,1.213974326319323,1,1.281725473423614,1.244811051041926
2025/26,2612,30,Piast Gliwice,Arka Gdynia,H,0.5553836830463603,0.24587296579633516,0.1987433511573043,1.6390012709098756,0.8701203217176279,1,0.5173362063605951,0.606557299794607
2025/26,2613,30,Widzew Łódź,Motor Lublin,H,0.4665356416003843,0.25172942077128857,0.28173493762832713,1.5556046701650135,1.1514307037020308,1,0.6944362097343748,0.7244838647197545
2025/26,2614,31,Arka Gdynia,Górnik Zabrze,D,0.27870727466772943,0.2648312252327584,0.4564615000995123,1.0582156498576514,1.4328678754038031,1,1.3460453379456632,1.3514603766945656
2025/26,2615,31,Legia Warszawa,Widzew Łódź,H,0.5435913988352153,0.2464862048524903,0.20992239631229437,1.6357210848431418,0.9136982414332422,1,0.5386661875646052,0.6119775954385503
2025/26,2616,31,Motor Lublin,Lech Poznań,A,0.27144875550817327,0.23403833933519919,0.49451290515662766,1.2485243700362363,1.761708984354341,1,0.7034541122367153,0.6523311413597368
2025/26,2617,31,Zagłębie Lubin,Cracovia,D,0.3410541862219338,0.2819345512294794,0.37701126254858697,1.1238784578522205,1.196962203665225,1,1.2805772302935647,1.2830994273058394
2025/26,2618,31,Radomiak Radom,Lechia Gdańsk,H,0.44435748018972304,0.2382976297230936,0.3173448900871834,1.6674991947397722,1.3758861727438518,1,0.7447988170682468,0.8305484846525404
2025/26,2619,31,Pogoń Szczecin,Wisła Płock,H,0.5126158636395104,0.24021333583869403,0.24717080052179552,1.698756953666421,1.104700872934292,1,0.5972727959077286,0.6360277721210017
2025/26,2620,31,Korona Kielce,Piast Gliwice,D,0.42235911515583413,0.2685515221891153,0.3090893626550506,1.3621982647495954,1.1245115647323156,1,1.3439034938715804,1.3290548116338021
2025/26,2621,31,GKS Katowice,Bruk-Bet Termalica Nieciecza,H,0.5111637191349032,0.22917265857621696,0.25966362228887996,1.8268014986183232,1.2415133898416615,1,0.5996594186216953,0.6442410239698266
2025/26,2622,31,Raków Częstochowa,Jagiellonia Białystok,A,0.509100372395846,0.24403712609878206,0.2468625015053718,1.6575712445995765,1.0773391962771417,1,1.5036738655712591,1.324337811275097
2025/26,2623,32,Wisła Płock,Motor Lublin,A,0.45732748097420545,0.2536756270528825,0.288996891972912,1.5285886573643919,1.1618620119027567,1,1.3194448088257387,1.2457970872552808
2025/26,2624,32,Bruk-Bet Termalica Nieciecza,Legia Warszawa,A,0.2670505318958952,0.2351007097179311,0.4978487583861738,1.2224527763928468,1.7508768049140817,1,0.6958112961519703,0.6966377203886005
2025/26,2625,32,Górnik Zabrze,Zagłębie Lubin,A,0.4915338506951931,0.2632910957020824,0.2451750536027244,1.473704878270617,0.9570055778434584,1,1.5090796637472024,1.486307415870866
2025/26,2626,32,Cracovia,Radomiak Radom,D,0.45591883627406704,0.2633219252296098,0.28075923849632334,1.4443986841642964,1.0735531200123378,1,1.370735010911438,1.3650868597037613
2025/26,2627,32,Lech Poznań,Arka Gdynia,D,0.6786237735486207,0.19169254248220965,0.1296836839691698,2.129383472599171,0.8057639627890304,1,1.770020220569845,1.7496129843597659
2025/26,2628,32,Raków Częstochowa,Korona Kielce,H,0.5294224222857004,0.2477810594881252,0.22279651822617458,1.623863925139392,0.9589414857923023,1,0.565152684760216,0.6063414711943494
2025/26,2629,32,Jagiellonia Białystok,Pogoń Szczecin,H,0.4292760984423766,0.23256526941427252,0.33815863214335085,1.7110171457552699,1.4971245458609825,1,0.7810504480307806,0.7789762956404342
2025/26,2630,32,Piast Gliwice,GKS Katowice,D,0.45593393815488487,0.25730556164479057,0.28676050020032456,1.494847277861055,1.1302335496821458,1,1.3962121353162213,1.3522687639478903
2025/26,2631,32,Widzew Łódź,Lechia Gdańsk,H,0.404538627883298,0.2547444711230568,0.3407169009936453,1.4447777589678914,1.3050637760579937,1,0.8442860233779558,0.8749339698821594
2025/26,2632,33,Arka Gdynia,Bruk-Bet Termalica Nieciecza,A,0.3764819552429536,0.25443508702479023,0.36908295773225613,1.3925393744295853,1.376305545922332,1,1.036173206787486,0.9918706827072514
2025/26,2633,33,Wisła Płock,Górnik Zabrze,A,0.36728962439223467,0.27848927825304004,0.3542210973547254,1.1996137440971604,1.172806340229478,1,1.0814209927422136,1.0060909094373895
2025/26,2634,33,Lechia Gdańsk,Legia Warszawa,A,0.34215972330544264,0.241921801045888,0.41591847564866924,1.4177211455954544,1.585698401359789,1,0.8998918332004533,0.8927321530940134
2025/26,2635,33,Motor Lublin,Cracovia,D,0.34938224340836466,0.25914695890919465,0.39147079768244064,1.2930412283028017,1.384055512844183,1,1.3748979132978443,1.369335956794671
2025/26,2636,33,Zagłębie Lubin,Pogoń Szczecin,A,0.3383148527943088,0.2535983801237579,0.4080867670819335,1.3077495025005244,1.4609759539599898,1,0.920688772619391,0.8553434029919972
2025/26,2637,33,Radomiak Radom,Lech Poznań,A,0.31157837048626796,0.2536729558620552,0.43474867365167696,1.2319435700983834,1.5014582426200571,1,0.8482839039637656,0.7521907721900509
2025/26,2638,33,Korona Kielce,Widzew Łódź,H,0.4530807546021258,0.26776375639235395,0.27915548900552034,1.4064606856239716,1.0426681738060661,1,0.7255460092805227,0.8090823199753754
2025/26,2639,33,GKS Katowice,Jagiellonia Białystok,D,0.3978037973954646,0.2439110608849167,0.35828514171961867,1.5321452070544763,1.4426018421542834,1,1.4473095775050278,1.457176844999296
2025/26,2640,33,Piast Gliwice,Raków Częstochowa,A,0.33047534958723424,0.27807487386273777,0.3914497765500279,1.1219189308763355,1.2470001167499636,1,0.966570553201552,0.9032111293401381
2025/26,2641,34,Bruk-Bet Termalica Nieciecza,Lechia Gdańsk,H,0.3687232245624169,0.23128637979822106,0.39999039563936195,1.5979076862158101,1.6718291083153956,1,0.943481856904563,0.9968704323397407
2025/26,2642,34,Legia Warszawa,Motor Lublin,H,0.6103309442702224,0.2086002780658607,0.18106877766391707,2.0383830910241976,1.0143838016679638,1,0.42256171786324265,0.48042064735659856
2025/26,2643,34,Górnik Zabrze,Radomiak Radom,H,0.4599516879281806,0.25995178785325745,0.2800965242185618,1.4763160403064848,1.0920887683004523,1,0.709535657050433,0.7123519487081618
2025/26,2644,34,Pogoń Szczecin,GKS Katowice,D,0.5182755106603154,0.22759091672452572,0.2541335726151591,1.8478476679916898,1.2312996979328112,1,1.5426658271421037,1.5115605499367062
2025/26,2645,34,Cracovia,Korona Kielce,D,0.43900747169017923,0.2681934931365037,0.2927990351733171,1.3870529290802445,1.0807544559405575,1,1.3478499917339017,1.3470106221944358
2025/26,2646,34,Lech Poznań,Wisła Płock,D,0.5828419149813829,0.23217576303233192,0.18498232198628545,1.7662243809332996,0.8817593330762937,1,1.5345963596193815,1.5215833816528184
2025/26,2647,34,Raków Częstochowa,Arka Gdynia,H,0.6383801804977142,0.21381990507778528,0.14779991442450047,1.9108345089197887,0.7895677523017406,1,0.3802082609121133,0.43146327956251346
2025/26,2648,34,Jagiellonia Białystok,Zagłębie Lubin,H,0.5293620117563778,0.23735892711260304,0.23327906113101918,1.7317879820231659,1.067235368707021,1,0.5646339924928084,0.5470424808614726
2025/26,2649,34,Widzew Łódź,Piast Gliwice,H,0.37758754193360045,0.28313048283119924,0.3392819752352003,1.190773754275066,1.1131564918073023,1,0.9185829384432447,0.9031993093971709
