match_id,sezon,home_lineup_offense,home_lineup_defense,home_lineup_minutes,home_lineup_gk_cs,home_starters_with_prior,away_lineup_offense,away_lineup_defense,away_lineup_minutes,away_lineup_gk_cs,away_starters_with_prior,diff_lineup_offense,diff_lineup_defense,diff_lineup_minutes
1684,2023/24,0.0,0.0,0.0,0.0,0.0,0.0,0.0,0.0,0.0,0.0,0.0,0.0,0.0
1685,2023/24,0.0,0.0,0.0,0.0,0.0,0.0,0.0,0.0,0.0,0.0,0.0,0.0,0.0
1686,2023/24,0.0,0.0,0.0,0.0,0.0,0.0,0.0,0.0,0.0,0.0,0.0,0.0,0.0
1687,2023/24,0.0,0.0,0.0,0.0,0.0,0.0,0.0,0.0,0.0,0.0,0.0,0.0,0.0
1688,2023/24,0.0,0.0,0.0,0.0,0.0,0.0,0.0,0.0,0.0,0.0,0.0,0.0,0.0
1689,2023/24,0.0,0.0,0.0,0.0,0.0,0.0,0.0,0.0,0.0,0.0,0.0,0.0,0.0
1690,2023/24,0.0,0.0,0.0,0.0,0.0,0.0,0.0,0.0,0.0,0.0,0.0,0.0,0.0
1691,2023/24,0.0,0.0,0.0,0.0,0.0,0.0,0.0,0.0,0.0,0.0,0.0,0.0,0.0
1692,2023/24,0.0,0.0,0.0,0.0,0.0,0.0,0.0,0.0,0.0,0.0,0.0,0.0,0.0
1693,2023/24,0.0,0.0,0.0,0.0,0.0,0.0,0.0,0.0,0.0,0.0,0.0,0.0,0.0
1694,2023/24,0.0,0.0,0.0,0.0,0.0,0.0,0.0,0.0,0.0,0.0,0.0,0.0,0.0
1695,2023/24,0.0,0.0,0.0,0.0,0.0,0.0,0.0,0.0,0.0,0.0,0.0,0.0,0.0
1696,2023/24,0.0,0.0,0.0,0.0,0.0,0.0,0.0,0.0,0.0,0.0,0.0,0.0,0.0
1697,2023/24,0.0,0.0,0.0,0.0,0.0,0.0,0.0,0.0,0.0,0.0,0.0,0.0,0.0
1698,2023/24,0.0,0.0,0.0,0.0,0.0,0.0,0.0,0.0,0.0,0.0,0.0,0.0,0.0
1699,2023/24,0.0,0.0,0.0,0.0,0.0,0.0,0.0,0.0,0.0,0.0,0.0,0.0,0.0
1700,2023/24,0.0,0.0,0.0,0.0,0.0,0.0,0.0,0.0,0.0,0.0,0.0,0.0,0.0
1701,2023/24,0.0,0.0,0.0,0.0,0.0,0.0,0.0,0.0,0.0,0.0,0.0,0.0,0.0
1702,2023/24,0.0,0.0,0.0,0.0,0.0,0.0,0.0,0.0,0.0,0.0,0.0,0.0,0.0
1703,2023/24,0.0,0.0,0.0,0.0,0.0,0.0,0.0,0.0,0.0,0.0,0.0,0.0,0.0
1704,2023/24,0.0,0.0,0.0,0.0,0.0,0.0,0.0,0.0,0.0,0.0,0.0,0.0,0.0
1705,2023/24,0.0,0.0,0.0,0.0,0.0,0.0,0.0,0.0,0.0,0.0,0.0,0.0,0.0
1706,2023/24,0.0,0.0,0.0,0.0,0.0,0.0,0.0,0.0,0.0,0.0,0.0,0.0,0.0
1707,2023/24,0.0,0.0,0.0,0.0,0.0,0.0,0.0,0.0,0.0,0.0,0.0,0.0,0.0
1708,2023/24,0.0,0.0,0.0,0.0,0.0,0.0,0.0,0.0,0.0,0.0,0.0,0.0,0.0
1709,2023/24,0.0,0.0,0.0,0.0,0.0,0.0,0.0,0.0,0.0,0.0,0.0,0.0,0.0
1710,2023/24,0.0,0.0,0.0,0.0,0.0,0.0,0.0,0.0,0.0,0.0,0.0,0.0,0.0
1711,2023/24,0.0,0.0,0.0,0.0,0.0,0.0,0.0,0.0,0.0,0.0,0.0,0.0,0.0
1712,2023/24,0.0,0.0,0.0,0.0,0.0,0.0,0.0,0.0,0.0,0.0,0.0,0.0,0.0
1713,2023/24,0.0,0.0,0.0,0.0,0.0,0.0,0.0,0.0,0.0,0.0,0.0,0.0,0.0
1714,2023/24,0.0,0.0,0.0,0.0,0.0,0.0,0.0,0.0,0.0,0.0,0.0,0.0,0.0
1715,2023/24,0.0,0.0,0.0,0.0,0.0,0.0,0.0,0.0,0.0,0.0,0.0,0.0,0.0
1716,2023/24,0.0,0.0,0.0,0.0,0.0,0.0,0.0,0.0,0.0,0.0,0.0,0.0,0.0
1717,2023/24,0.0,0.0,0.0,0.0,0.0,0.0,0.0,0.0,0.0,0.0,0.0,0.0,0.0
1718,2023/24,0.0,0.0,0.0,0.0,0.0,0.0,0.0,0.0,0.0,0.0,0.0,0.0,0.0
1719,2023/24,0.0,0.0,0.0,0.0,0.0,0.0,0.0,0.0,0.0,0.0,0.0,0.0,0.0
1720,2023/24,0.0,0.0,0.0,0.0,0.0,0.0,0.0,0.0,0.0,0.0,0.0,0.0,0.0
1721,2023/24,0.0,0.0,0.0,0.0,0.0,0.0,0.0,0.0,0.0,0.0,0.0,0.0,0.0
1722,2023/24,0.0,0.0,0.0,0.0,0.0,0.0,0.0,0.0,0.0,0.0,0.0,0.0,0.0
1723,2023/24,0.0,0.0,0.0,0.0,0.0,0.0,0.0,0.0,0.0,0.0,0.0,0.0,0.0
1724,2023/24,0.0,0.0,0.0,0.0,0.0,0.0,0.0,0.0,0.0,0.0,0.0,0.0,0.0
1725,2023/24,0.0,0.0,0.0,0.0,0.0,0.0,0.0,0.0,0.0,0.0,0.0,0.0,0.0
1726,2023/24,0.0,0.0,0.0,0.0,0.0,0.0,0.0,0.0,0.0,0.0,0.0,0.0,0.0
1727,2023/24,0.0,0.0,0.0,0.0,0.0,0.0,0.0,0.0,0.0,0.0,0.0,0.0,0.0
1728,2023/24,0.0,0.0,0.0,0.0,0.0,0.0,0.0,0.0,0.0,0.0,0.0,0.0,0.0
1729,2023/24,0.0,0.0,0.0,0.0,0.0,0.0,0.0,0.0,0.0,0.0,0.0,0.0,0.0
1730,2023/24,0.0,0.0,0.0,0.0,0.0,0.0,0.0,0.0,0.0,0.0,0.0,0.0,0.0
1731,2023/24,0.0,0.0,0.0,0.0,0.0,0.0,0.0,0.0,0.0,0.0,0.0,0.0,0.0
1732,2023/24,0.0,0.0,0.0,0.0,0.0,0.0,0.0,0.0,0.0,0.0,0.0,0.0,0.0
1733,2023/24,0.0,0.0,0.0,0.0,0.0,0.0,0.0,0.0,0.0,0.0,0.0,0.0,0.0
1734,2023/24,0.0,0.0,0.0,0.0,0.0,0.0,0.0,0.0,0.0,0.0,0.0,0.0,0.0
1735,2023/24,0.0,0.0,0.0,0.0,0.0,0.0,0.0,0.0,0.0,0.0,0.0,0.0,0.0
1736,2023/24,0.0,0.0,0.0,0.0,0.0,0.0,0.0,0.0,0.0,0.0,0.0,0.0,0.0
1737,2023/24,0.0,0.0,0.0,0.0,0.0,0.0,0.0,0.0,0.0,0.0,0.0,0.0,0.0
1738,2023/24,0.0,0.0,0.0,0.0,0.0,0.0,0.0,0.0,0.0,0.0,0.0,0.0,0.0
1739,2023/24,0.0,0.0,0.0,0.0,0.0,0.0,0.0,0.0,0.0,0.0,0.0,0.0,0.0
1740,2023/24,0.0,0.0,0.0,0.0,0.0,0.0,0.0,0.0,0.0,0.0,0.0,0.0,0.0
1741,2023/24,0.0,0.0,0.0,0.0,0.0,0.0,0.0,0.0,0.0,0.0,0.0,0.0,0.0
1742,2023/24,0.0,0.0,0.0,0.0,0.0,0.0,0.0,0.0,0.0,0.0,0.0,0.0,0.0
1743,2023/24,0.0,0.0,0.0,0.0,0.0,0.0,0.0,0.0,0.0,0.0,0.0,0.0,0.0
1744,2023/24,0.0,0.0,0.0,0.0,0.0,0.0,0.0,0.0,0.0,0.0,0.0,0.0,0.0
1745,2023/24,0.0,0.0,0.0,0.0,0.0,0.0,0.0,0.0,0.0,0.0,0.0,0.0,0.0
1746,2023/24,0.0,0.0,0.0,0.0,0.0,0.0,0.0,0.0,0.0,0.0,0.0,0.0,0.0
1747,2023/24,0.0,0.0,0.0,0.0,0.0,0.0,0.0,0.0,0.0,0.0,0.0,0.0,0.0
1748,2023/24,0.0,0.0,0.0,0.0,0.0,0.0,0.0,0.0,0.0,0.0,0.0,0.0,0.0
1749,2023/24,0.0,0.0,0.0,0.0,0.0,0.0,0.0,0.0,0.0,0.0,0.0,0.0,0.0
1750,2023/24,0.0,0.0,0.0,0.0,0.0,0.0,0.0,0.0,0.0,0.0,0.0,0.0,0.0
1751,2023/24,0.0,0.0,0.0,0.0,0.0,0.0,0.0,0.0,0.0,0.0,0.0,0.0,0.0
1752,2023/24,0.0,0.0,0.0,0.0,0.0,0.0,0.0,0.0,0.0,0.0,0.0,0.0,0.0
1753,2023/24,0.0,0.0,0.0,0.0,0.0,0.0,0.0,0.0,0.0,0.0,0.0,0.0,0.0
1754,2023/24,0.0,0.0,0.0,0.0,0.0,0.0,0.0,0.0,0.0,0.0,0.0,0.0,0.0
1755,2023/24,0.0,0.0,0.0,0.0,0.0,0.0,0.0,0.0,0.0,0.0,0.0,0.0,0.0
1756,2023/24,0.0,0.0,0.0,0.0,0.0,0.0,0.0,0.0,0.0,0.0,0.0,0.0,0.0
1757,2023/24,0.0,0.0,0.0,0.0,0.0,0.0,0.0,0.0,0.0,0.0,0.0,0.0,0.0
1758,2023/24,0.0,0.0,0.0,0.0,0.0,0.0,0.0,0.0,0.0,0.0,0.0,0.0,0.0
1759,2023/24,0.0,0.0,0.0,0.0,0.0,0.0,0.0,0.0,0.0,0.0,0.0,0.0,0.0
1760,2023/24,0.0,0.0,0.0,0.0,0.0,0.0,0.0,0.0,0.0,0.0,0.0,0.0,0.0
1761,2023/24,0.0,0.0,0.0,0.0,0.0,0.0,0.0,0.0,0.0,0.0,0.0,0.0,0.0
1762,2023/24,0.0,0.0,0.0,0.0,0.0,0.0,0.0,0.0,0.0,0.0,0.0,0.0,0.0
1763,2023/24,0.0,0.0,0.0,0.0,0.0,0.0,0.0,0.0,0.0,0.0,0.0,0.0,0.0
1764,2023/24,0.0,0.0,0.0,0.0,0.0,0.0,0.0,0.0,0.0,0.0,0.0,0.0,0.0
1765,2023/24,0.0,0.0,0.0,0.0,0.0,0.0,0.0,0.0,0.0,0.0,0.0,0.0,0.0
1766,2023/24,0.0,0.0,0.0,0.0,0.0,0.0,0.0,0.0,0.0,0.0,0.0,0.0,0.0
1767,2023/24,0.0,0.0,0.0,0.0,0.0,0.0,0.0,0.0,0.0,0.0,0.0,0.0,0.0
1768,2023/24,0.0,0.0,0.0,0.0,0.0,0.0,0.0,0.0,0.0,0.0,0.0,0.0,0.0
1769,2023/24,0.0,0.0,0.0,0.0,0.0,0.0,0.0,0.0,0.0,0.0,0.0,0.0,0.0
1770,2023/24,0.0,0.0,0.0,0.0,0.0,0.0,0.0,0.0,0.0,0.0,0.0,0.0,0.0
1771,2023/24,0.0,0.0,0.0,0.0,0.0,0.0,0.0,0.0,0.0,0.0,0.0,0.0,0.0
1772,2023/24,0.0,0.0,0.0,0.0,0.0,0.0,0.0,0.0,0.0,0.0,0.0,0.0,0.0
1773,2023/24,0.0,0.0,0.0,0.0,0.0,0.0,0.0,0.0,0.0,0.0,0.0,0.0,0.0
1774,2023/24,0.0,0.0,0.0,0.0,0.0,0.0,0.0,0.0,0.0,0.0,0.0,0.0,0.0
1775,2023/24,0.0,0.0,0.0,0.0,0.0,0.0,0.0,0.0,0.0,0.0,0.0,0.0,0.0
1776,2023/24,0.0,0.0,0.0,0.0,0.0,0.0,0.0,0.0,0.0,0.0,0.0,0.0,0.0
1777,2023/24,0.0,0.0,0.0,0.0,0.0,0.0,0.0,0.0,0.0,0.0,0.0,0.0,0.0
1778,2023/24,0.0,0.0,0.0,0.0,0.0,0.0,0.0,0.0,0.0,0.0,0.0,0.0,0.0
1779,2023/24,0.0,0.0,0.0,0.0,0.0,0.0,0.0,0.0,0.0,0.0,0.0,0.0,0.0
1780,2023/24,0.0,0.0,0.0,0.0,0.0,0.0,0.0,0.0,0.0,0.0,0.0,0.0,0.0
1781,2023/24,0.0,0.0,0.0,0.0,0.0,0.0,0.0,0.0,0.0,0.0,0.0,0.0,0.0
1782,2023/24,0.0,0.0,0.0,0.0,0.0,0.0,0.0,0.0,0.0,0.0,0.0,0.0,0.0
1783,2023/24,0.0,0.0,0.0,0.0,0.0,0.0,0.0,0.0,0.0,0.0,0.0,0.0,0.0
1784,2023/24,0.0,0.0,0.0,0.0,0.0,0.0,0.0,0.0,0.0,0.0,0.0,0.0,0.0
1785,2023/24,0.0,0.0,0.0,0.0,0.0,0.0,0.0,0.0,0.0,0.0,0.0,0.0,0.0
1786,2023/24,0.0,0.0,0.0,0.0,0.0,0.0,0.0,0.0,0.0,0.0,0.0,0.0,0.0
1787,2023/24,0.0,0.0,0.0,0.0,0.0,0.0,0.0,0.0,0.0,0.0,0.0,0.0,0.0
1788,2023/24,0.0,0.0,0.0,0.0,0.0,0.0,0.0,0.0,0.0,0.0,0.0,0.0,0.0
1789,2023/24,0.0,0.0,0.0,0.0,0.0,0.0,0.0,0.0,0.0,0.0,0.0,0.0,0.0
1790,2023/24,0.0,0.0,0.0,0.0,0.0,0.0,0.0,0.0,0.0,0.0,0.0,0.0,0.0
1791,2023/24,0.0,0.0,0.0,0.0,0.0,0.0,0.0,0.0,0.0,0.0,0.0,0.0,0.0
1792,2023/24,0.0,0.0,0.0,0.0,0.0,0.0,0.0,0.0,0.0,0.0,0.0,0.0,0.0
1793,2023/24,0.0,0.0,0.0,0.0,0.0,0.0,0.0,0.0,0.0,0.0,0.0,0.0,0.0
1794,2023/24,0.0,0.0,0.0,0.0,0.0,0.0,0.0,0.0,0.0,0.0,0.0,0.0,0.0
1795,2023/24,0.0,0.0,0.0,0.0,0.0,0.0,0.0,0.0,0.0,0.0,0.0,0.0,0.0
1796,2023/24,0.0,0.0,0.0,0.0,0.0,0.0,0.0,0.0,0.0,0.0,0.0,0.0,0.0
1797,2023/24,0.0,0.0,0.0,0.0,0.0,0.0,0.0,0.0,0.0,0.0,0.0,0.0,0.0
1798,2023/24,0.0,0.0,0.0,0.0,0.0,0.0,0.0,0.0,0.0,0.0,0.0,0.0,0.0
1799,2023/24,0.0,0.0,0.0,0.0,0.0,0.0,0.0,0.0,0.0,0.0,0.0,0.0,0.0
1800,2023/24,0.0,0.0,0.0,0.0,0.0,0.0,0.0,0.0,0.0,0.0,0.0,0.0,0.0
1801,2023/24,0.0,0.0,0.0,0.0,0.0,0.0,0.0,0.0,0.0,0.0,0.0,0.0,0.0
1802,2023/24,0.0,0.0,0.0,0.0,0.0,0.0,0.0,0.0,0.0,0.0,0.0,0.0,0.0
1803,2023/24,0.0,0.0,0.0,0.0,0.0,0.0,0.0,0.0,0.0,0.0,0.0,0.0,0.0
1804,2023/24,0.0,0.0,0.0,0.0,0.0,0.0,0.0,0.0,0.0,0.0,0.0,0.0,0.0
1805,2023/24,0.0,0.0,0.0,0.0,0.0,0.0,0.0,0.0,0.0,0.0,0.0,0.0,0.0
1806,2023/24,0.0,0.0,0.0,0.0,0.0,0.0,0.0,0.0,0.0,0.0,0.0,0.0,0.0
1807,2023/24,0.0,0.0,0.0,0.0,0.0,0.0,0.0,0.0,0.0,0.0,0.0,0.0,0.0
1808,2023/24,0.0,0.0,0.0,0.0,0.0,0.0,0.0,0.0,0.0,0.0,0.0,0.0,0.0
1809,2023/24,0.0,0.0,0.0,0.0,0.0,0.0,0.0,0.0,0.0,0.0,0.0,0.0,0.0
1810,2023/24,0.0,0.0,0.0,0.0,0.0,0.0,0.0,0.0,0.0,0.0,0.0,0.0,0.0
1811,2023/24,0.0,0.0,0.0,0.0,0.0,0.0,0.0,0.0,0.0,0.0,0.0,0.0,0.0
1812,2023/24,0.0,0.0,0.0,0.0,0.0,0.0,0.0,0.0,0.0,0.0,0.0,0.0,0.0
1813,2023/24,0.0,0.0,0.0,0.0,0.0,0.0,0.0,0.0,0.0,0.0,0.0,0.0,0.0
1814,2023/24,0.0,0.0,0.0,0.0,0.0,0.0,0.0,0.0,0.0,0.0,0.0,0.0,0.0
1815,2023/24,0.0,0.0,0.0,0.0,0.0,0.0,0.0,0.0,0.0,0.0,0.0,0.0,0.0
1816,2023/24,0.0,0.0,0.0,0.0,0.0,0.0,0.0,0.0,0.0,0.0,0.0,0.0,0.0
1817,2023/24,0.0,0.0,0.0,0.0,0.0,0.0,0.0,0.0,0.0,0.0,0.0,0.0,0.0
1818,2023/24,0.0,0.0,0.0,0.0,0.0,0.0,0.0,0.0,0.0,0.0,0.0,0.0,0.0
1819,2023/24,0.0,0.0,0.0,0.0,0.0,0.0,0.0,0.0,0.0,0.0,0.0,0.0,0.0
1820,2023/24,0.0,0.0,0.0,0.0,0.0,0.0,0.0,0.0,0.0,0.0,0.0,0.0,0.0
1821,2023/24,0.0,0.0,0.0,0.0,0.0,0.0,0.0,0.0,0.0,0.0,0.0,0.0,0.0
1822,2023/24,0.0,0.0,0.0,0.0,0.0,0.0,0.0,0.0,0.0,0.0,0.0,0.0,0.0
1823,2023/24,0.0,0.0,0.0,0.0,0.0,0.0,0.0,0.0,0.0,0.0,0.0,0.0,0.0
1824,2023/24,0.0,0.0,0.0,0.0,0.0,0.0,0.0,0.0,0.0,0.0,0.0,0.0,0.0
1825,2023/24,0.0,0.0,0.0,0.0,0.0,0.0,0.0,0.0,0.0,0.0,0.0,0.0,0.0
1826,2023/24,0.0,0.0,0.0,0.0,0.0,0.0,0.0,0.0,0.0,0.0,0.0,0.0,0.0
1827,2023/24,0.0,0.0,0.0,0.0,0.0,0.0,0.0,0.0,0.0,0.0,0.0,0.0,0.0
1828,2023/24,0.0,0.0,0.0,0.0,0.0,0.0,0.0,0.0,0.0,0.0,0.0,0.0,0.0
1829,2023/24,0.0,0.0,0.0,0.0,0.0,0.0,0.0,0.0,0.0,0.0,0.0,0.0,0.0
1830,2023/24,0.0,0.0,0.0,0.0,0.0,0.0,0.0,0.0,0.0,0.0,0.0,0.0,0.0
1831,2023/24,0.0,0.0,0.0,0.0,0.0,0.0,0.0,0.0,0.0,0.0,0.0,0.0,0.0
1832,2023/24,0.0,0.0,0.0,0.0,0.0,0.0,0.0,0.0,0.0,0.0,0.0,0.0,0.0
1833,2023/24,0.0,0.0,0.0,0.0,0.0,0.0,0.0,0.0,0.0,0.0,0.0,0.0,0.0
1834,2023/24,0.0,0.0,0.0,0.0,0.0,0.0,0.0,0.0,0.0,0.0,0.0,0.0,0.0
1835,2023/24,0.0,0.0,0.0,0.0,0.0,0.0,0.0,0.0,0.0,0.0,0.0,0.0,0.0
1836,2023/24,0.0,0.0,0.0,0.0,0.0,0.0,0.0,0.0,0.0,0.0,0.0,0.0,0.0
1837,2023/24,0.0,0.0,0.0,0.0,0.0,0.0,0.0,0.0,0.0,0.0,0.0,0.0,0.0
1838,2023/24,0.0,0.0,0.0,0.0,0.0,0.0,0.0,0.0,0.0,0.0,0.0,0.0,0.0
1839,2023/24,0.0,0.0,0.0,0.0,0.0,0.0,0.0,0.0,0.0,0.0,0.0,0.0,0.0
1840,2023/24,0.0,0.0,0.0,0.0,0.0,0.0,0.0,0.0,0.0,0.0,0.0,0.0,0.0
1841,2023/24,0.0,0.0,0.0,0.0,0.0,0.0,0.0,0.0,0.0,0.0,0.0,0.0,0.0
1842,2023/24,0.0,0.0,0.0,0.0,0.0,0.0,0.0,0.0,0.0,0.0,0.0,0.0,0.0
1843,2023/24,0.0,0.0,0.0,0.0,0.0,0.0,0.0,0.0,0.0,0.0,0.0,0.0,0.0
1844,2023/24,0.0,0.0,0.0,0.0,0.0,0.0,0.0,0.0,0.0,0.0,0.0,0.0,0.0
1845,2023/24,0.0,0.0,0.0,0.0,0.0,0.0,0.0,0.0,0.0,0.0,0.0,0.0,0.0
1846,2023/24,0.0,0.0,0.0,0.0,0.0,0.0,0.0,0.0,0.0,0.0,0.0,0.0,0.0
1847,2023/24,0.0,0.0,0.0,0.0,0.0,0.0,0.0,0.0,0.0,0.0,0.0,0.0,0.0
1848,2023/24,0.0,0.0,0.0,0.0,0.0,0.0,0.0,0.0,0.0,0.0,0.0,0.0,0.0
1849,2023/24,0.0,0.0,0.0,0.0,0.0,0.0,0.0,0.0,0.0,0.0,0.0,0.0,0.0
1850,2023/24,0.0,0.0,0.0,0.0,0.0,0.0,0.0,0.0,0.0,0.0,0.0,0.0,0.0
1851,2023/24,0.0,0.0,0.0,0.0,0.0,0.0,0.0,0.0,0.0,0.0,0.0,0.0,0.0
1852,2023/24,0.0,0.0,0.0,0.0,0.0,0.0,0.0,0.0,0.0,0.0,0.0,0.0,0.0
1853,2023/24,0.0,0.0,0.0,0.0,0.0,0.0,0.0,0.0,0.0,0.0,0.0,0.0,0.0
1854,2023/24,0.0,0.0,0.0,0.0,0.0,0.0,0.0,0.0,0.0,0.0,0.0,0.0,0.0
1855,2023/24,0.0,0.0,0.0,0.0,0.0,0.0,0.0,0.0,0.0,0.0,0.0,0.0,0.0
1856,2023/24,0.0,0.0,0.0,0.0,0.0,0.0,0.0,0.0,0.0,0.0,0.0,0.0,0.0
1857,2023/24,0.0,0.0,0.0,0.0,0.0,0.0,0.0,0.0,0.0,0.0,0.0,0.0,0.0
1858,2023/24,0.0,0.0,0.0,0.0,0.0,0.0,0.0,0.0,0.0,0.0,0.0,0.0,0.0
1859,2023/24,0.0,0.0,0.0,0.0,0.0,0.0,0.0,0.0,0.0,0.0,0.0,0.0,0.0
1860,2023/24,0.0,0.0,0.0,0.0,0.0,0.0,0.0,0.0,0.0,0.0,0.0,0.0,0.0
1861,2023/24,0.0,0.0,0.0,0.0,0.0,0.0,0.0,0.0,0.0,0.0,0.0,0.0,0.0
1862,2023/24,0.0,0.0,0.0,0.0,0.0,0.0,0.0,0.0,0.0,0.0,0.0,0.0,0.0
1863,2023/24,0.0,0.0,0.0,0.0,0.0,0.0,0.0,0.0,0.0,0.0,0.0,0.0,0.0
1864,2023/24,0.0,0.0,0.0,0.0,0.0,0.0,0.0,0.0,0.0,0.0,0.0,0.0,0.0
1865,2023/24,0.0,0.0,0.0,0.0,0.0,0.0,0.0,0.0,0.0,0.0,0.0,0.0,0.0
1866,2023/24,0.0,0.0,0.0,0.0,0.0,0.0,0.0,0.0,0.0,0.0,0.0,0.0,0.0
1867,2023/24,0.0,0.0,0.0,0.0,0.0,0.0,0.0,0.0,0.0,0.0,0.0,0.0,0.0
1868,2023/24,0.0,0.0,0.0,0.0,0.0,0.0,0.0,0.0,0.0,0.0,0.0,0.0,0.0
1869,2023/24,0.0,0.0,0.0,0.0,0.0,0.0,0.0,0.0,0.0,0.0,0.0,0.0,0.0
1870,2023/24,0.0,0.0,0.0,0.0,0.0,0.0,0.0,0.0,0.0,0.0,0.0,0.0,0.0
1871,2023/24,0.0,0.0,0.0,0.0,0.0,0.0,0.0,0.0,0.0,0.0,0.0,0.0,0.0
1872,2023/24,0.0,0.0,0.0,0.0,0.0,0.0,0.0,0.0,0.0,0.0,0.0,0.0,0.0
1873,2023/24,0.0,0.0,0.0,0.0,0.0,0.0,0.0,0.0,0.0,0.0,0.0,0.0,0.0
1874,2023/24,0.0,0.0,0.0,0.0,0.0,0.0,0.0,0.0,0.0,0.0,0.0,0.0,0.0
1875,2023/24,0.0,0.0,0.0,0.0,0.0,0.0,0.0,0.0,0.0,0.0,0.0,0.0,0.0
1876,2023/24,0.0,0.0,0.0,0.0,0.0,0.0,0.0,0.0,0.0,0.0,0.0,0.0,0.0
1877,2023/24,0.0,0.0,0.0,0.0,0.0,0.0,0.0,0.0,0.0,0.0,0.0,0.0,0.0
1878,2023/24,0.0,0.0,0.0,0.0,0.0,0.0,0.0,0.0,0.0,0.0,0.0,0.0,0.0
1879,2023/24,0.0,0.0,0.0,0.0,0.0,0.0,0.0,0.0,0.0,0.0,0.0,0.0,0.0
1880,2023/24,0.0,0.0,0.0,0.0,0.0,0.0,0.0,0.0,0.0,0.0,0.0,0.0,0.0
1881,2023/24,0.0,0.0,0.0,0.0,0.0,0.0,0.0,0.0,0.0,0.0,0.0,0.0,0.0
1882,2023/24,0.0,0.0,0.0,0.0,0.0,0.0,0.0,0.0,0.0,0.0,0.0,0.0,0.0
1883,2023/24,0.0,0.0,0.0,0.0,0.0,0.0,0.0,0.0,0.0,0.0,0.0,0.0,0.0
1884,2023/24,0.0,0.0,0.0,0.0,0.0,0.0,0.0,0.0,0.0,0.0,0.0,0.0,0.0
1885,2023/24,0.0,0.0,0.0,0.0,0.0,0.0,0.0,0.0,0.0,0.0,0.0,0.0,0.0
1886,2023/24,0.0,0.0,0.0,0.0,0.0,0.0,0.0,0.0,0.0,0.0,0.0,0.0,0.0
1887,2023/24,0.0,0.0,0.0,0.0,0.0,0.0,0.0,0.0,0.0,0.0,0.0,0.0,0.0
1888,2023/24,0.0,0.0,0.0,0.0,0.0,0.0,0.0,0.0,0.0,0.0,0.0,0.0,0.0
1889,2023/24,0.0,0.0,0.0,0.0,0.0,0.0,0.0,0.0,0.0,0.0,0.0,0.0,0.0
1890,2023/24,0.0,0.0,0.0,0.0,0.0,0.0,0.0,0.0,0.0,0.0,0.0,0.0,0.0
1891,2023/24,0.0,0.0,0.0,0.0,0.0,0.0,0.0,0.0,0.0,0.0,0.0,0.0,0.0
1892,2023/24,0.0,0.0,0.0,0.0,0.0,0.0,0.0,0.0,0.0,0.0,0.0,0.0,0.0
1893,2023/24,0.0,0.0,0.0,0.0,0.0,0.0,0.0,0.0,0.0,0.0,0.0,0.0,0.0
1894,2023/24,0.0,0.0,0.0,0.0,0.0,0.0,0.0,0.0,0.0,0.0,0.0,0.0,0.0
1895,2023/24,0.0,0.0,0.0,0.0,0.0,0.0,0.0,0.0,0.0,0.0,0.0,0.0,0.0
1896,2023/24,0.0,0.0,0.0,0.0,0.0,0.0,0.0,0.0,0.0,0.0,0.0,0.0,0.0
1897,2023/24,0.0,0.0,0.0,0.0,0.0,0.0,0.0,0.0,0.0,0.0,0.0,0.0,0.0
1898,2023/24,0.0,0.0,0.0,0.0,0.0,0.0,0.0,0.0,0.0,0.0,0.0,0.0,0.0
1899,2023/24,0.0,0.0,0.0,0.0,0.0,0.0,0.0,0.0,0.0,0.0,0.0,0.0,0.0
1900,2023/24,0.0,0.0,0.0,0.0,0.0,0.0,0.0,0.0,0.0,0.0,0.0,0.0,0.0
1901,2023/24,0.0,0.0,0.0,0.0,0.0,0.0,0.0,0.0,0.0,0.0,0.0,0.0,0.0
1902,2023/24,0.0,0.0,0.0,0.0,0.0,0.0,0.0,0.0,0.0,0.0,0.0,0.0,0.0
1903,2023/24,0.0,0.0,0.0,0.0,0.0,0.0,0.0,0.0,0.0,0.0,0.0,0.0,0.0
1904,2023/24,0.0,0.0,0.0,0.0,0.0,0.0,0.0,0.0,0.0,0.0,0.0,0.0,0.0
1905,2023/24,0.0,0.0,0.0,0.0,0.0,0.0,0.0,0.0,0.0,0.0,0.0,0.0,0.0
1906,2023/24,0.0,0.0,0.0,0.0,0.0,0.0,0.0,0.0,0.0,0.0,0.0,0.0,0.0
1907,2023/24,0.0,0.0,0.0,0.0,0.0,0.0,0.0,0.0,0.0,0.0,0.0,0.0,0.0
1908,2023/24,0.0,0.0,0.0,0.0,0.0,0.0,0.0,0.0,0.0,0.0,0.0,0.0,0.0
1909,2023/24,0.0,0.0,0.0,0.0,0.0,0.0,0.0,0.0,0.0,0.0,0.0,0.0,0.0
1910,2023/24,0.0,0.0,0.0,0.0,0.0,0.0,0.0,0.0,0.0,0.0,0.0,0.0,0.0
1911,2023/24,0.0,0.0,0.0,0.0,0.0,0.0,0.0,0.0,0.0,0.0,0.0,0.0,0.0
1912,2023/24,0.0,0.0,0.0,0.0,0.0,0.0,0.0,0.0,0.0,0.0,0.0,0.0,0.0
1913,2023/24,0.0,0.0,0.0,0.0,0.0,0.0,0.0,0.0,0.0,0.0,0.0,0.0,0.0
1914,2023/24,0.0,0.0,0.0,0.0,0.0,0.0,0.0,0.0,0.0,0.0,0.0,0.0,0.0
1915,2023/24,0.0,0.0,0.0,0.0,0.0,0.0,0.0,0.0,0.0,0.0,0.0,0.0,0.0
1916,2023/24,0.0,0.0,0.0,0.0,0.0,0.0,0.0,0.0,0.0,0.0,0.0,0.0,0.0
1917,2023/24,0.0,0.0,0.0,0.0,0.0,0.0,0.0,0.0,0.0,0.0,0.0,0.0,0.0
1918,2023/24,0.0,0.0,0.0,0.0,0.0,0.0,0.0,0.0,0.0,0.0,0.0,0.0,0.0
1919,2023/24,0.0,0.0,0.0,0.0,0.0,0.0,0.0,0.0,0.0,0.0,0.0,0.0,0.0
1920,2023/24,0.0,0.0,0.0,0.0,0.0,0.0,0.0,0.0,0.0,0.0,0.0,0.0,0.0
1921,2023/24,0.0,0.0,0.0,0.0,0.0,0.0,0.0,0.0,0.0,0.0,0.0,0.0,0.0
1922,2023/24,0.0,0.0,0.0,0.0,0.0,0.0,0.0,0.0,0.0,0.0,0.0,0.0,0.0
1923,2023/24,0.0,0.0,0.0,0.0,0.0,0.0,0.0,0.0,0.0,0.0,0.0,0.0,0.0
1924,2023/24,0.0,0.0,0.0,0.0,0.0,0.0,0.0,0.0,0.0,0.0,0.0,0.0,0.0
1925,2023/24,0.0,0.0,0.0,0.0,0.0,0.0,0.0,0.0,0.0,0.0,0.0,0.0,0.0
1926,2023/24,0.0,0.0,0.0,0.0,0.0,0.0,0.0,0.0,0.0,0.0,0.0,0.0,0.0
1927,2023/24,0.0,0.0,0.0,0.0,0.0,0.0,0.0,0.0,0.0,0.0,0.0,0.0,0.0
1928,2023/24,0.0,0.0,0.0,0.0,0.0,0.0,0.0,0.0,0.0,0.0,0.0,0.0,0.0
1929,2023/24,0.0,0.0,0.0,0.0,0.0,0.0,0.0,0.0,0.0,0.0,0.0,0.0,0.0
1930,2023/24,0.0,0.0,0.0,0.0,0.0,0.0,0.0,0.0,0.0,0.0,0.0,0.0,0.0
1931,2023/24,0.0,0.0,0.0,0.0,0.0,0.0,0.0,0.0,0.0,0.0,0.0,0.0,0.0
1932,2023/24,0.0,0.0,0.0,0.0,0.0,0.0,0.0,0.0,0.0,0.0,0.0,0.0,0.0
1933,2023/24,0.0,0.0,0.0,0.0,0.0,0.0,0.0,0.0,0.0,0.0,0.0,0.0,0.0
1934,2023/24,0.0,0.0,0.0,0.0,0.0,0.0,0.0,0.0,0.0,0.0,0.0,0.0,0.0
1935,2023/24,0.0,0.0,0.0,0.0,0.0,0.0,0.0,0.0,0.0,0.0,0.0,0.0,0.0
1936,2023/24,0.0,0.0,0.0,0.0,0.0,0.0,0.0,0.0,0.0,0.0,0.0,0.0,0.0
1937,2023/24,0.0,0.0,0.0,0.0,0.0,0.0,0.0,0.0,0.0,0.0,0.0,0.0,0.0
1938,2023/24,0.0,0.0,0.0,0.0,0.0,0.0,0.0,0.0,0.0,0.0,0.0,0.0,0.0
1939,2023/24,0.0,0.0,0.0,0.0,0.0,0.0,0.0,0.0,0.0,0.0,0.0,0.0,0.0
1940,2023/24,0.0,0.0,0.0,0.0,0.0,0.0,0.0,0.0,0.0,0.0,0.0,0.0,0.0
1941,2023/24,0.0,0.0,0.0,0.0,0.0,0.0,0.0,0.0,0.0,0.0,0.0,0.0,0.0
1942,2023/24,0.0,0.0,0.0,0.0,0.0,0.0,0.0,0.0,0.0,0.0,0.0,0.0,0.0
1943,2023/24,0.0,0.0,0.0,0.0,0.0,0.0,0.0,0.0,0.0,0.0,0.0,0.0,0.0
1944,2023/24,0.0,0.0,0.0,0.0,0.0,0.0,0.0,0.0,0.0,0.0,0.0,0.0,0.0
1945,2023/24,0.0,0.0,0.0,0.0,0.0,0.0,0.0,0.0,0.0,0.0,0.0,0.0,0.0
1946,2023/24,0.0,0.0,0.0,0.0,0.0,0.0,0.0,0.0,0.0,0.0,0.0,0.0,0.0
1947,2023/24,0.0,0.0,0.0,0.0,0.0,0.0,0.0,0.0,0.0,0.0,0.0,0.0,0.0
1948,2023/24,0.0,0.0,0.0,0.0,0.0,0.0,0.0,0.0,0.0,0.0,0.0,0.0,0.0
1949,2023/24,0.0,0.0,0.0,0.0,0.0,0.0,0.0,0.0,0.0,0.0,0.0,0.0,0.0
1950,2023/24,0.0,0.0,0.0,0.0,0.0,0.0,0.0,0.0,0.0,0.0,0.0,0.0,0.0
1951,2023/24,0.0,0.0,0.0,0.0,0.0,0.0,0.0,0.0,0.0,0.0,0.0,0.0,0.0
1952,2023/24,0.0,0.0,0.0,0.0,0.0,0.0,0.0,0.0,0.0,0.0,0.0,0.0,0.0
1953,2023/24,0.0,0.0,0.0,0.0,0.0,0.0,0.0,0.0,0.0,0.0,0.0,0.0,0.0
1954,2023/24,0.0,0.0,0.0,0.0,0.0,0.0,0.0,0.0,0.0,0.0,0.0,0.0,0.0
1955,2023/24,0.0,0.0,0.0,0.0,0.0,0.0,0.0,0.0,0.0,0.0,0.0,0.0,0.0
1956,2023/24,0.0,0.0,0.0,0.0,0.0,0.0,0.0,0.0,0.0,0.0,0.0,0.0,0.0
1957,2023/24,0.0,0.0,0.0,0.0,0.0,0.0,0.0,0.0,0.0,0.0,0.0,0.0,0.0
1958,2023/24,0.0,0.0,0.0,0.0,0.0,0.0,0.0,0.0,0.0,0.0,0.0,0.0,0.0
1959,2023/24,0.0,0.0,0.0,0.0,0.0,0.0,0.0,0.0,0.0,0.0,0.0,0.0,0.0
1960,2023/24,0.0,0.0,0.0,0.0,0.0,0.0,0.0,0.0,0.0,0.0,0.0,0.0,0.0
1961,2023/24,0.0,0.0,0.0,0.0,0.0,0.0,0.0,0.0,0.0,0.0,0.0,0.0,0.0
1962,2023/24,0.0,0.0,0.0,0.0,0.0,0.0,0.0,0.0,0.0,0.0,0.0,0.0,0.0
1963,2023/24,0.0,0.0,0.0,0.0,0.0,0.0,0.0,0.0,0.0,0.0,0.0,0.0,0.0
1964,2023/24,0.0,0.0,0.0,0.0,0.0,0.0,0.0,0.0,0.0,0.0,0.0,0.0,0.0
1965,2023/24,0.0,0.0,0.0,0.0,0.0,0.0,0.0,0.0,0.0,0.0,0.0,0.0,0.0
1966,2023/24,0.0,0.0,0.0,0.0,0.0,0.0,0.0,0.0,0.0,0.0,0.0,0.0,0.0
1967,2023/24,0.0,0.0,0.0,0.0,0.0,0.0,0.0,0.0,0.0,0.0,0.0,0.0,0.0
1968,2023/24,0.0,0.0,0.0,0.0,0.0,0.0,0.0,0.0,0.0,0.0,0.0,0.0,0.0
1969,2023/24,0.0,0.0,0.0,0.0,0.0,0.0,0.0,0.0,0.0,0.0,0.0,0.0,0.0
1970,2023/24,0.0,0.0,0.0,0.0,0.0,0.0,0.0,0.0,0.0,0.0,0.0,0.0,0.0
1971,2023/24,0.0,0.0,0.0,0.0,0.0,0.0,0.0,0.0,0.0,0.0,0.0,0.0,0.0
1972,2023/24,0.0,0.0,0.0,0.0,0.0,0.0,0.0,0.0,0.0,0.0,0.0,0.0,0.0
1973,2023/24,0.0,0.0,0.0,0.0,0.0,0.0,0.0,0.0,0.0,0.0,0.0,0.0,0.0
1974,2023/24,0.0,0.0,0.0,0.0,0.0,0.0,0.0,0.0,0.0,0.0,0.0,0.0,0.0
1975,2023/24,0.0,0.0,0.0,0.0,0.0,0.0,0.0,0.0,0.0,0.0,0.0,0.0,0.0
1976,2023/24,0.0,0.0,0.0,0.0,0.0,0.0,0.0,0.0,0.0,0.0,0.0,0.0,0.0
1977,2023/24,0.0,0.0,0.0,0.0,0.0,0.0,0.0,0.0,0.0,0.0,0.0,0.0,0.0
1978,2023/24,0.0,0.0,0.0,0.0,0.0,0.0,0.0,0.0,0.0,0.0,0.0,0.0,0.0
1979,2023/24,0.0,0.0,0.0,0.0,0.0,0.0,0.0,0.0,0.0,0.0,0.0,0.0,0.0
1980,2023/24,0.0,0.0,0.0,0.0,0.0,0.0,0.0,0.0,0.0,0.0,0.0,0.0,0.0
1981,2023/24,0.0,0.0,0.0,0.0,0.0,0.0,0.0,0.0,0.0,0.0,0.0,0.0,0.0
1982,2023/24,0.0,0.0,0.0,0.0,0.0,0.0,0.0,0.0,0.0,0.0,0.0,0.0,0.0
1983,2023/24,0.0,0.0,0.0,0.0,0.0,0.0,0.0,0.0,0.0,0.0,0.0,0.0,0.0
1984,2023/24,0.0,0.0,0.0,0.0,0.0,0.0,0.0,0.0,0.0,0.0,0.0,0.0,0.0
1985,2023/24,0.0,0.0,0.0,0.0,0.0,0.0,0.0,0.0,0.0,0.0,0.0,0.0,0.0
1986,2023/24,0.0,0.0,0.0,0.0,0.0,0.0,0.0,0.0,0.0,0.0,0.0,0.0,0.0
1987,2023/24,0.0,0.0,0.0,0.0,0.0,0.0,0.0,0.0,0.0,0.0,0.0,0.0,0.0
1988,2023/24,0.0,0.0,0.0,0.0,0.0,0.0,0.0,0.0,0.0,0.0,0.0,0.0,0.0
1989,2023/24,0.0,0.0,0.0,0.0,0.0,0.0,0.0,0.0,0.0,0.0,0.0,0.0,0.0
2014,2024/25,37.9,372.0,13353.0,0.0,7.0,31.2,596.0,18424.0,1.0,10.0,6.7,-224.0,-5071.0
2015,2024/25,40.8,462.0,22157.0,13.0,10.0,0.0,0.0,0.0,0.0,0.0,40.8,462.0,22157.0
2016,2024/25,0.0,0.0,0.0,0.0,0.0,22.7,310.0,8474.0,0.0,8.0,-22.7,-310.0,-8474.0
2017,2024/25,67.3,510.0,25395.0,10.0,10.0,24.3,304.0,15899.0,6.0,8.0,43.0,206.0,9496.0
2018,2024/25,37.7,314.0,15294.0,9.0,9.0,43.4,568.0,20196.0,0.0,11.0,-5.7,-254.0,-4902.0
2019,2024/25,39.8,463.0,18365.0,3.0,11.0,63.0,560.0,27128.0,9.0,11.0,-23.2,-97.0,-8763.0
2020,2024/25,42.9,411.0,20698.0,11.0,9.0,17.1,268.0,10117.0,0.0,6.0,25.8,143.0,10581.0
2021,2024/25,0.3,7.0,238.0,0.0,1.0,44.9,371.0,14051.0,0.0,9.0,-44.6,-364.0,-13813.0
2022,2024/25,35.9,497.0,25004.0,9.0,9.0,24.6,303.0,12687.0,4.0,7.0,11.3,194.0,12317.0
2023,2024/25,30.7,543.0,17275.0,1.0,10.0,18.3,289.0,10735.0,0.0,7.0,12.4,254.0,6540.0
2024,2024/25,0.0,0.0,0.0,0.0,0.0,0.0,0.0,0.0,0.0,0.0,0.0,0.0,0.0
2025,2024/25,37.1,464.0,24869.0,9.0,9.0,13.5,50.0,2953.0,0.0,2.0,23.6,414.0,21916.0
2026,2024/25,22.7,310.0,8474.0,0.0,8.0,18.1,290.0,7604.0,0.0,3.0,4.6,20.0,870.0
2027,2024/25,20.6,278.0,11435.0,4.0,7.0,35.5,367.0,18636.0,11.0,9.0,-14.9,-89.0,-7201.0
2028,2024/25,40.6,527.0,19044.0,1.0,10.0,78.1,516.0,27255.0,10.0,10.0,-37.5,11.0,-8211.0
2029,2024/25,63.0,560.0,27128.0,9.0,11.0,33.5,437.0,21071.0,13.0,10.0,29.5,123.0,6057.0
2030,2024/25,25.1,404.0,17596.0,6.0,9.0,35.0,264.0,13941.0,9.0,8.0,-9.9,140.0,3655.0
2031,2024/25,44.9,371.0,14051.0,0.0,9.0,25.1,364.0,15450.0,3.0,9.0,19.8,7.0,-1399.0
2032,2024/25,40.6,527.0,19044.0,1.0,10.0,30.2,514.0,16518.0,1.0,9.0,10.4,13.0,2526.0
2033,2024/25,18.7,318.0,11045.0,0.0,6.0,78.1,516.0,27255.0,10.0,10.0,-59.4,-198.0,-16210.0
2034,2024/25,2.8,13.0,856.0,0.0,1.0,51.7,461.0,17054.0,0.0,10.0,-48.9,-448.0,-16198.0
2035,2024/25,16.9,57.0,4622.0,0.0,3.0,36.0,486.0,25236.0,9.0,10.0,-19.1,-429.0,-20614.0
2036,2024/25,18.5,336.0,15412.0,11.0,7.0,0.0,0.0,0.0,0.0,0.0,18.5,336.0,15412.0
2037,2024/25,1.3,0.0,251.0,0.0,1.0,23.7,365.0,15787.0,6.0,8.0,-22.4,-365.0,-15536.0
2038,2024/25,19.8,363.0,9935.0,0.0,7.0,18.3,230.0,6403.0,0.0,7.0,1.5,133.0,3532.0
2039,2024/25,35.0,264.0,13941.0,9.0,8.0,58.2,542.0,26057.0,9.0,11.0,-23.2,-278.0,-12116.0
2040,2024/25,24.6,359.0,14575.0,3.0,10.0,20.6,278.0,11435.0,4.0,7.0,4.0,81.0,3140.0
2041,2024/25,22.5,295.0,14042.0,6.0,7.0,24.6,359.0,14575.0,3.0,10.0,-2.1,-64.0,-533.0
2042,2024/25,0.0,0.0,0.0,0.0,0.0,40.6,527.0,19044.0,1.0,10.0,-40.6,-527.0,-19044.0
2043,2024/25,1.3,0.0,251.0,0.0,1.0,11.7,315.0,8737.0,0.0,4.0,-10.4,-315.0,-8486.0
2044,2024/25,56.6,503.0,24883.0,9.0,10.0,10.7,37.0,2097.0,0.0,1.0,45.9,466.0,22786.0
2045,2024/25,43.1,501.0,20559.0,10.0,9.0,36.0,486.0,25236.0,9.0,10.0,7.1,15.0,-4677.0
2046,2024/25,30.6,574.0,17279.0,1.0,9.0,20.5,167.0,11534.0,9.0,7.0,10.1,407.0,5745.0
2047,2024/25,16.6,154.0,4899.0,0.0,8.0,18.7,318.0,11045.0,0.0,6.0,-2.1,-164.0,-6146.0
2048,2024/25,44.4,340.0,13743.0,0.0,9.0,24.3,383.0,16949.0,11.0,8.0,20.1,-43.0,-3206.0
2049,2024/25,24.7,305.0,12725.0,4.0,7.0,35.4,449.0,20618.0,13.0,10.0,-10.7,-144.0,-7893.0
2050,2024/25,15.8,95.0,4415.0,0.0,3.0,0.2,4.0,98.0,0.0,1.0,15.6,91.0,4317.0
2051,2024/25,17.5,307.0,10802.0,0.0,5.0,44.4,340.0,13743.0,0.0,9.0,-26.9,-33.0,-2941.0
2052,2024/25,9.4,283.0,6337.0,0.0,3.0,15.0,373.0,13000.0,3.0,9.0,-5.6,-90.0,-6663.0
2053,2024/25,28.9,373.0,14483.0,1.0,9.0,29.7,361.0,17849.0,11.0,9.0,-0.8,12.0,-3366.0
2054,2024/25,23.8,214.0,12039.0,9.0,7.0,23.2,188.0,5165.0,0.0,7.0,0.6,26.0,6874.0
2055,2024/25,73.7,500.0,24123.0,10.0,9.0,23.2,334.0,13316.0,4.0,8.0,50.5,166.0,10807.0
2056,2024/25,25.9,458.0,14345.0,1.0,8.0,0.0,0.0,0.0,0.0,0.0,25.9,458.0,14345.0
2057,2024/25,34.4,419.0,17206.0,0.0,9.0,58.3,548.0,25440.0,9.0,11.0,-23.9,-129.0,-8234.0
2058,2024/25,35.4,449.0,20618.0,13.0,10.0,24.4,302.0,14667.0,6.0,6.0,11.0,147.0,5951.0
2059,2024/25,29.5,404.0,16138.0,3.0,9.0,14.6,340.0,10270.0,0.0,6.0,14.9,64.0,5868.0
2060,2024/25,15.8,95.0,4415.0,0.0,3.0,19.2,73.0,5554.0,0.0,3.0,-3.4,22.0,-1139.0
2061,2024/25,31.5,336.0,17241.0,6.0,7.0,34.4,419.0,17206.0,0.0,9.0,-2.9,-83.0,35.0
2062,2024/25,23.5,305.0,15981.0,11.0,7.0,73.7,500.0,24123.0,10.0,9.0,-50.2,-195.0,-8142.0
2063,2024/25,5.0,69.0,3750.0,2.0,2.0,33.1,320.0,11883.0,0.0,8.0,-28.1,-251.0,-8133.0
2064,2024/25,1.5,4.0,349.0,0.0,2.0,30.6,574.0,17279.0,1.0,9.0,-29.1,-570.0,-16930.0
2065,2024/25,59.8,497.0,23438.0,9.0,10.0,29.9,493.0,16725.0,1.0,9.0,29.9,4.0,6713.0
2066,2024/25,23.2,334.0,13316.0,4.0,8.0,15.1,146.0,4547.0,0.0,8.0,8.1,188.0,8769.0
2067,2024/25,35.1,434.0,20190.0,13.0,10.0,35.1,251.0,14005.0,9.0,8.0,0.0,183.0,6185.0
2068,2024/25,15.2,230.0,8083.0,0.0,6.0,5.0,69.0,3750.0,2.0,2.0,10.2,161.0,4333.0
2069,2024/25,25.7,331.0,10764.0,0.0,5.0,20.6,278.0,11435.0,4.0,7.0,5.1,53.0,-671.0
2070,2024/25,33.5,482.0,17591.0,1.0,9.0,13.5,50.0,2953.0,0.0,2.0,20.0,432.0,14638.0
2071,2024/25,17.8,144.0,9718.0,9.0,5.0,1.5,4.0,349.0,0.0,2.0,16.3,140.0,9369.0
2072,2024/25,61.6,406.0,20301.0,10.0,8.0,36.7,443.0,20605.0,13.0,11.0,24.9,-37.0,-304.0
2073,2024/25,33.1,606.0,18376.0,1.0,10.0,31.3,367.0,17177.0,6.0,7.0,1.8,239.0,1199.0
2074,2024/25,27.3,380.0,10392.0,0.0,8.0,19.5,334.0,13298.0,3.0,8.0,7.8,46.0,-2906.0
2075,2024/25,34.0,331.0,12470.0,0.0,8.0,59.8,497.0,23438.0,9.0,10.0,-25.8,-166.0,-10968.0
2076,2024/25,32.5,430.0,16825.0,0.0,7.0,23.5,305.0,15981.0,11.0,7.0,9.0,125.0,844.0
2077,2024/25,24.0,343.0,14313.0,3.0,9.0,75.8,461.0,24963.0,10.0,10.0,-51.8,-118.0,-10650.0
2078,2024/25,10.7,37.0,2097.0,0.0,1.0,17.2,189.0,9072.0,4.0,6.0,-6.5,-152.0,-6975.0
2079,2024/25,31.3,367.0,17177.0,6.0,7.0,30.3,436.0,15692.0,1.0,8.0,1.0,-69.0,1485.0
2080,2024/25,23.5,305.0,15981.0,11.0,7.0,22.8,306.0,9637.0,0.0,4.0,0.7,-1.0,6344.0
2081,2024/25,0.0,0.0,1440.0,2.0,1.0,27.3,380.0,10392.0,0.0,8.0,-27.3,-380.0,-8952.0
2082,2024/25,17.5,177.0,10495.0,9.0,5.0,44.0,404.0,14688.0,0.0,9.0,-26.5,-227.0,-4193.0
2083,2024/25,0.0,0.0,0.0,0.0,0.0,16.5,309.0,10268.0,0.0,7.0,-16.5,-309.0,-10268.0
2084,2024/25,58.8,470.0,23020.0,9.0,10.0,30.6,574.0,17279.0,1.0,9.0,28.2,-104.0,5741.0
2085,2024/25,23.5,383.0,17433.0,13.0,8.0,43.2,489.0,18630.0,0.0,9.0,-19.7,-106.0,-1197.0
2086,2024/25,14.0,321.0,8754.0,0.0,5.0,10.7,37.0,2097.0,0.0,1.0,3.3,284.0,6657.0
2087,2024/25,10.0,226.0,6518.0,0.0,4.0,0.0,0.0,1440.0,2.0,1.0,10.0,226.0,5078.0
2088,2024/25,19.5,344.0,15713.0,11.0,7.0,31.7,417.0,19748.0,13.0,8.0,-12.2,-73.0,-4035.0
2089,2024/25,74.0,471.0,24115.0,10.0,9.0,31.7,286.0,15527.0,9.0,8.0,42.3,185.0,8588.0
2090,2024/25,33.1,606.0,18376.0,1.0,10.0,21.8,350.0,13766.0,3.0,9.0,11.3,256.0,4610.0
2091,2024/25,20.7,374.0,9698.0,0.0,7.0,31.3,367.0,17177.0,6.0,7.0,-10.6,7.0,-7479.0
2092,2024/25,31.6,311.0,11840.0,0.0,7.0,27.3,453.0,15056.0,1.0,8.0,4.3,-142.0,-3216.0
2093,2024/25,44.6,520.0,19723.0,0.0,9.0,0.0,0.0,0.0,0.0,0.0,44.6,520.0,19723.0
2094,2024/25,17.9,194.0,9375.0,4.0,7.0,58.8,470.0,23020.0,9.0,10.0,-40.9,-276.0,-13645.0
2095,2024/25,22.1,249.0,12725.0,3.0,8.0,43.2,489.0,18630.0,0.0,9.0,-21.1,-240.0,-5905.0
2096,2024/25,15.8,95.0,4415.0,0.0,3.0,74.0,471.0,24115.0,10.0,9.0,-58.2,-376.0,-19700.0
2097,2024/25,27.0,401.0,14504.0,1.0,8.0,27.3,380.0,10392.0,0.0,8.0,-0.3,21.0,4112.0
2098,2024/25,23.3,357.0,15564.0,6.0,7.0,23.5,305.0,15981.0,11.0,7.0,-0.2,52.0,-417.0
2099,2024/25,0.0,0.0,1440.0,2.0,1.0,17.9,194.0,9375.0,4.0,7.0,-17.9,-194.0,-7935.0
2100,2024/25,37.7,316.0,15680.0,9.0,8.0,19.7,329.0,10728.0,0.0,6.0,18.0,-13.0,4952.0
2101,2024/25,1.5,4.0,349.0,0.0,2.0,30.6,485.0,20801.0,13.0,10.0,-29.1,-481.0,-20452.0
2102,2024/25,54.8,462.0,23163.0,9.0,10.0,8.8,290.0,7632.0,0.0,4.0,46.0,172.0,15531.0
2103,2024/25,23.9,300.0,11125.0,0.0,8.0,31.4,622.0,17378.0,0.0,9.0,-7.5,-322.0,-6253.0
2104,2024/25,19.9,361.0,11558.0,0.0,7.0,27.0,401.0,14504.0,1.0,8.0,-7.1,-40.0,-2946.0
2105,2024/25,25.7,331.0,10764.0,0.0,5.0,37.7,316.0,15680.0,9.0,8.0,-12.0,15.0,-4916.0
2106,2024/25,21.5,293.0,15060.0,11.0,7.0,1.5,4.0,349.0,0.0,2.0,20.0,289.0,14711.0
2107,2024/25,78.0,470.0,24658.0,10.0,10.0,44.8,366.0,20541.0,9.0,9.0,33.2,104.0,4117.0
2108,2024/25,31.2,592.0,17490.0,0.0,9.0,13.0,82.0,3559.0,0.0,2.0,18.2,510.0,13931.0
2109,2024/25,26.1,350.0,8937.0,0.0,7.0,32.8,345.0,12734.0,0.0,9.0,-6.7,5.0,-3797.0
2110,2024/25,46.6,511.0,19336.0,0.0,9.0,0.0,0.0,1440.0,2.0,1.0,46.6,511.0,17896.0
2111,2024/25,17.9,194.0,9375.0,4.0,7.0,23.7,365.0,10567.0,0.0,7.0,-5.8,-171.0,-1192.0
2112,2024/25,27.2,442.0,20427.0,13.0,9.0,21.8,350.0,13766.0,3.0,9.0,5.4,92.0,6661.0
2113,2024/25,24.4,357.0,14605.0,3.0,9.0,24.7,325.0,17331.0,11.0,8.0,-0.3,32.0,-2726.0
2114,2024/25,13.0,82.0,3559.0,0.0,2.0,29.1,397.0,19005.0,13.0,9.0,-16.1,-315.0,-15446.0
2115,2024/25,18.9,282.0,10698.0,0.0,6.0,43.0,507.0,19706.0,0.0,9.0,-24.1,-225.0,-9008.0
2116,2024/25,22.6,378.0,12800.0,1.0,7.0,24.1,315.0,8771.0,0.0,5.0,-1.5,63.0,4029.0
2117,2024/25,22.4,370.0,10452.0,0.0,6.0,46.4,385.0,20910.0,9.0,10.0,-24.0,-15.0,-10458.0
2118,2024/25,0.0,0.0,1440.0,2.0,1.0,44.3,328.0,14228.0,0.0,9.0,-44.3,-328.0,-12788.0
2119,2024/25,0.2,4.0,98.0,0.0,1.0,14.4,242.0,10099.0,4.0,7.0,-14.2,-238.0,-10001.0
2120,2024/25,15.4,275.0,6695.0,0.0,6.0,31.2,656.0,19056.0,1.0,9.0,-15.8,-381.0,-12361.0
2121,2024/25,34.0,393.0,12997.0,0.0,9.0,57.6,438.0,21422.0,10.0,8.0,-23.6,-45.0,-8425.0
2122,2024/25,18.0,424.0,14063.0,3.0,8.0,0.2,4.0,98.0,0.0,1.0,17.8,420.0,13965.0
2123,2024/25,21.2,290.0,7644.0,0.0,4.0,15.6,290.0,14277.0,6.0,7.0,5.6,0.0,-6633.0
2124,2024/25,26.1,342.0,17963.0,11.0,9.0,16.9,287.0,7043.0,0.0,7.0,9.2,55.0,10920.0
2125,2024/25,45.6,384.0,18387.0,9.0,10.0,15.8,95.0,4415.0,0.0,3.0,29.8,289.0,13972.0
2126,2024/25,30.0,252.0,15778.0,9.0,7.0,0.0,0.0,1440.0,2.0,1.0,30.0,252.0,14338.0
2127,2024/25,72.6,440.0,23931.0,10.0,9.0,31.9,616.0,18934.0,1.0,9.0,40.7,-176.0,4997.0
2128,2024/25,33.0,457.0,16098.0,0.0,9.0,16.7,328.0,11053.0,1.0,6.0,16.3,129.0,5045.0
2129,2024/25,18.0,196.0,9413.0,4.0,7.0,14.5,308.0,9487.0,0.0,6.0,3.5,-112.0,-74.0
2130,2024/25,29.1,397.0,19005.0,13.0,9.0,34.0,393.0,12997.0,0.0,9.0,-4.9,4.0,6008.0
2131,2024/25,15.8,95.0,4415.0,0.0,3.0,22.8,396.0,17520.0,6.0,8.0,-7.0,-301.0,-13105.0
2132,2024/25,18.1,285.0,10747.0,0.0,7.0,24.1,315.0,8771.0,0.0,5.0,-6.0,-30.0,1976.0
2133,2024/25,26.8,457.0,15431.0,1.0,8.0,21.7,354.0,17070.0,13.0,8.0,5.1,103.0,-1639.0
2134,2024/25,5.0,69.0,2310.0,0.0,1.0,14.6,406.0,13886.0,3.0,9.0,-9.6,-337.0,-11576.0
2135,2024/25,44.9,384.0,18240.0,9.0,9.0,20.5,250.0,11256.0,4.0,8.0,24.4,134.0,6984.0
2136,2024/25,0.2,4.0,98.0,0.0,1.0,61.3,404.0,21865.0,10.0,8.0,-61.1,-400.0,-21767.0
2137,2024/25,33.0,555.0,17677.0,1.0,9.0,26.1,342.0,17963.0,11.0,9.0,6.9,213.0,-286.0
2138,2024/25,15.8,273.0,6259.0,0.0,7.0,32.9,281.0,17156.0,9.0,8.0,-17.1,-8.0,-10897.0
2139,2024/25,11.1,204.0,5806.0,0.0,7.0,29.6,391.0,13859.0,0.0,8.0,-18.5,-187.0,-8053.0
2140,2024/25,20.3,348.0,14619.0,3.0,9.0,5.1,58.0,2318.0,0.0,2.0,15.2,290.0,12301.0
2141,2024/25,20.6,171.0,6382.0,0.0,5.0,33.3,377.0,12327.0,0.0,9.0,-12.7,-206.0,-5945.0
2142,2024/25,30.6,488.0,20042.0,6.0,9.0,5.0,69.0,2310.0,0.0,1.0,25.6,419.0,17732.0
2143,2024/25,22.8,279.0,15423.0,11.0,7.0,45.1,384.0,15962.0,0.0,9.0,-22.3,-105.0,-539.0
2144,2024/25,32.9,281.0,17156.0,9.0,8.0,0.2,4.0,98.0,0.0,1.0,32.7,277.0,17058.0
2145,2024/25,62.7,349.0,20346.0,10.0,9.0,16.4,221.0,6404.0,0.0,7.0,46.3,128.0,13942.0
2146,2024/25,26.3,452.0,13923.0,0.0,9.0,28.6,565.0,16531.0,1.0,9.0,-2.3,-113.0,-2608.0
2147,2024/25,20.5,250.0,11256.0,4.0,8.0,30.2,447.0,16403.0,1.0,9.0,-9.7,-197.0,-5147.0
2148,2024/25,22.4,410.0,17908.0,13.0,8.0,12.3,335.0,10335.0,0.0,6.0,10.1,75.0,7573.0
2149,2024/25,15.8,387.0,11672.0,0.0,7.0,37.7,337.0,19775.0,9.0,10.0,-21.9,50.0,-8103.0
2150,2024/25,7.6,162.0,6153.0,0.0,3.0,25.2,462.0,21304.0,13.0,9.0,-17.6,-300.0,-15151.0
2151,2024/25,21.1,275.0,12422.0,1.0,8.0,0.2,4.0,98.0,0.0,1.0,20.9,271.0,12324.0
2152,2024/25,26.1,342.0,17963.0,11.0,9.0,2.3,45.0,1462.0,0.0,1.0,23.8,297.0,16501.0
2153,2024/25,0.0,0.0,0.0,0.0,0.0,61.8,380.0,19720.0,10.0,7.0,-61.8,-380.0,-19720.0
2154,2024/25,45.8,384.0,16109.0,0.0,10.0,22.1,325.0,15531.0,3.0,10.0,23.7,59.0,578.0
2155,2024/25,21.2,486.0,15236.0,1.0,8.0,20.5,250.0,11256.0,4.0,8.0,0.7,236.0,3980.0
2156,2024/25,19.4,241.0,6996.0,0.0,8.0,41.4,472.0,18562.0,0.0,9.0,-22.0,-231.0,-11566.0
2157,2024/25,17.3,233.0,8092.0,0.0,8.0,20.9,327.0,14796.0,6.0,9.0,-3.6,-94.0,-6704.0
2158,2024/25,23.5,389.0,15113.0,3.0,10.0,30.9,452.0,16591.0,1.0,10.0,-7.4,-63.0,-1478.0
2159,2024/25,2.3,45.0,1462.0,0.0,1.0,0.0,0.0,0.0,0.0,0.0,2.3,45.0,1462.0
2160,2024/25,24.0,391.0,16930.0,6.0,9.0,12.3,335.0,10335.0,0.0,6.0,11.7,56.0,6595.0
2161,2024/25,1.5,4.0,349.0,0.0,2.0,18.8,304.0,7801.0,0.0,7.0,-17.3,-300.0,-7452.0
2162,2024/25,29.2,293.0,16970.0,9.0,9.0,26.1,342.0,17963.0,11.0,9.0,3.1,-49.0,-993.0
2163,2024/25,72.4,412.0,22161.0,10.0,8.0,17.7,146.0,5255.0,0.0,4.0,54.7,266.0,16906.0
2164,2024/25,44.1,578.0,21532.0,0.0,10.0,34.5,339.0,13571.0,0.0,9.0,9.6,239.0,7961.0
2165,2024/25,23.0,329.0,13122.0,4.0,8.0,32.2,349.0,11718.0,0.0,9.0,-9.2,-20.0,1404.0
2166,2024/25,23.1,287.0,17578.0,13.0,8.0,20.9,466.0,14917.0,1.0,8.0,2.2,-179.0,2661.0
2167,2024/25,21.5,395.0,13646.0,0.0,8.0,23.5,305.0,15981.0,11.0,7.0,-2.0,90.0,-2335.0
2168,2024/25,41.9,547.0,20039.0,1.0,10.0,46.5,387.0,15710.0,0.0,9.0,-4.6,160.0,4329.0
2169,2024/25,26.4,411.0,17166.0,6.0,9.0,77.2,492.0,25147.0,10.0,10.0,-50.8,-81.0,-7981.0
2170,2024/25,0.0,0.0,0.0,0.0,0.0,24.7,438.0,20070.0,13.0,9.0,-24.7,-438.0,-20070.0
2171,2024/25,23.1,245.0,14223.0,9.0,9.0,24.9,377.0,16984.0,7.0,10.0,-1.8,-132.0,-2761.0
2172,2024/25,23.7,518.0,16333.0,1.0,9.0,21.6,178.0,8180.0,0.0,4.0,2.1,340.0,8153.0
2173,2024/25,28.7,293.0,8270.0,0.0,7.0,2.3,45.0,1462.0,0.0,1.0,26.4,248.0,6808.0
2174,2024/25,32.2,349.0,11718.0,0.0,9.0,1.5,4.0,349.0,0.0,2.0,30.7,345.0,11369.0
2175,2024/25,20.5,250.0,11256.0,4.0,8.0,41.4,472.0,18562.0,0.0,9.0,-20.9,-222.0,-7306.0
2176,2024/25,25.0,381.0,17272.0,7.0,10.0,21.9,253.0,8884.0,0.0,8.0,3.1,128.0,8388.0
2177,2024/25,13.0,82.0,3559.0,0.0,2.0,33.2,473.0,16680.0,0.0,8.0,-20.2,-391.0,-13121.0
2178,2024/25,13.0,199.0,7322.0,0.0,5.0,28.8,532.0,17011.0,1.0,9.0,-15.8,-333.0,-9689.0
2179,2024/25,5.9,73.0,3934.0,0.0,3.0,18.1,276.0,7074.0,0.0,5.0,-12.2,-203.0,-3140.0
2180,2024/25,2.1,35.0,7495.0,11.0,3.0,14.5,244.0,10137.0,4.0,7.0,-12.4,-209.0,-2642.0
2181,2024/25,57.1,420.0,18175.0,0.0,11.0,12.9,192.0,6195.0,0.0,6.0,44.2,228.0,11980.0
2182,2024/25,0.2,4.0,98.0,0.0,1.0,0.0,0.0,1440.0,2.0,1.0,0.2,4.0,-1342.0
2183,2024/25,53.5,463.0,20583.0,10.0,10.0,43.7,401.0,16682.0,1.0,8.0,9.8,62.0,3901.0
2184,2024/25,27.5,407.0,18252.0,13.0,8.0,35.7,278.0,15552.0,9.0,6.0,-8.2,129.0,2700.0
2185,2024/25,20.3,276.0,8494.0,0.0,6.0,0.2,4.0,98.0,0.0,1.0,20.1,272.0,8396.0
2186,2024/25,0.0,0.0,1440.0,2.0,1.0,22.8,279.0,15423.0,11.0,7.0,-22.8,-279.0,-13983.0
2187,2024/25,35.7,320.0,16009.0,9.0,7.0,59.9,473.0,17868.0,0.0,9.0,-24.2,-153.0,-1859.0
2188,2024/25,42.5,458.0,20469.0,10.0,9.0,9.0,257.0,8219.0,0.0,5.0,33.5,201.0,12250.0
2189,2024/25,28.1,552.0,16791.0,1.0,8.0,36.2,413.0,16262.0,1.0,8.0,-8.1,139.0,529.0
2190,2024/25,17.0,259.0,7029.0,0.0,4.0,24.3,361.0,17016.0,13.0,8.0,-7.3,-102.0,-9987.0
2191,2024/25,19.8,266.0,8700.0,0.0,8.0,13.0,82.0,3559.0,0.0,2.0,6.8,184.0,5141.0
2192,2024/25,39.1,388.0,16584.0,0.0,8.0,19.9,89.0,5961.0,0.0,4.0,19.2,299.0,10623.0
2193,2024/25,11.9,293.0,10369.0,4.0,8.0,22.6,273.0,13794.0,7.0,7.0,-10.7,20.0,-3425.0
2194,2024/25,19.8,264.0,12991.0,7.0,7.0,20.3,276.0,8494.0,0.0,6.0,-0.5,-12.0,4497.0
2195,2024/25,13.0,82.0,3559.0,0.0,2.0,45.8,352.0,19037.0,9.0,8.0,-32.8,-270.0,-15478.0
2196,2024/25,11.5,194.0,8472.0,0.0,5.0,17.0,259.0,7029.0,0.0,4.0,-5.5,-65.0,1443.0
2197,2024/25,16.3,48.0,4427.0,0.0,2.0,0.2,4.0,98.0,0.0,1.0,16.1,44.0,4329.0
2198,2024/25,46.9,447.0,18581.0,1.0,9.0,0.0,0.0,1440.0,2.0,1.0,46.9,447.0,17141.0
2199,2024/25,22.6,291.0,15416.0,11.0,6.0,23.3,304.0,10109.0,0.0,8.0,-0.7,-13.0,5307.0
2200,2024/25,45.8,328.0,12454.0,0.0,8.0,19.4,447.0,13611.0,1.0,8.0,26.4,-119.0,-1157.0
2201,2024/25,39.1,388.0,16584.0,0.0,8.0,51.3,287.0,17420.0,10.0,9.0,-12.2,101.0,-836.0
2202,2024/25,23.7,226.0,13804.0,13.0,7.0,11.9,293.0,10369.0,4.0,8.0,11.8,-67.0,3435.0
2203,2024/25,24.3,357.0,16225.0,7.0,9.0,0.8,16.0,454.0,0.0,2.0,23.5,341.0,15771.0
2204,2024/25,13.9,209.0,6130.0,0.0,4.0,26.5,201.0,15072.0,13.0,8.0,-12.6,8.0,-8942.0
2205,2024/25,17.4,237.0,13766.0,11.0,6.0,37.7,435.0,16823.0,1.0,9.0,-20.3,-198.0,-3057.0
2206,2024/25,0.0,0.0,1440.0,2.0,1.0,37.2,652.0,19342.0,1.0,9.0,-37.2,-652.0,-17902.0
2207,2024/25,0.0,0.0,0.0,0.0,0.0,13.0,82.0,3559.0,0.0,2.0,-13.0,-82.0,-3559.0
2208,2024/25,31.2,219.0,14457.0,9.0,7.0,27.7,434.0,15034.0,0.0,8.0,3.5,-215.0,-577.0
2209,2024/25,7.2,248.0,4990.0,0.0,4.0,44.3,282.0,10666.0,0.0,7.0,-37.1,-34.0,-5676.0
2210,2024/25,19.5,278.0,10383.0,0.0,8.0,3.2,177.0,5886.0,0.0,3.0,16.3,101.0,4497.0
2211,2024/25,14.2,241.0,9880.0,4.0,7.0,52.8,457.0,20503.0,10.0,9.0,-38.6,-216.0,-10623.0
2212,2024/25,14.7,265.0,11565.0,3.0,7.0,17.8,184.0,13153.0,7.0,7.0,-3.1,81.0,-1588.0
2213,2024/25,23.4,226.0,8185.0,0.0,5.0,13.0,82.0,3559.0,0.0,2.0,10.4,144.0,4626.0
2214,2024/25,36.5,440.0,17117.0,1.0,9.0,33.5,306.0,15919.0,9.0,8.0,3.0,134.0,1198.0
2215,2024/25,52.2,299.0,14235.0,0.0,8.0,19.7,210.0,13815.0,13.0,6.0,32.5,89.0,420.0
2216,2024/25,66.8,484.0,23395.0,10.0,10.0,9.3,252.0,13378.0,11.0,6.0,57.5,232.0,10017.0
2217,2024/25,34.7,620.0,18245.0,1.0,8.0,1.3,0.0,251.0,0.0,1.0,33.4,620.0,17994.0
2218,2024/25,7.2,248.0,4990.0,0.0,4.0,8.8,233.0,8404.0,4.0,6.0,-1.6,15.0,-3414.0
2219,2024/25,31.9,339.0,12748.0,0.0,8.0,0.0,0.0,1440.0,2.0,1.0,31.9,339.0,11308.0
2220,2024/25,31.9,429.0,15025.0,0.0,9.0,20.4,220.0,7341.0,0.0,6.0,11.5,209.0,7684.0
2221,2024/25,22.6,273.0,13800.0,7.0,8.0,18.5,353.0,7741.0,0.0,6.0,4.1,-80.0,6059.0
2222,2024/25,18.8,129.0,5096.0,0.0,3.0,26.8,297.0,13408.0,1.0,7.0,-8.0,-168.0,-8312.0
2223,2024/25,20.1,275.0,8586.0,0.0,6.0,34.9,505.0,16177.0,1.0,8.0,-14.8,-230.0,-7591.0
2224,2024/25,19.1,260.0,15183.0,11.0,7.0,36.5,485.0,17052.0,0.0,9.0,-17.4,-225.0,-1869.0
2225,2024/25,5.0,69.0,2310.0,0.0,1.0,14.7,265.0,11565.0,3.0,7.0,-9.7,-196.0,-9255.0
2226,2024/25,1.3,0.0,251.0,0.0,1.0,53.8,381.0,16559.0,0.0,9.0,-52.5,-381.0,-16308.0
2227,2024/25,48.3,369.0,19731.0,9.0,9.0,33.8,317.0,11880.0,0.0,9.0,14.5,52.0,7851.0
2228,2024/25,9.5,241.0,8750.0,4.0,7.0,21.1,217.0,7418.0,0.0,4.0,-11.6,24.0,1332.0
2229,2024/25,17.1,154.0,12356.0,13.0,7.0,66.8,484.0,23395.0,10.0,10.0,-49.7,-330.0,-11039.0
2230,2024/25,14.7,265.0,11565.0,3.0,7.0,1.3,0.0,251.0,0.0,1.0,13.4,265.0,11314.0
2231,2024/25,20.5,201.0,7058.0,0.0,4.0,19.1,260.0,15183.0,11.0,7.0,1.4,-59.0,-8125.0
2232,2024/25,34.1,428.0,16284.0,1.0,8.0,22.4,357.0,10219.0,0.0,7.0,11.7,71.0,6065.0
2233,2024/25,53.9,337.0,18550.0,10.0,8.0,8.6,271.0,10644.0,7.0,6.0,45.3,66.0,7906.0
2234,2024/25,26.6,594.0,16481.0,1.0,8.0,41.3,330.0,16956.0,9.0,8.0,-14.7,264.0,-475.0
2236,2024/25,23.0,259.0,9259.0,0.0,8.0,49.3,419.0,20330.0,9.0,10.0,-26.3,-160.0,-11071.0
2237,2024/25,32.6,513.0,16795.0,0.0,8.0,17.1,154.0,12356.0,13.0,7.0,15.5,359.0,4439.0
2238,2024/25,14.1,278.0,10158.0,4.0,5.0,13.0,82.0,3559.0,0.0,2.0,1.1,196.0,6599.0
2239,2024/25,22.6,320.0,14826.0,7.0,8.0,29.0,575.0,16984.0,1.0,8.0,-6.4,-255.0,-2158.0
2240,2024/25,13.0,82.0,3559.0,0.0,2.0,16.8,251.0,11356.0,3.0,7.0,-3.8,-169.0,-7797.0
2241,2024/25,23.2,343.0,12384.0,1.0,6.0,23.0,259.0,9259.0,0.0,8.0,0.2,84.0,3125.0
2242,2024/25,12.3,183.0,6064.0,0.0,5.0,15.4,254.0,6139.0,0.0,5.0,-3.1,-71.0,-75.0
2243,2024/25,0.0,0.0,0.0,0.0,0.0,24.0,242.0,8545.0,0.0,5.0,-24.0,-242.0,-8545.0
2244,2024/25,48.8,412.0,18866.0,9.0,9.0,66.2,448.0,22674.0,10.0,9.0,-17.4,-36.0,-3808.0
2245,2024/25,0.0,0.0,0.0,0.0,0.0,20.6,430.0,12310.0,0.0,7.0,-20.6,-430.0,-12310.0
2246,2024/25,44.2,313.0,17863.0,9.0,7.0,22.7,310.0,12365.0,4.0,6.0,21.5,3.0,5498.0
2247,2024/25,18.6,210.0,14864.0,13.0,7.0,20.6,157.0,12772.0,11.0,6.0,-2.0,53.0,2092.0
2248,2024/25,14.7,265.0,11565.0,3.0,7.0,44.0,379.0,18931.0,9.0,9.0,-29.3,-114.0,-7366.0
2249,2024/25,18.1,239.0,8208.0,0.0,5.0,33.5,306.0,15919.0,9.0,8.0,-15.4,-67.0,-7711.0
2250,2024/25,13.3,60.0,9932.0,11.0,5.0,19.7,267.0,8363.0,0.0,5.0,-6.4,-207.0,1569.0
2251,2024/25,52.8,457.0,20503.0,10.0,9.0,22.5,171.0,6395.0,0.0,4.0,30.3,286.0,14108.0
2252,2024/25,32.0,626.0,18313.0,1.0,9.0,18.0,249.0,8762.0,0.0,8.0,14.0,377.0,9551.0
2253,2024/25,16.9,345.0,7590.0,0.0,6.0,39.9,378.0,16402.0,1.0,8.0,-23.0,-33.0,-8812.0
2254,2024/25,26.6,406.0,14588.0,0.0,7.0,22.6,273.0,13800.0,7.0,8.0,4.0,133.0,788.0
2255,2024/25,22.7,310.0,12365.0,4.0,6.0,5.0,69.0,2310.0,0.0,1.0,17.7,241.0,10055.0
2256,2024/25,19.6,193.0,13513.0,13.0,6.0,0.0,0.0,0.0,0.0,0.0,19.6,193.0,13513.0
2257,2024/25,23.2,289.0,14056.0,7.0,8.0,19.0,270.0,15690.0,13.0,7.0,4.2,19.0,-1634.0
2258,2024/25,16.7,124.0,4858.0,0.0,3.0,33.2,652.0,19443.0,1.0,10.0,-16.5,-528.0,-14585.0
2259,2024/25,39.9,378.0,16402.0,1.0,8.0,14.5,233.0,10735.0,3.0,6.0,25.4,145.0,5667.0
2260,2024/25,26.7,272.0,9366.0,0.0,6.0,8.6,83.0,5627.0,4.0,4.0,18.1,189.0,3739.0
2261,2024/25,0.0,0.0,1440.0,2.0,1.0,27.3,477.0,16549.0,0.0,8.0,-27.3,-477.0,-15109.0
2262,2024/25,33.3,312.0,16614.0,9.0,8.0,20.5,201.0,7058.0,0.0,4.0,12.8,111.0,9556.0
2263,2024/25,0.0,0.0,0.0,0.0,0.0,15.7,108.0,12065.0,11.0,6.0,-15.7,-108.0,-12065.0
2264,2024/25,40.3,328.0,16928.0,9.0,8.0,65.2,485.0,22890.0,10.0,10.0,-24.9,-157.0,-5962.0
2265,2024/25,23.3,304.0,10109.0,0.0,8.0,13.8,221.0,5014.0,0.0,4.0,9.5,83.0,5095.0
2266,2024/25,23.4,226.0,8185.0,0.0,5.0,39.0,393.0,15612.0,1.0,7.0,-15.6,-167.0,-7427.0
2267,2024/25,15.7,108.0,12065.0,11.0,6.0,18.1,237.0,11225.0,3.0,7.0,-2.4,-129.0,840.0
2268,2024/25,29.3,231.0,13855.0,9.0,7.0,0.0,0.0,1440.0,2.0,1.0,29.3,231.0,12415.0
2269,2024/25,39.7,291.0,15782.0,9.0,7.0,27.6,263.0,9013.0,0.0,6.0,12.1,28.0,6769.0
2270,2024/25,66.8,484.0,23395.0,10.0,10.0,23.3,304.0,10109.0,0.0,8.0,43.5,180.0,13286.0
2271,2024/25,32.0,679.0,19982.0,1.0,10.0,19.6,380.0,8793.0,0.0,7.0,12.4,299.0,11189.0
2272,2024/25,15.3,394.0,12064.0,0.0,7.0,11.5,194.0,9844.0,3.0,6.0,3.8,200.0,2220.0
2273,2024/25,13.7,263.0,9937.0,4.0,5.0,1.3,0.0,251.0,0.0,1.0,12.4,263.0,9686.0
2274,2024/25,11.0,219.0,13304.0,13.0,6.0,13.0,82.0,3559.0,0.0,2.0,-2.0,137.0,9745.0
2275,2024/25,18.8,129.0,5096.0,0.0,3.0,23.4,270.0,13824.0,9.0,7.0,-4.6,-141.0,-8728.0
2276,2024/25,13.6,180.0,9635.0,3.0,6.0,14.8,283.0,10461.0,4.0,6.0,-1.2,-103.0,-826.0
2277,2024/25,37.5,366.0,15569.0,1.0,7.0,26.3,468.0,14674.0,0.0,9.0,11.2,-102.0,895.0
2278,2024/25,30.5,356.0,11484.0,0.0,7.0,24.1,242.0,8592.0,0.0,6.0,6.4,114.0,2892.0
2279,2024/25,0.0,0.0,1440.0,2.0,1.0,30.3,232.0,14443.0,9.0,7.0,-30.3,-232.0,-13003.0
2280,2024/25,0.2,4.0,98.0,0.0,1.0,20.7,346.0,13676.0,3.0,8.0,-20.5,-342.0,-13578.0
2281,2024/25,28.7,528.0,17304.0,1.0,9.0,47.9,376.0,18267.0,10.0,8.0,-19.2,152.0,-963.0
2282,2024/25,15.9,320.0,6778.0,0.0,5.0,23.9,219.0,15470.0,11.0,8.0,-8.0,101.0,-8692.0
2283,2024/25,21.1,297.0,10271.0,0.0,8.0,15.1,199.0,13701.0,13.0,7.0,6.0,98.0,-3430.0
2284,2024/25,15.7,178.0,10701.0,3.0,7.0,0.0,0.0,1440.0,2.0,1.0,15.7,178.0,9261.0
2285,2024/25,10.1,226.0,6565.0,0.0,5.0,7.0,87.0,5531.0,3.0,3.0,3.1,139.0,1034.0
2286,2024/25,30.5,356.0,11484.0,0.0,7.0,18.8,129.0,5096.0,0.0,3.0,11.7,227.0,6388.0
2287,2024/25,9.4,131.0,10493.0,11.0,4.0,39.5,624.0,20032.0,1.0,10.0,-30.1,-493.0,-9539.0
2288,2024/25,33.0,319.0,16811.0,9.0,8.0,15.9,320.0,6778.0,0.0,5.0,17.1,-1.0,10033.0
2289,2024/25,42.5,458.0,20469.0,10.0,9.0,0.0,0.0,0.0,0.0,0.0,42.5,458.0,20469.0
2290,2024/25,26.3,468.0,14674.0,0.0,9.0,18.0,266.0,9773.0,0.0,7.0,8.3,202.0,4901.0
2291,2024/25,14.1,278.0,10158.0,4.0,5.0,30.6,261.0,13616.0,9.0,7.0,-16.5,17.0,-3458.0
2292,2024/25,15.2,216.0,14003.0,13.0,7.0,40.0,431.0,17288.0,1.0,8.0,-24.8,-215.0,-3285.0
2293,2024/25,22.5,171.0,6395.0,0.0,4.0,22.1,253.0,11421.0,3.0,7.0,0.4,-82.0,-5026.0
2294,2024/25,14.5,233.0,10735.0,3.0,6.0,18.4,262.0,15239.0,13.0,7.0,-3.9,-29.0,-4504.0
2295,2024/25,37.5,366.0,14489.0,0.0,7.0,7.4,224.0,7916.0,4.0,4.0,30.1,142.0,6573.0
2296,2024/25,0.0,0.0,1440.0,2.0,1.0,23.5,326.0,10484.0,0.0,6.0,-23.5,-326.0,-9044.0
2297,2024/25,31.2,299.0,12055.0,0.0,7.0,22.7,199.0,14120.0,11.0,7.0,8.5,100.0,-2065.0
2298,2024/25,0.2,4.0,98.0,0.0,1.0,27.0,221.0,14993.0,9.0,7.0,-26.8,-217.0,-14895.0
2299,2024/25,41.8,593.0,18665.0,0.0,9.0,19.3,377.0,11306.0,0.0,7.0,22.5,216.0,7359.0
2300,2024/25,8.3,217.0,5573.0,0.0,5.0,66.2,448.0,22674.0,10.0,9.0,-57.9,-231.0,-17101.0
2301,2024/25,23.3,304.0,10109.0,0.0,8.0,7.2,201.0,5438.0,0.0,4.0,16.1,103.0,4671.0
2302,2024/25,22.1,253.0,11421.0,3.0,7.0,42.3,330.0,17461.0,9.0,8.0,-20.2,-77.0,-6040.0
2303,2024/25,13.0,82.0,3559.0,0.0,2.0,22.7,199.0,14120.0,11.0,7.0,-9.7,-117.0,-10561.0
2304,2024/25,22.3,292.0,10666.0,0.0,8.0,33.6,360.0,12650.0,0.0,8.0,-11.3,-68.0,-1984.0
2305,2024/25,1.3,0.0,251.0,0.0,1.0,26.8,332.0,12170.0,0.0,6.0,-25.5,-332.0,-11919.0
2306,2024/25,39.6,358.0,18680.0,9.0,9.0,20.3,303.0,12693.0,3.0,8.0,19.3,55.0,5987.0
2307,2024/25,66.8,484.0,23395.0,10.0,10.0,0.0,0.0,1440.0,2.0,1.0,66.8,484.0,21955.0
2308,2024/25,19.3,377.0,11306.0,0.0,7.0,7.3,192.0,4761.0,0.0,4.0,12.0,185.0,6545.0
2309,2024/25,14.8,283.0,10461.0,4.0,6.0,26.2,393.0,12841.0,1.0,8.0,-11.4,-110.0,-2380.0
2310,2024/25,17.8,208.0,13067.0,13.0,7.0,19.9,89.0,5961.0,0.0,4.0,-2.1,119.0,7106.0
2311,2024/25,11.9,224.0,10123.0,3.0,5.0,17.4,151.0,11475.0,6.0,6.0,-5.5,73.0,-1352.0
2312,2024/25,19.3,73.0,5601.0,0.0,4.0,60.4,393.0,20164.0,10.0,9.0,-41.1,-320.0,-14563.0
2313,2024/25,37.5,366.0,14489.0,0.0,7.0,22.1,253.0,11421.0,3.0,7.0,15.4,113.0,3068.0
2314,2024/25,22.7,199.0,14120.0,11.0,7.0,25.1,232.0,14951.0,9.0,7.0,-2.4,-33.0,-831.0
2315,2024/25,0.0,0.0,1440.0,2.0,1.0,18.8,129.0,5096.0,0.0,3.0,-18.8,-129.0,-3656.0
2316,2024/25,31.1,270.0,15466.0,9.0,7.0,27.9,398.0,14360.0,0.0,9.0,3.2,-128.0,1106.0
2317,2024/25,22.3,426.0,12368.0,0.0,8.0,9.0,129.0,10753.0,13.0,6.0,13.3,297.0,1615.0
2318,2024/25,6.7,244.0,4616.0,0.0,4.0,1.3,0.0,251.0,0.0,1.0,5.4,244.0,4365.0
2319,2024/25,24.8,318.0,10090.0,0.0,8.0,12.6,184.0,8063.0,4.0,6.0,12.2,134.0,2027.0
2320,2024/25,16.9,332.0,7322.0,0.0,5.0,5.0,69.0,2310.0,0.0,1.0,11.9,263.0,5012.0
2344,2025/26,40.7,392.0,16820.0,10.0,8.0,0.2,18.0,394.0,0.0,2.0,40.5,374.0,16426.0
2345,2025/26,47.0,384.0,22014.0,14.0,9.0,28.5,463.0,17474.0,3.0,9.0,18.5,-79.0,4540.0
2346,2025/26,39.7,442.0,20527.0,8.0,8.0,36.1,550.0,22931.0,6.0,10.0,3.6,-108.0,-2404.0
2347,2025/26,0.0,0.0,5940.0,4.0,1.0,20.3,416.0,13870.0,4.0,8.0,-20.3,-416.0,-7930.0
2348,2025/26,54.9,654.0,29130.0,9.0,11.0,37.1,414.0,21256.0,17.0,10.0,17.8,240.0,7874.0
2349,2025/26,37.2,581.0,15226.0,0.0,8.0,48.7,555.0,21734.0,3.0,10.0,-11.5,26.0,-6508.0
2350,2025/26,39.3,413.0,16208.0,1.0,11.0,16.1,93.0,4855.0,0.0,4.0,23.2,320.0,11353.0
2351,2025/26,19.9,223.0,11582.0,4.0,7.0,14.7,245.0,14858.0,11.0,7.0,5.2,-22.0,-3276.0
2352,2025/26,19.1,172.0,8226.0,4.0,6.0,70.9,384.0,23302.0,14.0,9.0,-51.8,-212.0,-15076.0
2353,2025/26,14.5,68.0,3935.0,0.0,2.0,28.4,244.0,10781.0,4.0,7.0,-13.9,-176.0,-6846.0
2354,2025/26,41.6,481.0,18979.0,3.0,8.0,48.9,377.0,22156.0,14.0,8.0,-7.3,104.0,-3177.0
2355,2025/26,50.2,344.0,20935.0,14.0,8.0,39.4,386.0,15898.0,1.0,11.0,10.8,-42.0,5037.0
2356,2025/26,19.2,362.0,12961.0,4.0,8.0,38.7,367.0,18241.0,4.0,11.0,-19.5,-5.0,-5280.0
2357,2025/26,39.6,491.0,19601.0,3.0,10.0,0.5,25.0,574.0,0.0,3.0,39.1,466.0,19027.0
2358,2025/26,45.2,624.0,26860.0,9.0,10.0,30.5,508.0,20338.0,6.0,9.0,14.7,116.0,6522.0
2359,2025/26,33.7,396.0,19597.0,17.0,10.0,0.0,0.0,5940.0,4.0,1.0,33.7,396.0,13657.0
2360,2025/26,22.3,144.0,10132.0,10.0,5.0,31.0,436.0,19884.0,8.0,7.0,-8.7,-292.0,-9752.0
2361,2025/26,37.6,385.0,21519.0,11.0,9.0,45.2,597.0,17349.0,0.0,9.0,-7.6,-212.0,4170.0
2362,2025/26,0.0,0.0,5940.0,4.0,1.0,37.6,385.0,21519.0,11.0,9.0,-37.6,-385.0,-15579.0
2363,2025/26,0.5,24.0,554.0,0.0,2.0,51.9,348.0,15152.0,0.0,8.0,-51.4,-324.0,-14598.0
2364,2025/26,31.8,255.0,14970.0,4.0,10.0,14.5,68.0,3935.0,0.0,2.0,17.3,187.0,11035.0
2365,2025/26,25.7,364.0,14315.0,4.0,8.0,39.5,338.0,16054.0,10.0,8.0,-13.8,26.0,-1739.0
2366,2025/26,30.5,508.0,20338.0,6.0,9.0,22.1,331.0,12895.0,4.0,7.0,8.4,177.0,7443.0
2367,2025/26,25.2,227.0,9854.0,4.0,6.0,38.0,333.0,18699.0,17.0,9.0,-12.8,-106.0,-8845.0
2368,2025/26,39.6,491.0,19601.0,3.0,10.0,49.7,501.0,20796.0,3.0,9.0,-10.1,-10.0,-1195.0
2369,2025/26,52.0,419.0,22268.0,14.0,9.0,41.0,617.0,16226.0,0.0,9.0,11.0,-198.0,6042.0
2370,2025/26,40.3,444.0,20631.0,5.0,8.0,45.6,597.0,26000.0,9.0,11.0,-5.3,-153.0,-5369.0
2371,2025/26,14.5,68.0,3935.0,0.0,2.0,65.4,347.0,15754.0,0.0,7.0,-50.9,-279.0,-11819.0
2372,2025/26,37.4,405.0,17896.0,4.0,11.0,54.2,634.0,29043.0,9.0,11.0,-16.8,-229.0,-11147.0
2373,2025/26,49.7,501.0,20796.0,3.0,9.0,31.5,285.0,13088.0,4.0,9.0,18.2,216.0,7708.0
2374,2025/26,36.2,583.0,15143.0,0.0,8.0,0.5,24.0,554.0,0.0,2.0,35.7,559.0,14589.0
2375,2025/26,17.2,361.0,13090.0,4.0,7.0,31.6,308.0,11548.0,4.0,7.0,-14.4,53.0,1542.0
2376,2025/26,31.8,335.0,12360.0,0.0,8.0,19.4,375.0,13526.0,0.0,10.0,12.4,-40.0,-1166.0
2377,2025/26,20.0,289.0,12513.0,10.0,6.0,29.4,486.0,18055.0,3.0,10.0,-9.4,-197.0,-5542.0
2378,2025/26,19.1,243.0,14398.0,11.0,7.0,43.2,307.0,18810.0,14.0,7.0,-24.1,-64.0,-4412.0
2379,2025/26,28.4,343.0,17212.0,5.0,7.0,0.0,0.0,5940.0,4.0,1.0,28.4,343.0,11272.0
2380,2025/26,0.0,0.0,5940.0,4.0,1.0,34.7,331.0,17411.0,4.0,8.0,-34.7,-331.0,-11471.0
2381,2025/26,0.5,24.0,554.0,0.0,2.0,42.7,540.0,24384.0,17.0,9.0,-42.2,-516.0,-23830.0
2382,2025/26,32.7,343.0,14060.0,4.0,9.0,25.4,319.0,17882.0,11.0,8.0,7.3,24.0,-3822.0
2383,2025/26,30.3,489.0,20851.0,6.0,9.0,47.4,495.0,19184.0,3.0,9.0,-17.1,-6.0,1667.0
2384,2025/26,30.2,429.0,13421.0,4.0,7.0,15.2,234.0,11736.0,10.0,6.0,15.0,195.0,1685.0
2385,2025/26,70.9,384.0,23302.0,14.0,9.0,35.4,640.0,16898.0,0.0,9.0,35.5,-256.0,6404.0
2386,2025/26,28.5,465.0,15314.0,3.0,9.0,36.3,344.0,18300.0,5.0,7.0,-7.8,121.0,-2986.0
2387,2025/26,51.3,598.0,27738.0,9.0,11.0,14.5,68.0,3935.0,0.0,2.0,36.8,530.0,23803.0
2388,2025/26,43.2,296.0,20020.0,14.0,9.0,23.4,394.0,14152.0,4.0,8.0,19.8,-98.0,5868.0
2389,2025/26,0.0,0.0,5940.0,4.0,1.0,30.3,489.0,20851.0,6.0,9.0,-30.3,-489.0,-14911.0
2390,2025/26,26.3,232.0,13623.0,4.0,6.0,38.7,336.0,15189.0,10.0,7.0,-12.4,-104.0,-1566.0
2391,2025/26,49.7,501.0,20796.0,3.0,9.0,14.5,68.0,3935.0,0.0,2.0,35.2,433.0,16861.0
2392,2025/26,39.7,604.0,15524.0,0.0,10.0,49.2,638.0,27390.0,9.0,11.0,-9.5,-34.0,-11866.0
2393,2025/26,23.2,377.0,12166.0,4.0,7.0,0.5,24.0,554.0,0.0,2.0,22.7,353.0,11612.0
2394,2025/26,23.4,394.0,14152.0,4.0,8.0,25.4,318.0,12784.0,4.0,9.0,-2.0,76.0,1368.0
2395,2025/26,43.3,405.0,21113.0,17.0,10.0,57.2,440.0,23077.0,14.0,9.0,-13.9,-35.0,-1964.0
2396,2025/26,25.4,319.0,17882.0,11.0,8.0,30.2,486.0,16016.0,3.0,10.0,-4.8,-167.0,1866.0
2397,2025/26,28.9,300.0,16043.0,5.0,6.0,38.1,291.0,17481.0,14.0,7.0,-9.2,9.0,-1438.0
2398,2025/26,8.0,26.0,1921.0,0.0,2.0,0.0,0.0,5940.0,4.0,1.0,8.0,26.0,-4019.0
2399,2025/26,0.5,24.0,554.0,0.0,2.0,23.8,426.0,15194.0,4.0,9.0,-23.3,-402.0,-14640.0
2400,2025/26,30.3,489.0,20851.0,6.0,9.0,33.2,344.0,19547.0,11.0,7.0,-2.9,145.0,1304.0
2401,2025/26,39.7,604.0,15524.0,0.0,10.0,26.2,346.0,13971.0,4.0,9.0,13.5,258.0,1553.0
2402,2025/26,38.1,291.0,17481.0,14.0,7.0,35.8,534.0,21819.0,17.0,10.0,2.3,-243.0,-4338.0
2403,2025/26,19.4,269.0,10713.0,3.0,8.0,16.9,214.0,11090.0,4.0,7.0,2.5,55.0,-377.0
2404,2025/26,43.6,548.0,24624.0,9.0,11.0,19.3,248.0,9293.0,4.0,5.0,24.3,300.0,15331.0
2405,2025/26,28.9,352.0,17785.0,14.0,8.0,29.6,367.0,17918.0,5.0,8.0,-0.7,-15.0,-133.0
2406,2025/26,28.4,345.0,14516.0,10.0,7.0,49.7,501.0,17196.0,0.0,8.0,-21.3,-156.0,-2680.0
2407,2025/26,0.0,0.0,5940.0,4.0,1.0,24.8,162.0,8858.0,3.0,7.0,-24.8,-162.0,-2918.0
2408,2025/26,36.7,315.0,16285.0,4.0,7.0,28.3,348.0,11717.0,4.0,7.0,8.4,-33.0,4568.0
2409,2025/26,43.8,459.0,14681.0,0.0,8.0,40.0,357.0,21269.0,9.0,10.0,3.8,102.0,-6588.0
2410,2025/26,26.2,346.0,13971.0,4.0,9.0,4.0,110.0,2545.0,0.0,3.0,22.2,236.0,11426.0
2411,2025/26,26.0,475.0,16516.0,4.0,9.0,32.7,256.0,16053.0,14.0,6.0,-6.7,219.0,463.0
2412,2025/26,61.8,461.0,24083.0,14.0,9.0,34.1,434.0,20166.0,6.0,9.0,27.7,27.0,3917.0
2413,2025/26,55.7,494.0,25074.0,17.0,10.0,30.2,626.0,15741.0,0.0,10.0,25.5,-132.0,9333.0
2414,2025/26,35.7,368.0,20553.0,11.0,8.0,40.0,370.0,16611.0,10.0,8.0,-4.3,-2.0,3942.0
2415,2025/26,30.7,396.0,12967.0,0.0,6.0,8.0,26.0,1921.0,0.0,2.0,22.7,370.0,11046.0
2416,2025/26,9.1,36.0,2470.0,0.0,3.0,26.0,475.0,16516.0,4.0,9.0,-16.9,-439.0,-14046.0
2417,2025/26,0.2,18.0,394.0,0.0,2.0,29.3,314.0,18705.0,14.0,8.0,-29.1,-296.0,-18311.0
2418,2025/26,29.7,402.0,18460.0,6.0,9.0,25.1,320.0,13062.0,4.0,8.0,4.6,82.0,5398.0
2419,2025/26,30.2,626.0,15741.0,0.0,10.0,32.7,362.0,11997.0,0.0,6.0,-2.5,264.0,3744.0
2420,2025/26,18.5,209.0,8673.0,4.0,5.0,41.3,245.0,18417.0,11.0,8.0,-22.8,-36.0,-9744.0
2421,2025/26,40.1,297.0,18267.0,14.0,6.0,45.2,504.0,16500.0,0.0,9.0,-5.1,-207.0,1767.0
2422,2025/26,52.0,558.0,27253.0,9.0,11.0,19.4,269.0,10713.0,3.0,8.0,32.6,289.0,16540.0
2423,2025/26,46.3,450.0,21797.0,17.0,10.0,34.4,296.0,14647.0,4.0,6.0,11.9,154.0,7150.0
2424,2025/26,0.0,0.0,5940.0,4.0,1.0,22.9,227.0,11298.0,10.0,5.0,-22.9,-227.0,-5358.0
2425,2025/26,0.0,0.0,5940.0,4.0,1.0,45.3,567.0,20217.0,0.0,9.0,-45.3,-567.0,-14277.0
2426,2025/26,24.0,213.0,11985.0,4.0,5.0,30.2,176.0,13358.0,14.0,5.0,-6.2,37.0,-1373.0
2427,2025/26,25.3,335.0,13500.0,4.0,9.0,29.5,367.0,12679.0,4.0,8.0,-4.2,-32.0,821.0
2428,2025/26,26.1,358.0,17227.0,6.0,8.0,8.6,82.0,3305.0,0.0,3.0,17.5,276.0,13922.0
2429,2025/26,18.5,300.0,12283.0,4.0,7.0,48.4,442.0,15556.0,0.0,9.0,-29.9,-142.0,-3273.0
2430,2025/26,19.4,269.0,10713.0,3.0,8.0,30.1,574.0,14109.0,0.0,10.0,-10.7,-305.0,-3396.0
2431,2025/26,52.0,419.0,22268.0,14.0,9.0,39.6,275.0,15047.0,10.0,7.0,12.4,144.0,7221.0
2432,2025/26,30.2,244.0,16427.0,11.0,7.0,0.5,24.0,554.0,0.0,2.0,29.7,220.0,15873.0
2433,2025/26,25.2,305.0,9433.0,0.0,5.0,47.8,372.0,21679.0,17.0,10.0,-22.6,-67.0,-12246.0
2434,2025/26,1.6,25.0,920.0,0.0,2.0,17.4,254.0,10382.0,3.0,7.0,-15.8,-229.0,-9462.0
2435,2025/26,0.0,0.0,0.0,0.0,0.0,21.3,280.0,8387.0,0.0,6.0,-21.3,-280.0,-8387.0
2436,2025/26,31.7,339.0,10361.0,0.0,7.0,0.0,0.0,5940.0,4.0,1.0,31.7,339.0,4421.0
2437,2025/26,31.8,645.0,17315.0,0.0,9.0,25.5,262.0,13634.0,4.0,6.0,6.3,383.0,3681.0
2438,2025/26,24.0,320.0,11171.0,4.0,7.0,29.7,402.0,18460.0,6.0,9.0,-5.7,-82.0,-7289.0
2439,2025/26,40.1,311.0,18561.0,14.0,7.0,31.0,301.0,17837.0,11.0,7.0,9.1,10.0,724.0
2440,2025/26,44.1,511.0,19237.0,0.0,8.0,46.7,368.0,20390.0,14.0,8.0,-2.6,143.0,-1153.0
2441,2025/26,36.1,337.0,18995.0,17.0,9.0,22.3,303.0,12234.0,4.0,9.0,13.8,34.0,6761.0
2442,2025/26,24.9,187.0,11683.0,10.0,4.0,18.3,310.0,12039.0,4.0,7.0,6.6,-123.0,-356.0
2443,2025/26,0.0,0.0,5940.0,4.0,1.0,0.5,25.0,574.0,0.0,3.0,-0.5,-25.0,5366.0
2444,2025/26,29.1,374.0,15348.0,4.0,10.0,41.4,497.0,17774.0,0.0,8.0,-12.3,-123.0,-2426.0
2445,2025/26,22.8,352.0,17385.0,6.0,9.0,34.4,296.0,14647.0,4.0,6.0,-11.6,56.0,2738.0
2446,2025/26,19.4,407.0,13751.0,4.0,8.0,30.2,626.0,15741.0,0.0,10.0,-10.8,-219.0,-1990.0
2447,2025/26,21.7,397.0,12580.0,3.0,8.0,48.1,317.0,20485.0,17.0,9.0,-26.4,80.0,-7905.0
2448,2025/26,56.8,426.0,23829.0,14.0,9.0,38.0,278.0,17345.0,14.0,6.0,18.8,148.0,6484.0
2449,2025/26,25.5,160.0,5134.0,0.0,3.0,9.1,36.0,2470.0,0.0,3.0,16.4,124.0,2664.0
2450,2025/26,14.7,256.0,15184.0,11.0,7.0,37.4,431.0,12354.0,0.0,7.0,-22.7,-175.0,2830.0
2451,2025/26,38.2,426.0,19865.0,5.0,9.0,31.5,425.0,14261.0,4.0,9.0,6.7,1.0,5604.0
2452,2025/26,9.1,36.0,2470.0,0.0,3.0,17.4,231.0,15298.0,11.0,7.0,-8.3,-195.0,-12828.0
2453,2025/26,0.5,25.0,574.0,0.0,3.0,20.5,368.0,12261.0,0.0,9.0,-20.0,-343.0,-11687.0
2454,2025/26,43.1,433.0,19430.0,4.0,9.0,56.8,426.0,23829.0,14.0,9.0,-13.7,7.0,-4399.0
2455,2025/26,26.1,405.0,15079.0,4.0,8.0,32.4,346.0,17562.0,5.0,8.0,-6.3,59.0,-2483.0
2456,2025/26,36.4,654.0,17745.0,0.0,10.0,38.8,385.0,10787.0,0.0,6.0,-2.4,269.0,6958.0
2457,2025/26,37.0,432.0,14559.0,4.0,9.0,0.0,0.0,5940.0,4.0,1.0,37.0,432.0,8619.0
2458,2025/26,42.7,290.0,18585.0,14.0,7.0,21.7,397.0,12580.0,3.0,8.0,21.0,-107.0,6005.0
2459,2025/26,38.6,517.0,17339.0,0.0,8.0,18.3,310.0,12039.0,4.0,7.0,20.3,207.0,5300.0
2460,2025/26,42.4,378.0,13067.0,0.0,8.0,39.2,498.0,14653.0,0.0,8.0,3.2,-120.0,-1586.0
2461,2025/26,0.0,0.0,5940.0,4.0,1.0,36.8,226.0,15945.0,14.0,6.0,-36.8,-226.0,-10005.0
2462,2025/26,0.3,8.0,200.0,0.0,2.0,39.9,447.0,16749.0,0.0,9.0,-39.6,-439.0,-16549.0
2463,2025/26,39.2,498.0,14653.0,0.0,8.0,33.8,415.0,13632.0,4.0,8.0,5.4,83.0,1021.0
2464,2025/26,36.3,602.0,16113.0,0.0,10.0,9.1,36.0,2470.0,0.0,3.0,27.2,566.0,13643.0
2465,2025/26,28.0,312.0,12075.0,3.0,8.0,20.5,368.0,12261.0,0.0,9.0,7.5,-56.0,-186.0
2466,2025/26,49.2,324.0,21098.0,14.0,8.0,26.1,405.0,15079.0,4.0,8.0,23.1,-81.0,6019.0
2467,2025/26,37.1,185.0,7229.0,0.0,4.0,44.1,331.0,12760.0,0.0,8.0,-7.0,-146.0,-5531.0
2468,2025/26,27.3,291.0,18166.0,11.0,7.0,13.2,317.0,11540.0,4.0,7.0,14.1,-26.0,6626.0
2469,2025/26,36.1,306.0,11923.0,0.0,6.0,48.4,456.0,19517.0,4.0,9.0,-12.3,-150.0,-7594.0
2470,2025/26,8.0,26.0,1921.0,0.0,2.0,18.3,281.0,16524.0,14.0,6.0,-10.3,-255.0,-14603.0
2471,2025/26,28.6,244.0,13156.0,4.0,6.0,0.5,24.0,554.0,0.0,2.0,28.1,220.0,12602.0
2472,2025/26,33.6,427.0,15228.0,3.0,8.0,36.1,306.0,11923.0,0.0,6.0,-2.5,121.0,3305.0
2473,2025/26,26.1,405.0,15079.0,4.0,8.0,0.0,0.0,5940.0,4.0,1.0,26.1,405.0,9139.0
2474,2025/26,22.3,335.0,11896.0,0.0,9.0,35.0,454.0,13652.0,0.0,9.0,-12.7,-119.0,-1756.0
2475,2025/26,33.8,415.0,13632.0,4.0,8.0,30.8,410.0,14376.0,3.0,8.0,3.0,5.0,-744.0
2476,2025/26,46.0,357.0,20309.0,14.0,9.0,22.3,254.0,6687.0,0.0,4.0,23.7,103.0,13622.0
2477,2025/26,17.9,278.0,10997.0,4.0,6.0,40.0,349.0,13805.0,0.0,7.0,-22.1,-71.0,-2808.0
2478,2025/26,38.6,517.0,17339.0,0.0,8.0,23.9,278.0,16519.0,11.0,8.0,14.7,239.0,820.0
2479,2025/26,3.8,93.0,2171.0,0.0,2.0,8.0,26.0,1921.0,0.0,2.0,-4.2,67.0,250.0
2480,2025/26,32.4,276.0,14152.0,4.0,7.0,42.1,449.0,16481.0,3.0,9.0,-9.7,-173.0,-2329.0
2481,2025/26,41.2,589.0,16408.0,0.0,10.0,0.0,0.0,5940.0,4.0,1.0,41.2,589.0,10468.0
2482,2025/26,45.5,346.0,19989.0,14.0,8.0,29.0,424.0,16200.0,0.0,9.0,16.5,-78.0,3789.0
2483,2025/26,28.1,337.0,12846.0,3.0,8.0,25.1,359.0,13985.0,4.0,8.0,3.0,-22.0,-1139.0
2484,2025/26,32.1,351.0,18942.0,14.0,8.0,33.8,415.0,13632.0,4.0,8.0,-1.7,-64.0,5310.0
2485,2025/26,38.1,261.0,11921.0,0.0,7.0,10.6,181.0,13074.0,11.0,7.0,27.5,80.0,-1153.0
2486,2025/26,37.7,305.0,14685.0,10.0,7.0,54.0,582.0,21871.0,0.0,10.0,-16.3,-277.0,-7186.0
2487,2025/26,36.1,306.0,11923.0,0.0,6.0,10.2,358.0,12460.0,4.0,8.0,25.9,-52.0,-537.0
2488,2025/26,8.6,21.0,2099.0,0.0,2.0,30.3,322.0,11572.0,0.0,8.0,-21.7,-301.0,-9473.0
2489,2025/26,0.0,0.0,5940.0,4.0,1.0,24.6,325.0,17655.0,14.0,7.0,-24.6,-325.0,-11715.0
2490,2025/26,33.6,427.0,15228.0,3.0,8.0,3.5,86.0,1991.0,0.0,1.0,30.1,341.0,13237.0
2491,2025/26,25.1,359.0,13985.0,4.0,8.0,20.0,199.0,10973.0,4.0,5.0,5.1,160.0,3012.0
2492,2025/26,23.7,347.0,13327.0,0.0,9.0,38.8,385.0,16367.0,10.0,7.0,-15.1,-38.0,-3040.0
2493,2025/26,33.8,415.0,13632.0,4.0,8.0,23.6,574.0,13873.0,0.0,9.0,10.2,-159.0,-241.0
2494,2025/26,12.9,304.0,11700.0,4.0,7.0,25.7,184.0,10208.0,3.0,8.0,-12.8,120.0,1492.0
2495,2025/26,36.5,491.0,17088.0,0.0,8.0,38.1,228.0,15892.0,14.0,6.0,-1.6,263.0,1196.0
2496,2025/26,14.7,245.0,14858.0,11.0,7.0,23.1,286.0,14559.0,5.0,6.0,-8.4,-41.0,299.0
2497,2025/26,7.5,11.0,1550.0,0.0,1.0,29.3,428.0,15618.0,4.0,9.0,-21.8,-417.0,-14068.0
2498,2025/26,0.5,25.0,574.0,0.0,3.0,34.4,315.0,15019.0,10.0,8.0,-33.9,-290.0,-14445.0
2499,2025/26,23.9,296.0,8364.0,0.0,5.0,23.4,477.0,13220.0,0.0,9.0,0.5,-181.0,-4856.0
2500,2025/26,44.8,323.0,19801.0,14.0,8.0,29.4,390.0,12801.0,4.0,7.0,15.4,-67.0,7000.0
2501,2025/26,16.3,352.0,12971.0,4.0,7.0,0.0,0.0,5940.0,4.0,1.0,16.3,352.0,7031.0
2502,2025/26,28.1,337.0,12846.0,3.0,8.0,52.0,348.0,21115.0,14.0,8.0,-23.9,-11.0,-8269.0
2503,2025/26,39.1,314.0,11707.0,0.0,7.0,40.3,415.0,16331.0,0.0,9.0,-1.2,-101.0,-4624.0
2504,2025/26,14.7,245.0,14858.0,11.0,7.0,18.3,181.0,10440.0,4.0,4.0,-3.6,64.0,4418.0
2505,2025/26,26.1,358.0,13632.0,0.0,9.0,25.7,372.0,16768.0,5.0,8.0,0.4,-14.0,-3136.0
2506,2025/26,2.9,22.0,7150.0,4.0,2.0,44.5,359.0,14598.0,0.0,9.0,-41.6,-337.0,-7448.0
2507,2025/26,4.0,110.0,2545.0,0.0,3.0,16.1,108.0,6122.0,3.0,6.0,-12.1,2.0,-3577.0
2508,2025/26,14.6,200.0,10879.0,4.0,6.0,17.4,449.0,14683.0,4.0,8.0,-2.8,-249.0,-3804.0
2509,2025/26,28.7,357.0,13756.0,4.0,8.0,42.7,290.0,18585.0,14.0,7.0,-14.0,67.0,-4829.0
2510,2025/26,30.4,493.0,16572.0,0.0,10.0,51.3,568.0,20408.0,0.0,10.0,-20.9,-75.0,-3836.0
2511,2025/26,28.6,597.0,15485.0,0.0,7.0,25.5,279.0,17446.0,11.0,7.0,3.1,318.0,-1961.0
2512,2025/26,34.9,451.0,15140.0,4.0,9.0,9.3,62.0,3621.0,0.0,3.0,25.6,389.0,11519.0
2513,2025/26,56.8,424.0,23797.0,14.0,9.0,36.5,422.0,12362.0,0.0,8.0,20.3,2.0,11435.0
2514,2025/26,18.1,161.0,5292.0,0.0,4.0,36.3,297.0,14179.0,10.0,6.0,-18.2,-136.0,-8887.0
2515,2025/26,9.3,62.0,3621.0,0.0,3.0,16.2,207.0,10677.0,4.0,5.0,-6.9,-145.0,-7056.0
2516,2025/26,41.8,459.0,13910.0,0.0,8.0,16.9,106.0,6243.0,3.0,6.0,24.9,353.0,7667.0
2517,2025/26,22.5,568.0,13988.0,0.0,8.0,51.8,339.0,20516.0,14.0,8.0,-29.3,229.0,-6528.0
2518,2025/26,46.2,397.0,21020.0,14.0,8.0,0.5,24.0,554.0,0.0,2.0,45.7,373.0,20466.0
2519,2025/26,17.4,449.0,14683.0,4.0,8.0,20.0,325.0,12612.0,0.0,8.0,-2.6,124.0,2071.0
2520,2025/26,46.7,530.0,19180.0,0.0,10.0,15.2,90.0,3590.0,0.0,2.0,31.5,440.0,15590.0
2521,2025/26,47.3,453.0,16696.0,0.0,9.0,38.1,468.0,16067.0,4.0,10.0,9.2,-15.0,629.0
2522,2025/26,37.7,305.0,14685.0,10.0,7.0,28.7,357.0,13756.0,4.0,8.0,9.0,-52.0,929.0
2523,2025/26,30.3,235.0,16779.0,11.0,8.0,0.0,0.0,5940.0,4.0,1.0,30.3,235.0,10839.0
2524,2025/26,2.9,22.0,7150.0,4.0,2.0,24.0,196.0,7350.0,0.0,4.0,-21.1,-174.0,-200.0
2525,2025/26,4.0,111.0,2565.0,0.0,4.0,27.7,602.0,15608.0,0.0,8.0,-23.7,-491.0,-13043.0
2526,2025/26,28.7,357.0,13756.0,4.0,8.0,26.2,392.0,11997.0,0.0,7.0,2.5,-35.0,1759.0
2527,2025/26,13.5,286.0,10193.0,0.0,9.0,54.9,445.0,17609.0,0.0,9.0,-41.4,-159.0,-7416.0
2528,2025/26,34.9,451.0,15140.0,4.0,9.0,17.4,427.0,14587.0,4.0,8.0,17.5,24.0,553.0
2529,2025/26,42.7,290.0,18585.0,14.0,7.0,9.3,62.0,3621.0,0.0,3.0,33.4,228.0,14964.0
2530,2025/26,20.5,275.0,9859.0,3.0,6.0,19.0,258.0,12009.0,10.0,6.0,1.5,17.0,-2150.0
2531,2025/26,54.0,582.0,21871.0,0.0,10.0,16.5,212.0,12157.0,4.0,6.0,37.5,370.0,9714.0
2532,2025/26,25.6,315.0,17046.0,14.0,7.0,24.4,248.0,16151.0,11.0,8.0,1.2,67.0,895.0
2533,2025/26,9.3,62.0,3621.0,0.0,3.0,51.3,568.0,20408.0,0.0,10.0,-42.0,-506.0,-16787.0
2534,2025/26,10.1,129.0,4267.0,0.0,5.0,0.0,0.0,5940.0,4.0,1.0,10.1,129.0,-1673.0
2535,2025/26,40.9,514.0,15932.0,0.0,9.0,18.4,429.0,12017.0,0.0,10.0,22.5,85.0,3915.0
2536,2025/26,28.9,611.0,15707.0,0.0,8.0,31.4,191.0,14517.0,14.0,5.0,-2.5,420.0,1190.0
2537,2025/26,14.1,286.0,11626.0,4.0,8.0,47.0,336.0,19799.0,14.0,8.0,-32.9,-50.0,-8173.0
2538,2025/26,40.3,276.0,12668.0,0.0,8.0,0.5,25.0,574.0,0.0,3.0,39.8,251.0,12094.0
2539,2025/26,38.2,337.0,15242.0,10.0,7.0,24.9,292.0,11086.0,4.0,7.0,13.3,45.0,4156.0
2540,2025/26,24.4,248.0,16151.0,11.0,8.0,27.4,289.0,12124.0,4.0,7.0,-3.0,-41.0,4027.0
2541,2025/26,14.6,186.0,6063.0,0.0,3.0,18.5,260.0,9529.0,3.0,6.0,-3.9,-74.0,-3466.0
2542,2025/26,8.8,47.0,3250.0,0.0,2.0,41.8,459.0,13910.0,0.0,8.0,-33.0,-412.0,-10660.0
2543,2025/26,4.0,110.0,2545.0,0.0,3.0,23.1,196.0,9616.0,4.0,6.0,-19.1,-86.0,-7071.0
2544,2025/26,28.2,359.0,13499.0,4.0,8.0,9.8,297.0,10805.0,4.0,7.0,18.4,62.0,2694.0
2545,2025/26,16.4,378.0,10265.0,0.0,8.0,2.7,2.0,6297.0,4.0,2.0,13.7,376.0,3968.0
2546,2025/26,36.1,203.0,15757.0,14.0,6.0,25.1,151.0,6101.0,0.0,3.0,11.0,52.0,9656.0
2547,2025/26,15.0,115.0,7141.0,3.0,6.0,14.2,201.0,13877.0,11.0,6.0,0.8,-86.0,-6736.0
2548,2025/26,46.7,530.0,19180.0,0.0,10.0,18.4,524.0,12240.0,0.0,7.0,28.3,6.0,6940.0
2549,2025/26,43.2,307.0,18810.0,14.0,7.0,48.6,345.0,15578.0,0.0,9.0,-5.4,-38.0,3232.0
2550,2025/26,35.9,271.0,14398.0,10.0,7.0,28.5,283.0,10088.0,0.0,8.0,7.4,-12.0,4310.0
2551,2025/26,2.7,2.0,6297.0,4.0,2.0,8.8,47.0,3250.0,0.0,2.0,-6.1,-45.0,3047.0
2552,2025/26,28.1,281.0,9930.0,0.0,7.0,10.3,270.0,8314.0,3.0,7.0,17.8,11.0,1616.0
2553,2025/26,40.0,392.0,11611.0,0.0,7.0,39.6,321.0,15587.0,10.0,7.0,0.4,71.0,-3976.0
2554,2025/26,25.1,359.0,13985.0,4.0,8.0,26.3,545.0,13315.0,0.0,8.0,-1.2,-186.0,670.0
2555,2025/26,28.5,368.0,12727.0,4.0,7.0,46.7,530.0,19180.0,0.0,10.0,-18.2,-162.0,-6453.0
2556,2025/26,16.1,310.0,12173.0,4.0,6.0,0.0,1.0,20.0,0.0,1.0,16.1,309.0,12153.0
2557,2025/26,57.2,444.0,18532.0,0.0,9.0,18.0,165.0,13069.0,14.0,5.0,39.2,279.0,5463.0
2558,2025/26,24.1,240.0,15953.0,11.0,7.0,18.7,378.0,11757.0,0.0,10.0,5.4,-138.0,4196.0
2559,2025/26,33.3,353.0,12997.0,0.0,6.0,16.5,178.0,13616.0,14.0,6.0,16.8,175.0,-619.0
2560,2025/26,8.8,47.0,3250.0,0.0,2.0,33.3,353.0,12997.0,0.0,6.0,-24.5,-306.0,-9747.0
2561,2025/26,0.3,7.0,180.0,0.0,1.0,28.7,357.0,13756.0,4.0,8.0,-28.4,-350.0,-13576.0
2562,2025/26,24.2,379.0,13294.0,0.0,11.0,59.1,423.0,22234.0,14.0,9.0,-34.9,-44.0,-8940.0
2563,2025/26,25.3,552.0,13831.0,0.0,8.0,41.6,445.0,16097.0,0.0,9.0,-16.3,107.0,-2266.0
2564,2025/26,28.5,368.0,12727.0,4.0,7.0,22.7,231.0,8597.0,0.0,8.0,5.8,137.0,4130.0
2565,2025/26,13.6,208.0,12599.0,14.0,5.0,22.3,343.0,13235.0,4.0,7.0,-8.7,-135.0,-636.0
2566,2025/26,16.1,108.0,6122.0,3.0,6.0,0.0,0.0,5940.0,4.0,1.0,16.1,108.0,182.0
2567,2025/26,48.9,557.0,19382.0,0.0,10.0,28.8,372.0,10765.0,0.0,7.0,20.1,185.0,8617.0
2568,2025/26,28.5,328.0,14049.0,10.0,6.0,21.3,253.0,9393.0,0.0,6.0,7.2,75.0,4656.0
2569,2025/26,26.1,280.0,12590.0,10.0,6.0,2.7,2.0,6297.0,4.0,2.0,23.4,278.0,6293.0
2570,2025/26,22.7,251.0,9246.0,0.0,8.0,40.6,344.0,13502.0,0.0,8.0,-17.9,-93.0,-4256.0
2571,2025/26,23.9,444.0,11763.0,0.0,7.0,13.6,208.0,12599.0,14.0,5.0,10.3,236.0,-836.0
2572,2025/26,29.3,362.0,14086.0,4.0,8.0,18.7,311.0,9524.0,0.0,8.0,10.6,51.0,4562.0
2573,2025/26,22.3,343.0,13235.0,4.0,7.0,8.8,47.0,3250.0,0.0,2.0,13.5,296.0,9985.0
2574,2025/26,15.8,113.0,7262.0,3.0,6.0,51.1,564.0,21609.0,0.0,10.0,-35.3,-451.0,-14347.0
2575,2025/26,56.0,370.0,22003.0,14.0,9.0,0.3,7.0,180.0,0.0,1.0,55.7,363.0,21823.0
2576,2025/26,24.7,301.0,11783.0,0.0,6.0,21.2,354.0,11754.0,4.0,7.0,3.5,-53.0,29.0
2577,2025/26,33.3,353.0,12997.0,0.0,6.0,25.3,552.0,13831.0,0.0,8.0,8.0,-199.0,-834.0
2578,2025/26,9.1,36.0,2470.0,0.0,3.0,12.5,281.0,7929.0,0.0,7.0,-3.4,-245.0,-5459.0
2579,2025/26,0.0,1.0,20.0,0.0,1.0,21.6,261.0,9591.0,0.0,7.0,-21.6,-260.0,-9571.0
2580,2025/26,40.0,392.0,11611.0,0.0,7.0,22.3,343.0,13235.0,4.0,7.0,17.7,49.0,-1624.0
2581,2025/26,29.1,566.0,14782.0,0.0,8.0,15.0,115.0,7140.0,3.0,5.0,14.1,451.0,7642.0
2582,2025/26,23.9,233.0,9517.0,4.0,5.0,29.3,362.0,14086.0,4.0,8.0,-5.4,-129.0,-4569.0
2583,2025/26,31.7,246.0,15287.0,14.0,6.0,22.0,250.0,8940.0,0.0,7.0,9.7,-4.0,6347.0
2584,2025/26,49.0,438.0,19699.0,0.0,10.0,2.7,2.0,6297.0,4.0,2.0,46.3,436.0,13402.0
2585,2025/26,36.7,298.0,18090.0,17.0,8.0,29.5,372.0,12261.0,0.0,5.0,7.2,-74.0,5829.0
2586,2025/26,34.7,215.0,13582.0,10.0,6.0,59.3,422.0,24105.0,14.0,9.0,-24.6,-207.0,-10523.0
2587,2025/26,0.0,0.0,5940.0,4.0,1.0,40.0,392.0,11611.0,0.0,7.0,-40.0,-392.0,-5671.0
2588,2025/26,21.4,249.0,7835.0,0.0,7.0,23.4,496.0,12790.0,0.0,7.0,-2.0,-247.0,-4955.0
2589,2025/26,26.3,302.0,11934.0,4.0,8.0,28.8,191.0,8940.0,0.0,7.0,-2.5,111.0,2994.0
2590,2025/26,12.0,258.0,8660.0,0.0,8.0,23.9,233.0,9517.0,4.0,5.0,-11.9,25.0,-857.0
2591,2025/26,24.3,380.0,14217.0,4.0,7.0,39.9,212.0,14320.0,10.0,7.0,-15.6,168.0,-103.0
2592,2025/26,19.4,283.0,10110.0,3.0,7.0,9.1,36.0,2470.0,0.0,3.0,10.3,247.0,7640.0
2593,2025/26,56.0,370.0,22003.0,14.0,9.0,43.2,353.0,16870.0,0.0,8.0,12.8,17.0,5133.0
2594,2025/26,30.5,251.0,10311.0,0.0,6.0,13.6,194.0,12305.0,14.0,4.0,16.9,57.0,-1994.0
2595,2025/26,40.9,348.0,13223.0,0.0,6.0,0.0,1.0,20.0,0.0,1.0,40.9,347.0,13203.0
2596,2025/26,9.1,36.0,2470.0,0.0,3.0,20.9,274.0,12911.0,10.0,6.0,-11.8,-238.0,-10441.0
2597,2025/26,0.0,0.0,0.0,0.0,0.0,0.0,0.0,5940.0,4.0,1.0,0.0,0.0,-5940.0
2598,2025/26,19.7,231.0,7302.0,0.0,6.0,12.0,258.0,8660.0,0.0,8.0,7.7,-27.0,-1358.0
2599,2025/26,36.5,422.0,12362.0,0.0,8.0,19.7,244.0,8625.0,0.0,6.0,16.8,178.0,3737.0
2600,2025/26,32.9,602.0,15782.0,0.0,9.0,24.3,380.0,14217.0,4.0,7.0,8.6,222.0,1565.0
2601,2025/26,32.1,408.0,13934.0,4.0,8.0,40.9,348.0,13223.0,0.0,6.0,-8.8,60.0,711.0
2602,2025/26,31.7,246.0,15287.0,14.0,6.0,52.8,331.0,13631.0,0.0,7.0,-21.1,-85.0,1656.0
2603,2025/26,40.7,395.0,23747.0,9.0,10.0,29.0,316.0,12555.0,4.0,9.0,11.7,79.0,11192.0
2604,2025/26,34.2,368.0,12976.0,0.0,6.0,19.4,283.0,10110.0,3.0,7.0,14.8,85.0,2866.0
2605,2025/26,0.0,0.0,5940.0,4.0,1.0,32.5,424.0,14274.0,4.0,8.0,-32.5,-424.0,-8334.0
2606,2025/26,40.0,392.0,11611.0,0.0,7.0,38.4,387.0,14055.0,0.0,7.0,1.6,5.0,-2444.0
2607,2025/26,18.4,368.0,11336.0,0.0,10.0,0.0,1.0,20.0,0.0,1.0,18.4,367.0,11316.0
2608,2025/26,25.8,509.0,16971.0,4.0,9.0,38.6,319.0,21762.0,9.0,9.0,-12.8,190.0,-4791.0
2609,2025/26,21.0,279.0,10041.0,3.0,8.0,13.6,208.0,12599.0,14.0,5.0,7.4,71.0,-2558.0
2610,2025/26,31.4,310.0,16998.0,14.0,7.0,19.7,231.0,7302.0,0.0,6.0,11.7,79.0,9696.0
2611,2025/26,41.0,329.0,16093.0,10.0,8.0,21.9,524.0,12969.0,0.0,6.0,19.1,-195.0,3124.0
2612,2025/26,19.4,236.0,8427.0,0.0,5.0,9.3,62.0,3621.0,0.0,3.0,10.1,174.0,4806.0
2613,2025/26,40.9,348.0,13223.0,0.0,6.0,33.2,405.0,14545.0,1.0,9.0,7.7,-57.0,-1322.0
2614,2025/26,15.6,78.0,4484.0,0.0,3.0,25.3,552.0,13831.0,0.0,8.0,-9.7,-474.0,-9347.0
2615,2025/26,27.5,300.0,9474.0,0.0,7.0,37.5,355.0,13779.0,0.0,6.0,-10.0,-55.0,-4305.0
2616,2025/26,32.5,417.0,14931.0,1.0,9.0,56.4,391.0,22357.0,14.0,9.0,-23.9,26.0,-7426.0
2617,2025/26,20.6,335.0,12061.0,0.0,10.0,19.4,283.0,10109.0,3.0,6.0,1.2,52.0,1952.0
2618,2025/26,29.3,407.0,13347.0,4.0,7.0,45.0,371.0,12890.0,0.0,7.0,-15.7,36.0,457.0
2619,2025/26,20.2,281.0,15133.0,14.0,5.0,0.0,0.0,5940.0,4.0,1.0,20.2,281.0,9193.0
2620,2025/26,24.7,412.0,15259.0,4.0,8.0,19.4,236.0,8427.0,0.0,5.0,5.3,176.0,6832.0
2621,2025/26,41.1,501.0,24691.0,9.0,10.0,0.0,1.0,20.0,0.0,1.0,41.1,500.0,24671.0
2622,2025/26,44.9,380.0,21623.0,17.0,10.0,39.6,319.0,15537.0,10.0,6.0,5.3,61.0,6086.0
2623,2025/26,0.0,0.0,0.0,0.0,0.0,32.5,417.0,14931.0,1.0,9.0,-32.5,-417.0,-14931.0
2624,2025/26,3.5,86.0,1991.0,0.0,1.0,26.9,265.0,8756.0,0.0,8.0,-23.4,-179.0,-6765.0
2625,2025/26,31.0,546.0,14741.0,0.0,8.0,22.7,354.0,11944.0,0.0,10.0,8.3,192.0,2797.0
2626,2025/26,19.4,283.0,10110.0,3.0,7.0,27.3,362.0,13542.0,4.0,8.0,-7.9,-79.0,-3432.0
2627,2025/26,48.5,344.0,20716.0,14.0,8.0,15.6,78.0,4484.0,0.0,3.0,32.9,266.0,16232.0
2628,2025/26,52.2,402.0,23045.0,17.0,10.0,22.7,375.0,14277.0,4.0,8.0,29.5,27.0,8768.0
2629,2025/26,39.6,319.0,15537.0,10.0,6.0,20.2,281.0,15133.0,14.0,5.0,19.4,38.0,404.0
2630,2025/26,19.4,236.0,8427.0,0.0,5.0,39.0,421.0,16586.0,0.0,8.0,-19.6,-185.0,-8159.0
2631,2025/26,31.5,338.0,11936.0,0.0,5.0,39.7,421.0,12151.0,0.0,7.0,-8.2,-83.0,-215.0
2632,2025/26,7.0,57.0,2385.0,0.0,1.0,0.0,1.0,20.0,0.0,1.0,7.0,56.0,2365.0
2633,2025/26,0.0,0.0,5940.0,4.0,1.0,22.4,493.0,12266.0,0.0,7.0,-22.4,-493.0,-6326.0
2634,2025/26,43.9,516.0,15180.0,0.0,9.0,34.6,276.0,9169.0,0.0,6.0,9.3,240.0,6011.0
2635,2025/26,31.5,371.0,13837.0,1.0,9.0,20.2,282.0,9462.0,3.0,7.0,11.3,89.0,4375.0
2636,2025/26,19.1,310.0,10711.0,0.0,9.0,19.9,240.0,14657.0,14.0,5.0,-0.8,70.0,-3946.0
2637,2025/26,26.0,353.0,13015.0,4.0,8.0,48.1,323.0,20362.0,14.0,8.0,-22.1,30.0,-7347.0
2638,2025/26,20.5,428.0,14210.0,4.0,8.0,40.9,348.0,13223.0,0.0,6.0,-20.4,80.0,987.0
2639,2025/26,40.9,445.0,16351.0,0.0,8.0,34.7,213.0,13532.0,10.0,5.0,6.2,232.0,2819.0
2640,2025/26,8.7,183.0,5668.0,0.0,5.0,47.9,290.0,19862.0,17.0,9.0,-39.2,-107.0,-14194.0
2641,2025/26,3.5,86.0,1991.0,0.0,1.0,32.9,451.0,16730.0,3.0,9.0,-29.4,-365.0,-14739.0
2642,2025/26,34.3,277.0,9021.0,0.0,6.0,28.3,352.0,12939.0,1.0,7.0,6.0,-75.0,-3918.0
2643,2025/26,18.7,495.0,11364.0,0.0,7.0,24.1,345.0,12615.0,4.0,7.0,-5.4,150.0,-1251.0
2644,2025/26,14.5,153.0,5656.0,0.0,3.0,43.0,521.0,18336.0,0.0,9.0,-28.5,-368.0,-12680.0
2645,2025/26,19.4,283.0,10110.0,3.0,7.0,20.3,416.0,13870.0,4.0,8.0,-0.9,-133.0,-3760.0
2646,2025/26,48.1,323.0,20362.0,14.0,8.0,2.7,2.0,6297.0,4.0,2.0,45.4,321.0,14065.0
2647,2025/26,53.3,407.0,23208.0,17.0,10.0,9.4,103.0,4634.0,0.0,3.0,43.9,304.0,18574.0
2648,2025/26,39.6,321.0,15587.0,10.0,7.0,14.8,323.0,10050.0,0.0,8.0,24.8,-2.0,5537.0
2649,2025/26,42.3,410.0,14726.0,0.0,7.0,21.3,253.0,9393.0,0.0,6.0,21.0,157.0,5333.0
