match_id,sezon,waga_sezonu,kolejka,data_meczu,gospodarz,gosc,gole_gosp,gole_gosc,posiadanie_gosp,posiadanie_gosc,strzaly_gosp,strzaly_gosc,celne_gosp,celne_gosc,strzaly_zablokowane_gosp,strzaly_zablokowane_gosc,strzaly_niecelne_gosp,strzaly_niecelne_gosc,rozne_gosp,rozne_gosc,faule_gosp,faule_gosc,spalone_gosp,spalone_gosc,zk_gosp,zk_gosc,czk_gosp,czk_gosc,druga_zk_gosp,druga_zk_gosc,dosrodkowania_gosp,dosrodkowania_gosc,dosrodkowania_celne_gosp,dosrodkowania_celne_gosc,odbiory_gosp,odbiory_gosc,podania_gosp,podania_gosc,podania_celne_gosp,podania_celne_gosc,xg_gosp,xg_gosc,flash_id,flash_url
1684,2023/24,0.4,1,2023-07-21,Warta Poznań,Pogoń Szczecin,0,1,29.1,70.9,9,12,1,3,5,3,3,6,6,5,12,9,4,1,1,0,0,0,0,0,23,20,5,5,9,10,251,647,169,552,,,,
1685,2023/24,0.4,1,2023-07-21,Legia Warszawa,ŁKS Łódź,3,0,59.2,40.8,18,7,9,1,3,2,6,4,8,4,8,17,0,1,0,0,0,0,0,0,18,15,7,3,18,10,508,344,455,278,,,,
1686,2023/24,0.4,1,2023-07-22,Stal Mielec,Cracovia,2,2,48.9,51.1,8,20,4,8,0,6,4,6,4,8,12,11,4,0,2,2,0,0,0,0,14,26,3,9,5,10,367,378,282,298,,,,
1687,2023/24,0.4,1,2023-07-22,Raków Częstochowa,Jagiellonia Białystok,3,0,56.6,43.4,11,7,6,1,2,1,3,5,8,4,11,12,0,2,0,4,0,0,0,0,13,8,3,3,9,11,525,404,446,323,,,,
1688,2023/24,0.4,1,2023-07-22,Piast Gliwice,Lech Poznań,1,2,39.8,60.2,15,7,5,2,3,3,7,2,4,1,9,20,2,1,1,4,0,0,0,0,25,15,3,4,8,11,358,561,252,472,,,,
1689,2023/24,0.4,1,2023-07-23,Górnik Zabrze,Radomiak Radom,0,2,51.3,48.7,4,20,0,4,1,3,3,13,2,9,20,17,2,2,2,0,0,0,0,0,10,23,3,5,7,11,434,403,345,323,,,,
1690,2023/24,0.4,1,2023-07-23,Zagłębie Lubin,Ruch Chorzów,2,1,63.3,36.7,16,6,3,1,7,0,6,5,4,1,13,15,2,2,1,3,0,0,0,0,16,15,2,2,5,9,537,305,437,211,,,,
1691,2023/24,0.4,1,2023-07-23,Widzew Łódź,Puszcza Niepołomice,3,2,58.6,41.4,12,14,6,4,3,6,3,4,5,1,17,9,3,4,3,0,0,0,0,0,19,24,4,6,3,4,489,338,381,243,,,,
1692,2023/24,0.4,1,2023-07-24,Korona Kielce,Śląsk Wrocław,1,1,57.4,42.6,11,4,5,2,2,1,4,1,2,3,11,11,2,1,3,3,0,0,0,0,28,20,5,4,6,5,462,341,369,242,,,,
1693,2023/24,0.4,2,2023-07-29,Jagiellonia Białystok,Puszcza Niepołomice,4,1,61.0,39.0,12,11,6,6,1,0,5,5,5,4,11,21,1,0,3,0,0,0,0,0,15,26,2,5,10,13,449,271,372,193,,,,
1694,2023/24,0.4,2,2023-07-28,Ruch Chorzów,ŁKS Łódź,2,0,40.0,60.0,14,17,5,2,3,7,6,8,4,9,19,16,3,1,3,3,0,1,0,1,16,21,5,3,9,6,305,463,229,373,,,,
1695,2023/24,0.4,2,2023-07-29,Warta Poznań,Górnik Zabrze,2,0,29.7,70.3,12,12,3,1,2,6,7,5,7,5,12,12,0,0,0,2,0,0,0,0,11,28,6,7,6,9,255,597,162,522,,,,
1696,2023/24,0.4,2,2024-03-13,Korona Kielce,Raków Częstochowa,0,2,53.8,46.2,19,11,3,4,6,1,10,6,6,1,12,20,1,2,2,3,0,1,0,1,21,8,4,1,12,6,408,361,284,254,,,,
1697,2023/24,0.4,2,2023-07-29,Śląsk Wrocław,Zagłębie Lubin,1,2,54.5,45.5,21,7,6,5,7,1,8,1,6,6,11,14,0,0,1,1,0,0,0,0,30,16,7,1,6,5,421,361,355,295,,,,
1698,2023/24,0.4,2,2023-07-30,Pogoń Szczecin,Widzew Łódź,2,1,57.4,42.6,25,10,9,2,11,4,5,4,16,7,10,10,0,5,1,1,0,0,0,0,34,15,7,0,2,6,457,351,389,275,,,,
1699,2023/24,0.4,2,2023-07-30,Lech Poznań,Radomiak Radom,2,0,47.6,52.4,15,13,7,3,3,0,5,10,3,3,19,12,3,0,4,2,0,0,0,0,14,24,5,6,13,13,408,443,318,353,,,,
1700,2023/24,0.4,2,2023-12-20,Cracovia,Legia Warszawa,2,0,34.6,65.4,13,17,2,1,8,8,3,8,4,6,19,13,3,3,2,3,0,0,0,0,10,23,3,7,12,4,247,460,157,371,,,,
1701,2023/24,0.4,2,2023-07-30,Stal Mielec,Piast Gliwice,0,0,43.0,57.0,8,24,2,3,1,8,5,13,1,10,18,9,0,1,0,0,0,0,0,0,12,37,2,14,4,7,361,465,269,382,,,,
1702,2023/24,0.4,3,2023-08-04,Jagiellonia Białystok,Widzew Łódź,2,1,55.4,44.6,15,9,2,3,8,4,5,2,3,4,11,14,2,0,1,3,0,0,0,0,17,18,2,1,17,10,489,384,407,301,,,,
1703,2023/24,0.4,3,2023-08-04,ŁKS Łódź,Korona Kielce,2,1,42.5,57.5,7,20,3,4,1,7,3,9,2,5,24,19,3,0,2,3,0,0,0,0,12,35,3,7,9,15,355,465,277,377,,,,
1704,2023/24,0.4,3,2023-08-05,Raków Częstochowa,Warta Poznań,2,2,73.2,26.8,15,13,7,5,5,2,3,6,8,5,10,16,2,2,1,1,0,0,0,0,41,11,11,4,6,13,539,202,455,103,,,,
1705,2023/24,0.4,3,2023-08-05,Górnik Zabrze,Piast Gliwice,0,0,52.9,47.1,7,9,2,0,1,4,4,5,6,4,17,25,2,1,5,4,1,0,1,0,19,15,3,5,8,14,404,360,305,261,,,,
1706,2023/24,0.4,3,2023-08-05,Radomiak Radom,Cracovia,0,1,66.3,33.7,28,10,4,4,7,3,17,3,6,0,8,13,5,2,1,1,0,0,0,0,41,8,17,1,6,11,522,282,425,184,,,,
1707,2023/24,0.4,3,2023-08-30,Pogoń Szczecin,Śląsk Wrocław,0,2,65.9,34.1,15,6,2,3,6,2,7,1,4,1,9,10,2,5,3,4,0,0,0,0,20,9,8,1,9,7,516,268,427,183,,,,
1708,2023/24,0.4,3,2023-08-06,Zagłębie Lubin,Lech Poznań,1,1,47.4,52.6,18,11,7,3,5,2,6,6,6,8,12,11,2,3,4,3,0,1,0,0,21,19,6,4,6,3,434,483,361,404,,,,
1709,2023/24,0.4,3,2023-08-06,Legia Warszawa,Ruch Chorzów,3,0,72.8,27.2,24,8,6,1,8,3,10,4,6,4,11,11,3,3,3,3,0,1,0,0,19,11,4,2,3,7,626,227,570,163,,,,
1710,2023/24,0.4,3,2023-08-07,Puszcza Niepołomice,Stal Mielec,1,0,31.1,68.9,5,9,2,2,0,1,3,6,2,7,24,14,1,1,4,3,0,0,0,0,10,17,2,4,14,4,240,533,156,450,,,,
1711,2023/24,0.4,4,2023-08-11,Cracovia,Zagłębie Lubin,2,1,37.6,62.4,14,15,8,4,4,3,2,8,8,8,16,10,1,2,2,4,0,0,0,0,21,15,8,2,13,8,324,552,234,468,,,,
1712,2023/24,0.4,4,2023-08-12,Korona Kielce,Górnik Zabrze,0,1,54.2,45.8,21,13,4,3,5,3,12,7,6,3,9,11,2,0,3,2,0,0,0,0,33,12,8,5,16,11,412,356,322,268,,,,
1713,2023/24,0.4,4,2023-10-24,Lech Poznań,Jagiellonia Białystok,3,3,42.0,58.0,9,15,4,6,3,5,2,4,3,1,20,13,1,0,5,1,0,0,0,0,11,14,4,2,16,13,335,464,256,389,,,,
1714,2023/24,0.4,4,2023-08-11,Piast Gliwice,Raków Częstochowa,2,1,47.4,52.6,18,8,5,2,6,3,7,3,8,2,19,11,1,3,3,4,0,0,0,0,22,11,5,2,9,10,402,454,302,355,,,,
1715,2023/24,0.4,4,2023-08-13,Pogoń Szczecin,Radomiak Radom,0,2,63.0,37.0,14,13,3,3,5,3,6,7,8,5,14,17,1,2,0,3,0,0,0,0,25,16,5,4,4,16,510,297,400,208,,,,
1716,2023/24,0.4,4,2023-08-13,Puszcza Niepołomice,Legia Warszawa,1,1,24.6,75.4,9,16,1,5,3,6,5,5,4,8,24,12,0,3,5,2,0,0,0,0,7,31,1,8,9,7,183,552,95,487,,,,
1717,2023/24,0.4,4,2023-08-12,Stal Mielec,Śląsk Wrocław,3,1,54.3,45.7,11,15,7,4,2,5,2,6,5,1,8,12,5,2,3,1,0,0,0,0,17,11,4,3,9,11,465,393,381,307,,,,
1718,2023/24,0.4,4,2023-08-14,Warta Poznań,Ruch Chorzów,2,2,43.0,57.0,10,10,4,2,4,4,2,4,4,4,18,8,1,0,3,2,0,0,0,0,16,19,1,5,7,8,313,418,224,320,,,,
1719,2023/24,0.4,4,2023-08-12,Widzew Łódź,ŁKS Łódź,1,0,50.1,49.9,11,11,5,3,2,4,4,4,2,5,12,14,3,1,5,3,1,0,0,0,15,19,4,3,13,9,458,453,360,351,,,,
1720,2023/24,0.4,5,2023-08-21,Cracovia,Piast Gliwice,1,1,41.7,58.3,18,14,4,6,8,4,6,4,6,11,12,12,0,2,4,3,0,0,0,0,15,31,4,5,12,8,327,446,222,364,,,,
1721,2023/24,0.4,5,2023-08-18,Górnik Zabrze,Widzew Łódź,1,1,38.6,61.4,6,16,3,4,2,4,1,8,4,8,19,12,2,1,3,2,0,0,0,0,9,31,2,4,9,8,294,450,211,362,,,,
1722,2023/24,0.4,5,2023-08-18,Zagłębie Lubin,Puszcza Niepołomice,1,0,67.4,32.6,14,16,8,4,3,5,3,7,7,7,13,19,1,3,2,5,0,1,0,1,19,19,0,9,4,7,562,262,483,174,,,,
1723,2023/24,0.4,5,2023-08-20,Legia Warszawa,Korona Kielce,1,0,50.4,49.6,16,8,5,1,3,3,8,4,9,2,16,13,2,3,4,3,1,0,1,0,23,21,6,3,7,11,446,436,380,361,,,,
1724,2023/24,0.4,5,2023-08-19,Radomiak Radom,Warta Poznań,3,2,52.5,47.5,11,14,5,6,2,4,4,4,8,6,15,16,4,0,3,5,0,0,0,0,24,17,10,6,7,7,324,300,236,235,,,,
1725,2023/24,0.4,5,2023-08-19,Raków Częstochowa,Stal Mielec,2,0,53.1,46.9,16,9,5,2,3,5,8,2,6,2,14,11,2,1,3,3,0,0,0,0,17,8,2,1,8,12,480,431,402,336,,,,
1726,2023/24,0.4,5,2023-08-19,Ruch Chorzów,Jagiellonia Białystok,0,1,46.4,53.6,14,12,3,4,5,3,6,5,7,7,14,19,1,0,5,3,0,0,0,0,14,19,4,4,9,8,370,424,285,340,,,,
1727,2023/24,0.4,5,2023-08-20,ŁKS Łódź,Pogoń Szczecin,1,0,43.2,56.8,14,16,5,4,2,5,7,7,7,4,10,12,2,2,2,4,0,0,0,0,19,14,4,4,11,9,334,452,253,368,,,,
1728,2023/24,0.4,5,2023-08-20,Śląsk Wrocław,Lech Poznań,3,1,25.7,74.3,13,15,3,3,3,7,7,5,1,5,9,9,0,2,3,4,0,0,0,0,10,32,5,5,10,15,212,619,143,535,,,,
1729,2023/24,0.4,6,2023-08-27,Jagiellonia Białystok,Górnik Zabrze,4,1,55.6,44.4,20,8,8,1,5,3,7,4,8,5,8,12,4,1,2,2,0,1,0,0,15,9,3,1,5,5,528,423,467,357,,,,
1730,2023/24,0.4,6,2023-08-27,Korona Kielce,Zagłębie Lubin,2,0,62.3,37.7,18,8,6,3,3,2,9,3,4,2,15,11,2,2,1,4,0,1,0,1,24,9,6,2,16,10,492,299,403,227,,,,
1731,2023/24,0.4,6,2023-09-28,Lech Poznań,Raków Częstochowa,4,1,55.0,45.0,12,7,6,2,1,2,5,3,5,2,12,16,4,0,1,2,0,0,0,0,10,23,2,8,16,7,455,356,360,286,,,,
1732,2023/24,0.4,6,2023-08-26,Piast Gliwice,Ruch Chorzów,0,0,58.0,42.0,17,7,6,0,3,3,8,4,6,2,16,13,2,0,3,2,0,0,0,0,15,12,4,2,9,8,497,357,397,257,,,,
1733,2023/24,0.4,6,2023-09-27,Pogoń Szczecin,Legia Warszawa,3,4,46.6,53.4,16,17,5,6,4,2,7,9,10,4,10,7,5,2,2,1,0,1,0,0,13,17,5,7,7,12,366,418,289,343,,,,
1734,2023/24,0.4,6,2023-08-26,Puszcza Niepołomice,ŁKS Łódź,2,1,46.8,53.2,14,11,4,3,2,2,8,6,3,3,19,11,3,0,4,8,0,1,0,0,12,14,6,2,5,11,420,476,334,389,,,,
1735,2023/24,0.4,6,2023-08-25,Stal Mielec,Radomiak Radom,2,0,35.4,64.6,6,13,2,1,1,6,3,6,1,9,18,10,1,2,3,2,0,0,0,0,9,42,2,12,6,7,297,523,210,444,,,,
1736,2023/24,0.4,6,2023-08-26,Warta Poznań,Cracovia,0,0,45.4,54.6,2,13,0,1,1,7,1,5,3,8,9,12,0,0,3,1,0,0,0,0,9,33,2,8,11,4,379,439,275,334,,,,
1737,2023/24,0.4,6,2023-08-25,Widzew Łódź,Śląsk Wrocław,0,2,67.8,32.2,14,13,1,5,2,1,11,7,9,2,17,11,1,2,6,3,0,0,0,0,44,6,9,3,5,7,496,249,425,164,,,,
1738,2023/24,0.4,7,2023-09-02,Cracovia,Korona Kielce,0,0,56.1,43.9,14,7,3,2,4,1,7,4,10,2,16,8,1,1,2,1,0,0,0,0,29,16,9,3,6,11,433,343,345,261,,,,
1739,2023/24,0.4,7,2023-09-03,Zagłębie Lubin,Pogoń Szczecin,1,0,50.8,49.2,19,7,8,1,4,3,7,3,8,5,16,13,2,1,1,5,0,0,0,0,19,20,5,6,6,8,400,383,293,267,,,,
1740,2023/24,0.4,7,2023-09-02,Lech Poznań,Górnik Zabrze,1,1,71.0,29.0,20,6,6,2,8,3,6,1,14,1,15,11,1,1,2,1,0,0,0,0,41,5,7,1,5,9,617,264,541,184,,,,
1741,2023/24,0.4,7,2023-09-03,Legia Warszawa,Widzew Łódź,3,1,59.9,40.1,20,8,10,3,4,2,6,3,6,5,15,11,1,4,1,1,0,1,0,0,14,21,3,4,12,9,553,355,465,275,,,,
1742,2023/24,0.4,7,2023-09-02,Radomiak Radom,Piast Gliwice,1,1,44.9,55.1,14,21,3,7,3,7,8,7,7,4,19,13,1,2,4,1,0,0,0,0,21,17,5,4,7,10,334,422,235,318,,,,
1743,2023/24,0.4,7,2023-09-03,Raków Częstochowa,Puszcza Niepołomice,2,0,58.9,41.1,13,8,6,1,2,3,5,4,7,3,17,20,3,3,2,4,0,0,0,0,21,14,4,3,5,7,446,309,365,214,,,,
1744,2023/24,0.4,7,2023-09-01,Ruch Chorzów,Stal Mielec,1,1,47.2,52.8,17,13,5,4,3,6,9,3,10,3,9,6,0,3,0,3,0,1,0,0,24,9,3,0,13,6,372,433,263,345,,,,
1745,2023/24,0.4,7,2023-09-01,ŁKS Łódź,Warta Poznań,0,2,68.3,31.7,12,5,1,2,3,1,8,2,1,0,15,27,0,1,4,5,0,0,0,0,20,4,2,1,10,13,540,255,450,168,,,,
1746,2023/24,0.4,7,2023-09-03,Śląsk Wrocław,Jagiellonia Białystok,2,1,27.3,72.7,12,9,4,3,2,2,6,4,3,5,12,12,0,1,5,4,0,0,0,0,13,16,5,3,3,14,228,631,161,537,,,,
1747,2023/24,0.4,8,2023-09-15,Górnik Zabrze,Ruch Chorzów,1,0,57.6,42.4,16,10,3,1,4,7,9,2,12,5,18,17,1,2,3,4,0,0,0,0,27,18,11,3,13,11,401,295,306,208,,,,
1748,2023/24,0.4,8,2023-09-17,Jagiellonia Białystok,Radomiak Radom,3,2,54.3,45.7,11,11,5,4,1,3,5,4,4,6,14,15,2,2,2,4,0,0,0,0,17,22,3,6,7,7,420,347,326,258,,,,
1749,2023/24,0.4,8,2023-09-16,Piast Gliwice,Legia Warszawa,1,1,49.5,50.5,13,6,3,3,2,2,8,1,3,1,23,16,2,2,5,4,0,0,0,0,18,7,9,3,8,8,410,429,313,334,,,,
1750,2023/24,0.4,8,2023-09-16,Pogoń Szczecin,Korona Kielce,3,1,54.4,45.6,26,8,9,5,10,1,7,2,6,9,13,11,0,1,2,1,0,0,0,0,17,24,8,4,12,10,434,355,359,262,,,,
1751,2023/24,0.4,8,2023-09-15,Puszcza Niepołomice,Śląsk Wrocław,1,3,40.8,59.2,7,19,4,7,2,6,1,6,3,3,25,14,5,1,5,1,1,0,1,0,15,10,2,1,20,5,298,440,196,331,,,,
1752,2023/24,0.4,8,2023-09-16,Raków Częstochowa,ŁKS Łódź,1,0,55.8,44.2,10,16,1,5,3,7,6,4,5,6,18,19,1,0,2,2,0,1,0,0,17,10,4,2,6,15,465,374,387,285,,,,
1753,2023/24,0.4,8,2023-09-18,Stal Mielec,Zagłębie Lubin,4,2,55.8,44.2,18,9,6,4,3,3,9,2,5,2,18,8,2,1,1,3,0,1,0,1,18,8,4,1,7,3,558,446,485,358,,,,
1754,2023/24,0.4,8,2023-09-17,Warta Poznań,Lech Poznań,0,2,34.3,65.7,7,11,2,5,2,3,3,3,2,6,11,4,0,1,3,0,0,0,0,0,9,22,0,6,14,9,301,577,207,485,,,,
1755,2023/24,0.4,8,2023-09-17,Widzew Łódź,Cracovia,2,0,44.2,55.8,10,13,6,2,2,3,2,8,4,6,11,10,0,4,1,2,0,0,0,0,21,25,4,6,9,10,337,431,235,341,,,,
1756,2023/24,0.4,9,2023-09-23,Cracovia,Pogoń Szczecin,1,5,47.7,52.3,14,12,3,5,4,4,7,3,3,5,12,12,7,1,1,3,0,0,0,0,23,13,3,4,4,6,404,453,330,369,,,,
1757,2023/24,0.4,9,2023-09-24,Zagłębie Lubin,Warta Poznań,1,0,58.2,41.8,9,8,2,2,4,3,3,3,7,2,10,19,2,3,2,2,1,0,1,0,20,13,7,3,5,8,500,362,414,277,,,,
1758,2023/24,0.4,9,2023-09-22,Korona Kielce,Widzew Łódź,1,1,46.7,53.3,14,8,5,2,2,2,7,4,2,3,13,17,4,0,3,3,0,0,0,0,16,21,5,3,13,12,336,381,261,295,,,,
1759,2023/24,0.4,9,2023-09-23,Lech Poznań,Stal Mielec,2,1,59.6,40.4,13,10,5,3,0,1,8,6,4,5,5,7,0,1,1,0,0,0,0,0,10,18,0,1,11,11,627,410,544,315,,,,
1760,2023/24,0.4,9,2023-09-24,Legia Warszawa,Górnik Zabrze,2,1,60.8,39.2,17,11,6,3,2,1,9,7,6,3,12,13,1,1,1,1,0,0,0,0,28,12,10,3,3,6,577,373,495,279,,,,
1761,2023/24,0.4,9,2023-09-23,Radomiak Radom,Puszcza Niepołomice,1,1,63.3,36.7,23,9,4,2,7,2,12,5,5,5,14,21,2,0,1,4,0,0,0,0,26,21,3,5,7,10,408,230,339,167,,,,
1762,2023/24,0.4,9,2023-09-24,Ruch Chorzów,Raków Częstochowa,3,5,53.8,46.2,10,9,4,7,2,0,4,2,4,2,14,23,1,5,1,3,0,0,0,0,19,10,4,2,7,7,385,339,290,259,,,,
1763,2023/24,0.4,9,2023-09-22,ŁKS Łódź,Jagiellonia Białystok,2,2,36.7,63.3,6,16,4,8,1,6,1,2,1,7,19,17,1,1,5,4,1,0,1,0,11,17,2,3,7,3,311,537,238,473,,,,
1764,2023/24,0.4,9,2023-09-23,Śląsk Wrocław,Piast Gliwice,1,0,43.9,56.1,14,10,6,2,2,1,6,7,3,5,16,10,1,0,2,3,0,1,0,1,10,19,2,7,10,8,408,516,334,433,,,,
1765,2023/24,0.4,10,2023-10-02,Górnik Zabrze,Zagłębie Lubin,0,2,62.5,37.5,25,9,6,3,7,2,12,4,11,2,11,15,0,6,1,1,0,0,0,0,31,8,5,3,5,3,569,350,475,270,,,,
1766,2023/24,0.4,10,2023-10-01,Jagiellonia Białystok,Legia Warszawa,2,0,40.9,59.1,4,15,2,1,0,5,2,9,3,7,15,16,0,4,2,2,0,1,0,1,12,33,3,6,13,8,404,567,336,493,,,,
1767,2023/24,0.4,10,2023-09-29,Piast Gliwice,Widzew Łódź,3,2,42.9,57.1,11,11,4,2,3,3,4,6,1,1,15,17,0,1,2,5,0,0,0,0,7,17,2,6,8,12,383,501,276,403,,,,
1768,2023/24,0.4,10,2023-10-01,Pogoń Szczecin,Lech Poznań,5,0,39.6,60.4,16,7,9,3,4,3,3,1,8,7,11,7,1,6,3,0,0,0,0,0,16,25,8,3,5,5,335,512,267,446,,,,
1769,2023/24,0.4,10,2023-09-30,Puszcza Niepołomice,Ruch Chorzów,2,2,34.8,65.2,14,13,6,4,4,3,4,6,3,4,16,14,1,0,1,2,0,0,0,0,10,28,5,4,6,7,238,438,153,356,,,,
1770,2023/24,0.4,10,2023-10-01,Raków Częstochowa,Radomiak Radom,3,0,45.1,54.9,12,11,8,3,3,4,1,4,7,5,17,14,3,0,2,3,0,0,0,0,17,26,1,9,11,13,337,408,254,326,,,,
1771,2023/24,0.4,10,2023-09-29,Stal Mielec,Korona Kielce,2,3,60.9,39.1,23,9,9,4,7,2,7,3,7,1,13,14,0,1,3,4,0,0,0,0,34,7,8,2,6,8,490,329,412,254,,,,
1772,2023/24,0.4,10,2023-09-30,Warta Poznań,Śląsk Wrocław,0,1,59.7,40.3,18,7,5,2,5,2,8,3,8,2,17,11,0,0,5,0,0,0,0,0,34,7,14,2,7,5,484,344,385,252,,,,
1773,2023/24,0.4,10,2023-09-30,ŁKS Łódź,Cracovia,0,2,63.4,36.6,14,16,2,5,7,2,5,9,10,3,10,13,1,1,1,1,0,0,0,0,23,13,4,5,6,13,524,304,442,218,,,,
1774,2023/24,0.4,11,2023-10-08,Cracovia,Jagiellonia Białystok,2,4,40.6,59.4,16,13,4,6,5,1,7,6,8,3,18,11,3,2,2,0,0,0,0,0,40,8,9,2,14,3,311,510,255,449,,,,
1775,2023/24,0.4,11,2023-10-07,Zagłębie Lubin,Piast Gliwice,1,1,50.0,50.0,12,14,6,5,4,3,2,6,3,2,11,9,1,0,1,1,0,0,0,0,14,17,5,7,4,7,518,518,414,406,,,,
1776,2023/24,0.4,11,2023-10-06,Korona Kielce,Warta Poznań,1,1,66.8,33.2,11,6,3,2,3,2,5,2,2,2,8,13,0,1,0,2,0,0,0,0,16,7,2,2,12,10,593,297,476,180,,,,
1777,2023/24,0.4,11,2023-10-06,Lech Poznań,Puszcza Niepołomice,4,1,65.2,34.8,13,10,9,2,2,2,2,6,7,2,14,16,1,0,0,1,0,0,0,0,18,15,3,4,8,9,547,282,466,211,,,,
1778,2023/24,0.4,11,2023-10-08,Legia Warszawa,Raków Częstochowa,1,2,67.7,32.3,22,8,5,2,6,0,11,6,7,3,14,22,0,3,7,5,0,0,0,0,29,8,6,2,16,10,542,265,433,176,,,,
1779,2023/24,0.4,11,2023-10-07,Radomiak Radom,ŁKS Łódź,3,0,53.5,46.5,16,10,8,3,2,2,6,5,5,5,11,18,2,1,0,1,0,0,0,0,21,20,6,5,11,11,445,385,353,301,,,,
1780,2023/24,0.4,11,2023-10-07,Ruch Chorzów,Pogoń Szczecin,0,3,37.8,62.2,10,17,5,8,3,4,2,5,2,6,10,11,1,0,2,3,0,0,0,0,18,19,2,5,5,6,272,455,196,373,,,,
1781,2023/24,0.4,11,2023-10-07,Widzew Łódź,Stal Mielec,1,0,44.1,55.9,15,10,4,4,5,2,6,4,3,1,14,7,5,1,1,1,0,0,0,0,24,14,10,5,8,3,413,542,320,443,,,,
1782,2023/24,0.4,11,2023-10-08,Śląsk Wrocław,Górnik Zabrze,1,1,39.5,60.5,15,12,8,2,2,3,5,7,4,10,15,14,0,3,2,2,0,0,0,0,12,31,3,7,10,12,301,447,225,369,,,,
1783,2023/24,0.4,12,2023-10-22,Górnik Zabrze,Raków Częstochowa,2,1,30.3,69.7,9,16,4,6,4,6,1,4,3,10,17,11,1,0,3,3,0,0,0,0,10,23,2,9,11,10,252,582,164,490,,,,
1784,2023/24,0.4,12,2023-10-20,Jagiellonia Białystok,Zagłębie Lubin,3,0,51.2,48.8,18,8,8,1,4,2,6,5,8,4,11,7,4,1,1,0,0,0,0,0,13,19,4,1,7,9,536,503,476,422,,,,
1785,2023/24,0.4,12,2023-10-21,Lech Poznań,ŁKS Łódź,3,1,64.1,35.9,16,7,5,2,7,1,4,4,10,2,16,15,1,1,1,1,0,0,0,0,26,9,7,2,13,12,557,313,487,245,,,,
1786,2023/24,0.4,12,2023-10-20,Piast Gliwice,Pogoń Szczecin,0,0,39.9,60.1,6,7,3,1,2,3,1,3,7,7,12,11,5,1,3,2,0,0,0,0,15,14,3,1,4,2,359,546,270,447,,,,
1787,2023/24,0.4,12,2023-10-21,Puszcza Niepołomice,Cracovia,1,1,31.5,68.5,14,10,3,3,4,5,7,2,4,1,21,9,2,3,6,1,0,0,0,0,13,24,5,4,5,5,208,454,120,367,,,,
1788,2023/24,0.4,12,2023-10-22,Radomiak Radom,Korona Kielce,1,1,48.6,51.4,13,20,4,3,1,11,8,6,5,9,13,22,2,2,3,1,0,0,0,0,26,25,7,4,16,7,306,330,232,246,,,,
1789,2023/24,0.4,12,2023-10-23,Stal Mielec,Warta Poznań,0,1,62.6,37.4,10,10,2,3,3,1,5,6,7,0,19,17,0,2,2,1,0,0,0,0,24,8,7,2,6,9,553,341,427,220,,,,
1790,2023/24,0.4,12,2023-11-18,Widzew Łódź,Ruch Chorzów,2,1,66.8,33.2,32,4,12,1,9,0,11,3,9,3,9,10,7,1,0,0,0,2,0,0,39,10,9,3,9,4,563,290,485,203,,,,
1791,2023/24,0.4,12,2023-10-21,Śląsk Wrocław,Legia Warszawa,4,0,37.1,62.9,11,16,6,3,0,5,5,8,0,5,9,10,0,1,2,1,0,0,0,0,4,26,1,11,10,14,293,483,223,417,,,,
1792,2023/24,0.4,13,2023-10-28,Cracovia,Lech Poznań,1,1,38.4,61.6,17,13,6,8,4,3,7,2,5,2,13,11,2,1,3,2,0,0,0,0,26,10,6,0,9,8,303,514,219,424,,,,
1793,2023/24,0.4,13,2023-10-29,Zagłębie Lubin,Radomiak Radom,2,3,66.9,33.1,30,9,7,5,9,0,14,4,11,1,12,21,1,1,2,3,0,0,0,0,39,7,9,1,6,12,577,292,495,207,,,,
1794,2023/24,0.4,13,2023-10-27,Korona Kielce,Puszcza Niepołomice,5,3,55.2,44.8,19,17,9,4,3,7,7,6,3,10,15,13,0,2,1,3,0,0,0,0,10,19,3,7,12,11,400,309,308,208,,,,
1795,2023/24,0.4,13,2023-10-29,Legia Warszawa,Stal Mielec,1,3,69.0,31.0,25,3,5,3,8,0,12,0,8,0,9,15,2,2,4,2,0,0,0,0,43,3,12,0,8,6,637,301,544,218,,,,
1796,2023/24,0.4,13,2023-10-28,Pogoń Szczecin,Jagiellonia Białystok,2,1,42.6,57.4,16,6,6,1,4,0,6,5,3,6,6,7,1,3,2,1,0,0,0,0,11,22,2,6,10,7,376,499,280,403,,,,
1797,2023/24,0.4,13,2023-10-29,Raków Częstochowa,Widzew Łódź,1,1,60.0,40.0,18,9,7,3,6,3,5,3,4,5,12,9,3,1,1,2,0,0,0,0,18,23,9,6,6,13,545,348,450,253,,,,
1798,2023/24,0.4,13,2023-10-28,Ruch Chorzów,Śląsk Wrocław,2,2,47.5,52.5,9,8,4,5,2,2,3,1,2,5,8,14,1,2,4,7,0,1,0,1,12,12,3,3,9,8,382,424,319,361,,,,
1799,2023/24,0.4,13,2023-10-28,Warta Poznań,Piast Gliwice,1,1,37.1,62.9,7,13,1,3,3,5,3,5,0,7,28,8,1,2,6,2,0,0,0,0,6,29,2,8,7,8,300,491,189,367,,,,
1800,2023/24,0.4,13,2023-10-27,ŁKS Łódź,Górnik Zabrze,0,5,49.7,50.3,14,18,0,7,8,6,6,5,9,4,14,13,3,0,2,1,0,0,0,0,32,14,5,2,5,7,392,416,325,343,,,,
1801,2023/24,0.4,14,2023-11-06,Górnik Zabrze,Cracovia,1,0,52.0,48.0,18,9,8,1,5,5,5,3,4,4,14,22,0,2,3,3,0,0,0,0,21,19,6,1,9,8,413,381,320,287,,,,
1802,2023/24,0.4,14,2023-11-03,Jagiellonia Białystok,Stal Mielec,4,0,57.1,42.9,18,12,7,1,6,5,5,6,4,3,5,11,4,1,1,2,0,0,0,0,11,19,1,5,13,9,599,436,540,360,,,,
1803,2023/24,0.4,14,2023-11-04,Lech Poznań,Ruch Chorzów,2,0,66.1,33.9,18,10,6,4,3,2,9,4,5,2,13,15,3,1,0,2,0,0,0,0,21,16,2,6,4,8,577,292,493,199,,,,
1804,2023/24,0.4,14,2023-11-03,Piast Gliwice,Korona Kielce,0,0,47.8,52.2,16,14,4,2,7,6,5,6,1,5,15,14,1,0,1,1,0,0,0,0,15,21,6,4,11,6,373,407,272,315,,,,
1805,2023/24,0.4,14,2023-11-04,Puszcza Niepołomice,Pogoń Szczecin,0,2,46.4,53.6,12,12,1,4,3,3,8,5,6,2,10,9,3,1,1,3,0,1,0,1,22,7,8,2,8,4,352,425,273,343,,,,
1806,2023/24,0.4,14,2023-11-05,Radomiak Radom,Legia Warszawa,0,1,57.3,42.7,18,9,0,5,7,2,11,2,8,5,13,14,2,1,2,4,0,0,0,0,36,18,7,6,7,10,412,317,352,242,,,,
1807,2023/24,0.4,14,2023-11-05,Raków Częstochowa,Zagłębie Lubin,5,0,57.8,42.2,26,4,9,1,7,1,10,2,11,1,11,13,2,1,0,3,0,0,0,0,23,7,7,0,6,4,476,357,411,268,,,,
1808,2023/24,0.4,14,2023-11-04,Widzew Łódź,Warta Poznań,0,1,71.4,28.6,26,3,7,1,7,1,12,1,15,1,6,8,2,3,0,2,0,0,0,0,47,1,9,0,8,8,638,275,525,154,,,,
1809,2023/24,0.4,14,2023-11-05,Śląsk Wrocław,ŁKS Łódź,2,1,49.0,51.0,11,11,3,2,4,4,4,5,5,3,12,14,0,0,2,2,0,0,0,0,19,15,8,5,14,9,374,390,274,307,,,,
1810,2023/24,0.4,15,2023-11-10,Cracovia,Śląsk Wrocław,0,1,63.7,36.3,24,5,7,3,7,0,10,2,6,1,12,15,0,2,2,3,0,2,0,1,29,7,10,1,13,10,546,316,469,232,,,,
1811,2023/24,0.4,15,2023-11-11,Zagłębie Lubin,Widzew Łódź,1,1,44.6,55.4,14,8,4,1,4,3,6,4,4,5,12,14,3,5,1,2,1,0,0,0,17,25,6,3,6,5,369,453,285,368,,,,
1812,2023/24,0.4,15,2023-11-11,Korona Kielce,Jagiellonia Białystok,2,2,40.0,60.0,8,13,4,5,3,2,1,6,2,5,11,8,6,6,2,3,0,0,0,0,13,22,1,2,8,15,354,528,255,441,,,,
1813,2023/24,0.4,15,2023-11-12,Legia Warszawa,Lech Poznań,0,0,50.8,49.2,6,5,2,2,0,1,4,2,9,2,29,12,1,1,3,2,0,0,0,0,24,10,4,2,10,10,372,369,292,287,,,,
1814,2023/24,0.4,15,2023-11-12,Pogoń Szczecin,Raków Częstochowa,1,1,53.2,46.8,21,8,9,4,2,2,10,2,9,2,5,9,0,5,0,2,0,0,0,0,17,12,3,2,12,9,479,422,383,335,,,,
1815,2023/24,0.4,15,2023-11-13,Ruch Chorzów,Radomiak Radom,0,0,49.0,51.0,12,11,3,2,3,5,6,4,2,3,15,22,1,0,2,5,0,0,0,0,15,20,2,3,6,6,398,415,304,321,,,,
1816,2023/24,0.4,15,2023-11-12,Stal Mielec,Górnik Zabrze,2,1,35.7,64.3,12,23,6,7,3,9,3,7,3,9,6,17,1,2,0,0,1,0,0,0,14,34,7,7,4,7,295,522,217,449,,,,
1817,2023/24,0.4,15,2023-11-10,Warta Poznań,Puszcza Niepołomice,0,2,63.4,36.6,10,9,5,4,4,1,1,4,6,6,17,16,1,1,1,2,0,0,0,0,25,21,5,7,4,10,510,288,406,175,,,,
1818,2023/24,0.4,15,2023-11-11,ŁKS Łódź,Piast Gliwice,3,3,60.9,39.1,15,11,5,4,4,2,6,5,6,7,18,13,0,0,5,2,0,1,0,0,16,18,4,3,5,10,504,313,419,223,,,,
1819,2023/24,0.4,16,2023-11-24,Jagiellonia Białystok,Piast Gliwice,0,0,60.7,39.3,17,13,6,2,6,6,5,5,2,10,8,14,1,4,3,1,0,1,0,0,17,23,5,4,9,11,574,361,493,282,,,,
1820,2023/24,0.4,16,2023-11-26,Lech Poznań,Widzew Łódź,1,3,69.2,30.8,19,14,8,7,4,4,7,3,8,3,12,11,2,0,2,3,0,0,0,0,40,8,13,1,12,6,633,291,561,230,,,,
1821,2023/24,0.4,16,2023-11-25,Legia Warszawa,Warta Poznań,2,2,66.6,33.4,19,14,4,3,5,5,10,6,4,3,14,17,2,2,5,4,0,0,0,0,40,7,9,3,9,9,562,294,477,195,,,,
1822,2023/24,0.4,16,2023-11-25,Pogoń Szczecin,Stal Mielec,2,3,65.6,34.4,31,7,7,4,12,0,12,3,11,4,2,5,2,1,0,1,0,0,0,0,37,20,11,3,9,7,671,349,593,262,,,,
1823,2023/24,0.4,16,2023-11-26,Puszcza Niepołomice,Górnik Zabrze,2,1,32.3,67.7,6,22,3,8,1,7,2,7,1,10,12,8,2,0,6,1,0,0,0,0,9,33,1,6,10,8,225,461,140,364,,,,
1824,2023/24,0.4,16,2023-11-27,Radomiak Radom,Śląsk Wrocław,0,1,55.8,44.2,12,13,2,3,4,5,6,5,4,5,14,13,4,2,2,2,0,0,0,0,18,13,7,3,6,3,377,296,298,215,,,,
1825,2023/24,0.4,16,2023-11-25,Raków Częstochowa,Cracovia,1,1,67.1,32.9,18,12,6,3,5,5,7,4,6,4,10,12,2,3,2,4,0,0,0,0,23,15,8,2,3,8,607,296,512,206,,,,
1826,2023/24,0.4,16,2023-11-26,Ruch Chorzów,Korona Kielce,1,1,41.0,59.0,9,25,3,5,3,11,3,9,6,7,16,13,1,2,2,2,0,0,0,0,22,22,2,5,10,10,305,448,203,352,,,,
1827,2023/24,0.4,16,2023-11-24,ŁKS Łódź,Zagłębie Lubin,0,2,44.8,55.2,8,28,3,11,1,5,4,12,0,5,20,11,2,0,1,2,0,0,0,0,12,28,3,4,11,8,414,501,332,414,,,,
1828,2023/24,0.4,17,2023-12-03,Cracovia,Ruch Chorzów,4,4,48.1,51.9,23,17,7,8,8,6,8,3,13,9,7,14,0,0,1,4,1,0,0,0,29,24,11,4,6,11,237,263,144,175,,,,
1829,2023/24,0.4,17,2023-12-01,Górnik Zabrze,Pogoń Szczecin,1,0,41.2,58.8,10,26,4,5,3,13,3,8,5,7,14,13,3,1,4,2,1,0,0,0,23,23,1,11,7,3,326,476,258,388,,,,
1830,2023/24,0.4,17,2023-12-03,Zagłębie Lubin,Legia Warszawa,0,3,46.2,53.8,14,11,1,4,7,5,6,2,8,2,7,9,2,2,0,1,0,0,0,0,26,9,5,2,9,4,420,510,344,415,,,,
1831,2023/24,0.4,17,2023-12-02,Korona Kielce,Lech Poznań,0,1,41.6,58.4,9,12,3,4,4,2,2,6,7,7,11,9,1,1,1,3,0,0,0,0,18,19,2,4,19,8,240,341,131,230,,,,
1832,2023/24,0.4,17,2024-03-12,Piast Gliwice,Puszcza Niepołomice,1,0,53.2,46.8,11,11,5,1,2,6,4,4,2,5,15,18,2,3,3,2,0,0,0,0,19,16,9,5,2,8,390,342,294,228,,,,
1833,2023/24,0.4,17,2024-02-28,Stal Mielec,ŁKS Łódź,1,0,48.0,52.0,13,11,4,2,4,4,5,5,2,7,14,13,3,4,3,2,1,0,1,0,21,21,8,5,11,5,447,489,354,404,,,,
1834,2023/24,0.4,17,2023-12-01,Warta Poznań,Jagiellonia Białystok,1,2,40.2,59.8,13,14,4,5,5,3,4,6,8,2,18,14,1,0,5,1,1,0,1,0,19,9,5,1,9,12,386,588,283,485,,,,
1835,2023/24,0.4,17,2023-12-02,Widzew Łódź,Radomiak Radom,0,3,61.0,39.0,14,14,3,6,5,6,6,2,9,5,12,9,0,0,1,1,0,0,0,0,37,15,5,5,7,11,471,310,396,232,,,,
1836,2023/24,0.4,17,2023-12-03,Śląsk Wrocław,Raków Częstochowa,1,1,31.5,68.5,7,10,5,5,0,1,2,4,2,7,8,11,1,0,1,1,0,0,0,0,6,28,1,6,5,13,296,634,207,545,,,,
1837,2023/24,0.4,18,2023-12-09,Cracovia,Stal Mielec,2,2,52.8,47.2,18,11,7,3,3,4,8,4,12,2,11,11,1,0,0,0,0,0,0,0,32,10,9,2,7,11,480,451,377,325,,,,
1838,2023/24,0.4,18,2023-12-10,Jagiellonia Białystok,Raków Częstochowa,4,2,48.9,51.1,12,15,5,7,3,3,4,5,3,8,19,15,6,2,3,1,0,0,0,0,12,24,2,7,7,3,407,410,321,339,,,,
1839,2023/24,0.4,18,2023-12-10,Lech Poznań,Piast Gliwice,0,1,64.2,35.8,19,7,4,3,9,2,6,2,14,3,15,11,0,0,3,2,0,0,0,0,35,13,11,4,5,6,518,291,425,200,,,,
1840,2023/24,0.4,18,2023-12-08,Pogoń Szczecin,Warta Poznań,3,3,66.4,33.6,14,8,5,5,2,0,7,3,9,2,9,13,1,1,0,2,0,0,0,0,31,10,8,2,11,8,612,312,507,201,,,,
1841,2023/24,0.4,18,2023-12-11,Puszcza Niepołomice,Widzew Łódź,1,0,35.5,64.5,14,8,4,2,7,3,3,3,3,4,11,18,1,1,4,4,0,0,0,0,18,19,3,2,15,6,262,486,156,392,,,,
1842,2023/24,0.4,18,2023-12-09,Radomiak Radom,Górnik Zabrze,1,1,61.4,38.6,15,11,7,2,2,3,6,6,12,3,11,14,0,0,3,5,0,1,0,1,37,13,8,3,11,7,455,295,382,223,,,,
1843,2023/24,0.4,18,2023-12-08,Ruch Chorzów,Zagłębie Lubin,2,2,40.6,59.4,11,14,5,6,3,3,3,5,4,9,17,7,0,0,3,2,1,0,1,0,17,29,8,7,12,10,363,527,271,435,,,,
1844,2023/24,0.4,18,2023-12-10,ŁKS Łódź,Legia Warszawa,1,1,29.1,70.9,11,24,2,5,3,6,6,13,1,7,16,15,1,0,3,3,0,0,0,0,8,30,1,9,8,12,230,545,149,465,,,,
1845,2023/24,0.4,18,2023-12-09,Śląsk Wrocław,Korona Kielce,0,0,64.5,35.5,13,5,4,0,4,2,5,3,7,3,8,14,2,1,1,2,0,0,0,0,16,12,2,1,4,11,563,303,460,213,,,,
1846,2023/24,0.4,19,2023-12-15,Górnik Zabrze,Warta Poznań,3,0,54.2,45.8,15,10,10,3,1,3,4,4,0,4,18,13,0,3,3,1,0,0,0,0,3,20,0,6,12,12,455,371,354,270,,,,
1847,2023/24,0.4,19,2023-12-15,Zagłębie Lubin,Śląsk Wrocław,1,2,69.9,30.1,22,8,5,5,7,2,10,1,7,1,7,5,0,2,0,0,0,0,0,0,32,11,11,5,8,10,659,283,593,232,,,,
1848,2023/24,0.4,19,2023-12-17,Legia Warszawa,Cracovia,2,0,66.0,34.0,9,8,5,2,1,2,3,4,5,0,16,10,4,3,5,2,0,0,0,0,23,5,6,1,6,9,499,266,406,180,,,,
1849,2023/24,0.4,19,2023-12-18,Piast Gliwice,Stal Mielec,3,0,53.5,46.5,19,8,5,3,5,3,9,2,7,1,10,15,3,1,2,4,0,0,0,0,20,12,4,3,7,10,512,451,422,350,,,,
1850,2023/24,0.4,19,2023-12-16,Puszcza Niepołomice,Jagiellonia Białystok,3,3,35.1,64.9,11,15,4,6,2,4,5,5,6,3,27,13,2,2,4,3,0,1,0,1,19,12,7,3,5,11,252,489,177,398,,,,
1851,2023/24,0.4,19,2023-12-16,Radomiak Radom,Lech Poznań,2,2,50.8,49.2,18,8,6,5,4,1,8,2,6,0,15,24,1,4,5,8,0,1,0,1,30,5,7,3,5,8,367,379,290,291,,,,
1852,2023/24,0.4,19,2023-12-17,Raków Częstochowa,Korona Kielce,1,0,51.5,48.5,13,6,5,4,2,1,6,1,4,2,19,14,1,3,1,1,0,0,0,0,21,8,4,1,5,14,417,404,320,305,,,,
1853,2023/24,0.4,19,2023-12-16,Widzew Łódź,Pogoń Szczecin,1,2,51.5,48.5,11,11,7,7,1,0,3,4,5,1,11,10,5,1,2,2,0,0,0,0,24,12,3,4,7,7,517,500,438,419,,,,
1854,2023/24,0.4,19,2023-12-17,ŁKS Łódź,Ruch Chorzów,1,1,50.5,49.5,15,18,3,5,4,11,8,2,6,7,15,16,2,0,2,1,0,0,0,0,28,27,6,7,10,12,374,368,285,285,,,,
1855,2023/24,0.4,20,2024-02-10,Cracovia,Radomiak Radom,6,0,59.6,40.4,15,8,8,1,2,4,5,3,6,2,11,8,1,1,3,2,0,2,0,0,16,14,2,2,12,7,460,309,388,244,,,,
1856,2023/24,0.4,20,2024-02-12,Korona Kielce,ŁKS Łódź,2,1,52.7,47.3,13,6,4,5,5,1,4,0,10,3,17,13,2,2,2,4,0,0,0,0,28,11,3,2,15,9,376,352,257,236,,,,
1857,2023/24,0.4,20,2024-02-10,Lech Poznań,Zagłębie Lubin,2,0,54.4,45.6,10,15,3,1,5,5,2,9,6,4,22,8,1,0,4,2,0,0,0,0,17,13,5,5,9,7,469,394,391,318,,,,
1858,2023/24,0.4,20,2024-02-10,Piast Gliwice,Górnik Zabrze,1,3,53.9,46.1,14,10,7,4,3,2,4,4,4,2,16,20,2,1,2,1,0,0,0,0,22,14,6,2,5,7,430,374,350,287,,,,
1859,2023/24,0.4,20,2024-02-11,Śląsk Wrocław,Pogoń Szczecin,0,1,53.1,46.9,21,14,7,5,6,2,8,7,3,1,10,15,2,3,2,3,0,0,0,0,17,15,5,4,12,8,477,420,391,342,,,,
1860,2023/24,0.4,20,2024-02-09,Ruch Chorzów,Legia Warszawa,0,1,44.0,56.0,11,8,0,2,6,4,5,2,5,7,16,13,3,3,1,1,0,0,0,0,22,15,5,2,7,7,322,424,234,336,,,,
1861,2023/24,0.4,20,2024-02-09,Stal Mielec,Puszcza Niepołomice,2,1,73.0,27.0,17,9,10,3,1,3,6,3,5,6,11,13,0,0,2,2,0,0,0,0,23,15,4,3,5,11,634,228,539,139,,,,
1862,2023/24,0.4,20,2024-02-11,Warta Poznań,Raków Częstochowa,2,1,30.1,69.9,5,15,3,5,0,5,2,5,1,9,12,11,2,2,5,2,0,0,0,0,9,40,2,6,11,4,242,540,145,452,,,,
1863,2023/24,0.4,20,2024-02-11,Widzew Łódź,Jagiellonia Białystok,1,3,53.2,46.8,8,12,3,6,0,3,5,3,12,6,13,13,0,3,1,2,0,0,0,0,35,15,9,3,13,7,439,403,351,320,,,,
1864,2023/24,0.4,21,2024-02-19,Górnik Zabrze,Korona Kielce,3,1,49.9,50.1,12,15,6,4,2,6,4,5,1,7,17,13,1,1,2,0,0,0,0,0,12,21,0,5,16,11,438,434,347,348,,,,
1865,2023/24,0.4,21,2024-02-17,Jagiellonia Białystok,Lech Poznań,1,2,66.6,33.4,25,6,5,3,6,3,14,0,6,2,19,15,4,2,1,2,0,0,0,0,23,6,11,1,14,14,532,274,468,203,,,,
1866,2023/24,0.4,21,2024-02-18,Zagłębie Lubin,Cracovia,1,1,47.6,52.4,13,19,3,5,3,7,7,7,3,6,14,13,1,3,4,2,0,0,0,0,16,24,1,8,7,4,382,413,285,317,,,,
1867,2023/24,0.4,21,2024-02-18,Legia Warszawa,Puszcza Niepołomice,1,1,71.7,28.3,34,4,8,2,16,0,10,2,19,1,14,19,1,0,3,3,0,0,0,0,47,8,13,4,5,12,518,215,444,142,,,,
1868,2023/24,0.4,21,2024-02-16,Radomiak Radom,Pogoń Szczecin,0,4,21.5,78.5,7,23,1,9,3,7,3,7,2,13,8,12,2,0,1,2,1,0,0,0,8,24,2,8,2,11,194,709,127,634,,,,
1869,2023/24,0.4,21,2024-02-17,Raków Częstochowa,Piast Gliwice,3,1,61.9,38.1,12,7,4,6,3,0,5,1,2,2,12,24,3,2,4,5,0,0,0,0,16,12,3,2,12,11,509,312,414,207,,,,
1870,2023/24,0.4,21,2024-02-17,Ruch Chorzów,Warta Poznań,0,0,60.2,39.8,14,8,5,1,3,6,6,1,8,1,15,16,2,1,0,2,0,0,0,0,33,9,6,1,3,11,516,353,413,234,,,,
1871,2023/24,0.4,21,2024-02-18,ŁKS Łódź,Widzew Łódź,0,2,48.2,51.8,7,21,2,6,3,8,2,7,4,6,12,11,4,2,1,3,0,0,0,0,15,27,2,8,11,12,431,452,340,363,,,,
1872,2023/24,0.4,21,2024-02-16,Śląsk Wrocław,Stal Mielec,0,1,59.5,40.5,15,3,5,1,6,1,4,1,6,5,12,12,1,0,1,2,0,0,0,0,31,14,8,2,8,14,554,383,472,286,,,,
1873,2023/24,0.4,22,2024-02-24,Jagiellonia Białystok,Ruch Chorzów,1,1,68.2,31.8,11,8,2,2,6,1,3,5,7,2,9,16,0,1,2,2,0,0,0,0,32,9,4,3,19,9,692,322,601,239,,,,
1874,2023/24,0.4,22,2024-02-25,Korona Kielce,Legia Warszawa,3,3,55.0,45.0,18,13,5,4,9,7,4,2,3,3,10,15,2,1,3,3,0,0,0,0,22,9,6,2,13,14,450,375,378,278,,,,
1875,2023/24,0.4,22,2024-02-24,Lech Poznań,Śląsk Wrocław,0,0,60.4,39.6,11,9,3,2,3,4,5,3,5,2,13,10,5,0,0,3,0,0,0,0,25,6,2,2,8,9,543,363,479,281,,,,
1876,2023/24,0.4,22,2024-02-23,Piast Gliwice,Cracovia,0,0,59.8,40.2,7,11,1,2,4,5,2,4,8,2,13,14,0,2,1,1,0,0,0,0,23,12,2,2,9,12,540,365,461,285,,,,
1877,2023/24,0.4,22,2024-02-23,Pogoń Szczecin,ŁKS Łódź,4,2,52.5,47.5,17,13,6,3,7,5,4,5,4,1,9,10,2,1,2,2,0,0,0,0,14,5,4,0,9,11,458,426,372,342,,,,
1878,2023/24,0.4,22,2024-02-25,Puszcza Niepołomice,Zagłębie Lubin,2,2,42.3,57.7,12,24,9,7,2,9,1,8,5,7,8,5,3,3,1,0,0,0,0,0,18,22,7,8,15,6,367,498,278,426,,,,
1879,2023/24,0.4,22,2024-02-24,Stal Mielec,Raków Częstochowa,0,0,42.8,57.2,8,16,2,7,2,3,4,6,2,9,9,8,0,0,2,2,0,0,0,0,13,25,2,3,16,8,364,479,255,387,,,,
1880,2023/24,0.4,22,2024-02-26,Warta Poznań,Radomiak Radom,0,0,52.9,47.1,4,12,0,2,3,3,1,7,0,4,18,15,0,2,1,1,0,0,0,0,18,20,1,7,10,7,414,368,311,260,,,,
1881,2023/24,0.4,22,2024-02-25,Widzew Łódź,Górnik Zabrze,3,1,45.5,54.5,16,10,7,3,3,3,6,4,4,3,11,14,3,0,1,2,0,1,0,1,13,18,2,4,12,9,436,519,366,450,,,,
1882,2023/24,0.4,23,2024-03-01,Cracovia,Warta Poznań,0,1,58.5,41.5,15,8,4,5,4,2,7,1,3,2,11,7,2,0,2,0,0,0,0,0,15,16,3,2,2,18,494,344,376,229,,,,
1883,2023/24,0.4,23,2024-03-02,Górnik Zabrze,Jagiellonia Białystok,2,1,33.1,66.9,12,14,7,3,2,3,3,8,5,4,9,12,2,2,1,5,0,0,0,0,10,27,3,7,10,11,265,537,205,461,,,,
1884,2023/24,0.4,23,2024-03-03,Zagłębie Lubin,Korona Kielce,1,0,40.3,59.7,5,12,2,3,1,5,2,4,2,4,16,12,4,2,3,4,1,0,1,0,9,28,5,7,15,7,339,486,257,396,,,,
1885,2023/24,0.4,23,2024-03-02,Legia Warszawa,Pogoń Szczecin,1,1,61.6,38.4,16,7,5,3,6,0,5,4,9,1,7,14,4,0,2,2,0,0,0,0,26,12,5,1,6,9,544,341,444,254,,,,
1886,2023/24,0.4,23,2024-03-04,Radomiak Radom,Stal Mielec,2,1,37.4,62.6,23,4,7,2,7,0,9,2,6,8,12,14,1,0,2,2,0,0,0,0,22,25,7,2,11,8,286,482,212,397,,,,
1887,2023/24,0.4,23,2024-03-03,Raków Częstochowa,Lech Poznań,4,0,35.2,64.8,21,5,7,0,7,1,7,4,6,4,16,8,1,0,3,2,0,0,0,0,12,8,2,2,6,8,329,611,247,512,,,,
1888,2023/24,0.4,23,2024-03-01,Ruch Chorzów,Piast Gliwice,3,0,49.1,50.9,18,9,8,2,5,1,5,6,6,6,9,12,3,0,1,1,0,0,0,0,16,14,5,2,11,4,377,392,309,324,,,,
1889,2023/24,0.4,23,2024-03-03,ŁKS Łódź,Puszcza Niepołomice,3,2,51.9,48.1,13,16,5,5,4,6,4,5,7,10,16,12,0,5,4,1,0,0,0,0,21,29,2,9,6,9,319,286,251,203,,,,
1890,2023/24,0.4,23,2024-03-02,Śląsk Wrocław,Widzew Łódź,2,1,43.4,56.6,11,12,7,3,1,3,3,6,1,3,10,11,3,2,2,7,0,0,0,0,11,21,4,5,5,8,349,450,271,358,,,,
1891,2023/24,0.4,24,2024-03-09,Górnik Zabrze,Lech Poznań,0,0,51.7,48.3,13,8,2,4,5,2,6,2,8,6,12,14,0,1,1,0,0,0,0,0,15,15,3,4,8,8,479,454,410,386,,,,
1892,2023/24,0.4,24,2024-03-08,Jagiellonia Białystok,Śląsk Wrocław,3,1,48.6,51.4,19,9,9,3,4,3,6,3,2,2,16,13,1,2,1,4,0,0,0,0,11,16,4,4,10,5,468,490,385,411,,,,
1893,2023/24,0.4,24,2024-03-09,Korona Kielce,Cracovia,1,1,48.5,51.5,14,11,3,6,4,2,7,3,3,4,10,15,1,0,0,2,0,0,0,0,31,16,4,5,11,12,374,414,269,318,,,,
1894,2023/24,0.4,24,2024-03-08,Piast Gliwice,Radomiak Radom,2,3,59.2,40.8,13,11,5,5,4,3,4,3,7,4,17,16,0,2,3,4,0,1,0,1,29,13,4,5,13,9,402,284,309,193,,,,
1895,2023/24,0.4,24,2024-03-10,Pogoń Szczecin,Zagłębie Lubin,0,2,59.9,40.1,17,10,4,6,8,2,5,2,7,4,11,12,2,3,1,1,0,0,0,0,24,12,6,1,8,10,575,391,473,289,,,,
1896,2023/24,0.4,24,2024-03-09,Puszcza Niepołomice,Raków Częstochowa,1,1,40.1,59.9,10,21,5,5,3,8,2,8,2,6,13,12,2,1,0,2,1,1,0,1,13,29,5,5,10,3,281,409,190,342,,,,
1897,2023/24,0.4,24,2024-03-10,Stal Mielec,Ruch Chorzów,3,1,49.5,50.5,12,18,7,6,4,4,1,8,4,5,13,11,3,0,1,1,0,0,0,0,19,19,3,5,5,9,402,411,308,306,,,,
1898,2023/24,0.4,24,2024-03-11,Warta Poznań,ŁKS Łódź,0,1,57.7,42.3,15,6,7,2,2,1,6,3,9,5,11,14,1,0,3,1,0,0,0,0,32,17,12,2,8,10,436,323,353,234,,,,
1899,2023/24,0.4,24,2024-03-10,Widzew Łódź,Legia Warszawa,1,0,45.8,54.2,8,9,4,4,3,1,1,4,5,8,13,8,1,2,1,2,0,0,0,0,14,25,1,7,12,11,421,495,345,405,,,,
1900,2023/24,0.4,25,2024-03-16,Cracovia,Widzew Łódź,2,2,46.5,53.5,14,9,5,4,4,3,5,2,7,5,15,4,1,1,1,0,0,0,0,0,24,18,6,4,9,6,413,488,326,401,,,,
1901,2023/24,0.4,25,2024-03-15,Zagłębie Lubin,Stal Mielec,0,0,51.0,49.0,19,9,7,3,4,2,8,4,6,3,12,14,1,0,1,5,0,0,0,0,25,10,7,1,6,6,539,527,470,449,,,,
1902,2023/24,0.4,25,2024-03-17,Korona Kielce,Pogoń Szczecin,2,2,37.9,62.1,11,13,3,4,3,5,5,4,4,8,12,18,3,0,3,2,0,0,0,0,17,28,4,5,13,9,293,477,207,387,,,,
1903,2023/24,0.4,25,2024-03-15,Lech Poznań,Warta Poznań,2,0,60.8,39.2,10,19,5,8,0,4,5,7,5,4,15,9,2,0,3,0,0,0,0,0,22,20,7,8,3,11,503,320,425,245,,,,
1904,2023/24,0.4,25,2024-03-17,Legia Warszawa,Piast Gliwice,3,1,40.2,59.8,7,13,3,1,2,6,2,6,1,3,17,10,0,2,3,2,1,0,0,0,5,28,0,8,6,5,348,497,268,425,,,,
1905,2023/24,0.4,25,2024-03-16,Radomiak Radom,Jagiellonia Białystok,0,2,49.3,50.7,18,10,4,4,5,4,9,2,7,5,15,11,0,4,5,3,0,0,0,0,29,13,11,2,6,8,357,384,280,299,,,,
1906,2023/24,0.4,25,2024-03-16,Ruch Chorzów,Górnik Zabrze,1,2,55.0,45.0,23,8,5,4,6,0,12,4,9,2,10,18,1,0,0,3,0,0,0,0,37,7,10,0,6,14,477,415,391,332,,,,
1907,2023/24,0.4,25,2024-03-17,ŁKS Łódź,Raków Częstochowa,1,1,39.9,60.1,10,32,1,7,5,12,4,13,3,11,16,7,0,0,4,2,0,0,0,0,13,25,3,9,16,13,328,493,224,385,,,,
1908,2023/24,0.4,25,2024-03-16,Śląsk Wrocław,Puszcza Niepołomice,0,0,58.3,41.7,19,6,7,3,4,2,8,1,10,2,14,16,2,0,2,4,0,0,0,0,28,13,8,0,1,13,404,293,332,202,,,,
1909,2023/24,0.4,26,2024-04-01,Górnik Zabrze,Legia Warszawa,1,3,58.3,41.7,15,10,2,6,6,0,7,4,6,6,12,10,0,4,1,3,0,0,0,0,13,12,4,4,5,14,563,401,497,334,,,,
1910,2023/24,0.4,26,2024-03-30,Jagiellonia Białystok,ŁKS Łódź,6,0,64.1,35.9,28,8,9,2,5,2,14,4,12,2,8,13,2,3,1,1,0,1,0,0,31,3,11,1,7,9,539,314,489,254,,,,
1911,2023/24,0.4,26,2024-03-30,Piast Gliwice,Śląsk Wrocław,2,2,47.0,53.0,15,9,3,4,6,3,6,2,14,1,12,8,2,1,3,2,0,0,0,0,30,13,6,5,6,8,357,425,294,355,,,,
1912,2023/24,0.4,26,2024-03-30,Pogoń Szczecin,Cracovia,3,1,60.8,39.2,13,12,3,2,5,3,5,7,1,6,8,8,3,1,3,0,0,0,0,0,21,23,3,5,7,8,557,343,491,254,,,,
1913,2023/24,0.4,26,2024-04-01,Puszcza Niepołomice,Radomiak Radom,1,1,47.9,52.1,12,20,4,7,3,6,5,7,3,3,16,13,1,0,0,3,0,1,0,0,19,12,3,3,9,5,288,325,195,237,,,,
1914,2023/24,0.4,26,2024-03-30,Raków Częstochowa,Ruch Chorzów,1,1,36.4,63.6,13,12,3,2,3,8,7,2,3,3,14,24,1,1,0,3,0,0,0,0,9,17,4,2,10,8,290,504,202,404,,,,
1915,2023/24,0.4,26,2024-04-01,Stal Mielec,Lech Poznań,0,0,44.2,55.8,9,19,3,5,3,8,3,6,8,8,7,17,0,0,2,0,0,0,0,0,25,28,7,9,8,10,327,422,256,355,,,,
1916,2023/24,0.4,26,2024-04-02,Warta Poznań,Zagłębie Lubin,1,1,39.5,60.5,9,18,2,7,1,2,6,9,2,5,10,10,1,1,0,1,0,0,0,0,20,19,7,7,4,5,328,512,218,392,,,,
1917,2023/24,0.4,26,2024-04-01,Widzew Łódź,Korona Kielce,3,1,60.7,39.3,15,15,4,4,2,4,9,7,7,9,11,10,1,2,1,1,0,0,0,0,22,21,6,5,8,7,487,305,418,227,,,,
1918,2023/24,0.4,27,2024-04-05,Cracovia,ŁKS Łódź,2,2,40.3,59.7,20,12,5,4,9,4,6,4,5,5,18,10,1,1,5,2,0,0,0,0,20,21,7,3,8,8,295,450,217,363,,,,
1919,2023/24,0.4,27,2024-04-08,Zagłębie Lubin,Górnik Zabrze,1,2,50.0,50.0,17,9,4,3,7,3,6,3,7,4,10,12,1,0,1,2,0,0,0,0,21,8,6,1,6,12,465,478,382,409,,,,
1920,2023/24,0.4,27,2024-04-06,Korona Kielce,Stal Mielec,1,0,42.2,57.8,8,10,1,0,5,4,2,6,4,3,17,17,2,2,5,4,1,0,1,0,16,21,5,7,10,6,265,362,169,263,,,,
1921,2023/24,0.4,27,2024-04-07,Lech Poznań,Pogoń Szczecin,1,0,49.0,51.0,10,20,4,6,3,5,3,9,5,9,8,10,1,0,0,2,0,0,0,0,18,29,4,6,4,8,387,390,310,324,,,,
1922,2023/24,0.4,27,2024-04-07,Legia Warszawa,Jagiellonia Białystok,1,1,44.3,55.7,17,12,6,2,7,5,4,5,5,7,16,12,3,2,0,1,0,0,0,0,14,20,1,7,13,14,374,472,309,413,,,,
1923,2023/24,0.4,27,2024-04-05,Radomiak Radom,Raków Częstochowa,2,1,25.9,74.1,8,12,3,4,2,5,3,3,2,7,10,10,3,0,4,0,0,0,0,0,7,28,2,6,10,8,198,553,108,477,,,,
1924,2023/24,0.4,27,2024-04-06,Ruch Chorzów,Puszcza Niepołomice,0,0,60.6,39.4,23,15,1,3,9,7,13,5,7,5,13,15,2,0,5,2,1,0,0,0,40,18,9,5,6,13,452,304,371,200,,,,
1925,2023/24,0.4,27,2024-04-07,Widzew Łódź,Piast Gliwice,1,0,54.3,45.7,15,11,2,2,6,4,7,5,6,3,9,7,3,2,2,2,0,0,0,0,20,22,4,8,8,8,510,427,445,354,,,,
1926,2023/24,0.4,27,2024-04-06,Śląsk Wrocław,Warta Poznań,2,1,52.9,47.1,8,4,4,0,1,1,3,3,6,2,13,17,0,1,3,5,0,1,0,1,20,12,6,1,8,13,415,377,326,283,,,,
1927,2023/24,0.4,28,2024-04-14,Górnik Zabrze,Śląsk Wrocław,2,0,43.9,56.1,9,22,6,3,2,11,1,8,2,8,9,12,0,1,1,2,0,0,0,0,9,26,3,6,14,10,382,469,299,386,,,,
1928,2023/24,0.4,28,2024-04-14,Jagiellonia Białystok,Cracovia,1,3,71.5,28.5,20,18,6,9,5,3,9,6,9,4,8,16,1,1,2,4,1,0,0,0,40,13,7,5,5,9,552,223,478,155,,,,
1929,2023/24,0.4,28,2024-04-15,Piast Gliwice,Zagłębie Lubin,2,0,42.7,57.3,18,6,8,1,4,4,6,1,4,4,11,9,1,1,2,2,0,0,0,0,14,14,4,4,9,8,392,531,303,425,,,,
1930,2023/24,0.4,28,2024-04-12,Pogoń Szczecin,Ruch Chorzów,5,0,48.7,51.3,16,19,6,5,1,3,9,11,5,3,13,10,1,0,0,2,0,0,0,0,15,16,7,4,8,12,402,426,317,334,,,,
1931,2023/24,0.4,28,2024-04-13,Puszcza Niepołomice,Lech Poznań,2,1,31.4,68.6,11,16,5,2,2,5,4,9,8,6,13,8,1,2,3,2,0,0,0,0,18,25,6,2,11,6,227,509,133,408,,,,
1932,2023/24,0.4,28,2024-04-13,Raków Częstochowa,Legia Warszawa,1,1,57.1,42.9,7,7,5,2,1,2,1,3,3,3,14,16,2,0,2,2,0,0,0,0,18,9,3,0,7,13,498,378,422,282,,,,
1933,2023/24,0.4,28,2024-04-13,Stal Mielec,Widzew Łódź,0,0,42.0,58.0,7,9,2,1,2,3,3,5,4,8,7,12,1,1,1,4,0,0,0,0,24,25,1,4,12,7,351,489,282,417,,,,
1934,2023/24,0.4,28,2024-04-12,Warta Poznań,Korona Kielce,1,0,39.3,60.7,12,7,2,4,4,2,6,1,6,1,21,10,3,1,0,0,0,0,0,0,15,11,4,2,12,12,306,484,200,368,,,,
1935,2023/24,0.4,28,2024-04-14,ŁKS Łódź,Radomiak Radom,3,2,56.9,43.1,18,17,6,6,8,5,4,6,4,3,12,12,2,0,3,2,0,1,0,1,9,21,4,7,13,9,477,350,403,271,,,,
1936,2023/24,0.4,29,2024-04-21,Cracovia,Puszcza Niepołomice,0,1,57.4,42.6,14,9,2,2,3,2,9,5,9,3,11,17,0,2,2,4,0,0,0,0,22,18,7,6,6,7,429,315,334,210,,,,
1937,2023/24,0.4,29,2024-04-20,Zagłębie Lubin,Jagiellonia Białystok,1,2,49.1,50.9,25,17,4,7,9,6,12,4,9,4,14,9,2,2,1,0,0,0,0,0,24,14,8,5,6,12,427,451,355,375,,,,
1938,2023/24,0.4,29,2024-04-19,Korona Kielce,Radomiak Radom,4,0,36.9,63.1,16,14,6,5,7,7,3,2,2,10,15,17,1,1,3,4,0,0,0,0,10,22,2,4,16,10,226,384,131,296,,,,
1939,2023/24,0.4,29,2024-04-21,Legia Warszawa,Śląsk Wrocław,0,0,66.0,34.0,14,9,3,3,4,3,7,3,5,2,15,10,0,1,0,3,0,0,0,0,38,14,9,2,12,7,639,332,558,264,,,,
1940,2023/24,0.4,29,2024-04-20,Pogoń Szczecin,Piast Gliwice,0,2,64.2,35.8,13,8,4,3,2,2,7,3,4,4,13,11,1,5,0,1,0,0,0,0,33,14,8,1,9,10,602,342,528,251,,,,
1941,2023/24,0.4,29,2024-04-19,Raków Częstochowa,Górnik Zabrze,0,1,50.3,49.7,15,11,2,3,4,4,9,4,8,2,13,8,0,1,3,0,1,0,1,0,19,7,7,2,5,5,447,460,366,377,,,,
1942,2023/24,0.4,29,2024-04-20,Ruch Chorzów,Widzew Łódź,2,3,55.5,44.5,22,14,7,6,7,4,8,4,2,5,9,8,4,0,1,4,0,0,0,0,35,18,9,3,6,7,505,410,415,317,,,,
1943,2023/24,0.4,29,2024-04-22,Warta Poznań,Stal Mielec,5,2,41.5,58.5,11,15,7,4,1,7,3,4,2,2,10,10,2,1,0,1,0,0,0,0,19,19,4,5,10,10,393,561,297,445,,,,
1944,2023/24,0.4,29,2024-04-21,ŁKS Łódź,Lech Poznań,2,3,37.9,62.1,12,16,6,8,3,6,3,2,1,7,8,9,1,1,4,2,1,0,1,0,13,22,4,7,9,9,339,559,281,474,,,,
1945,2023/24,0.4,30,2024-04-27,Górnik Zabrze,ŁKS Łódź,4,1,49.2,50.8,18,11,7,6,5,2,6,3,9,4,13,12,0,2,2,3,0,0,0,0,16,14,2,6,10,6,430,447,368,386,,,,
1946,2023/24,0.4,30,2024-04-26,Jagiellonia Białystok,Pogoń Szczecin,2,2,56.0,44.0,13,15,3,5,3,5,7,5,9,4,6,12,4,1,3,1,0,0,0,0,32,15,10,7,10,3,488,386,401,296,,,,
1947,2023/24,0.4,30,2024-04-28,Lech Poznań,Cracovia,0,0,74.5,25.5,15,5,5,1,4,1,6,3,7,3,11,9,2,0,1,2,0,0,0,0,39,6,5,3,5,15,712,248,650,169,,,,
1948,2023/24,0.4,30,2024-04-26,Piast Gliwice,Warta Poznań,2,0,58.4,41.6,12,8,5,2,3,3,4,3,1,4,7,16,1,2,0,0,0,0,0,0,14,15,2,7,10,10,558,393,446,277,,,,
1949,2023/24,0.4,30,2024-04-29,Puszcza Niepołomice,Korona Kielce,1,1,45.0,55.0,15,13,2,4,6,3,7,6,7,7,10,10,1,0,2,2,0,0,0,0,19,30,8,5,8,8,315,381,207,276,,,,
1950,2023/24,0.4,30,2024-04-28,Radomiak Radom,Zagłębie Lubin,3,4,57.6,42.4,12,15,5,7,3,3,4,5,6,5,14,13,1,1,3,2,0,0,0,0,18,14,3,6,10,17,392,286,286,190,,,,
1951,2023/24,0.4,30,2024-04-28,Stal Mielec,Legia Warszawa,1,3,52.2,47.8,8,16,2,7,2,4,4,5,0,4,16,10,1,2,2,2,0,0,0,0,11,20,3,6,13,9,450,403,348,320,,,,
1952,2023/24,0.4,30,2024-04-27,Widzew Łódź,Raków Częstochowa,0,1,40.3,59.7,7,22,2,6,2,3,3,13,4,12,12,21,0,1,2,5,1,0,0,0,11,28,4,7,7,6,340,501,251,430,,,,
1953,2023/24,0.4,30,2024-04-27,Śląsk Wrocław,Ruch Chorzów,2,3,59.1,40.9,23,6,6,5,9,1,8,0,10,2,8,12,1,1,2,3,0,0,0,0,36,7,11,2,14,12,427,312,339,216,,,,
1954,2023/24,0.4,31,2024-05-03,Cracovia,Górnik Zabrze,5,0,31.1,68.9,18,6,5,2,6,3,7,1,6,6,14,6,0,1,3,3,0,1,0,1,12,23,5,1,11,5,243,554,180,497,,,,
1955,2023/24,0.4,31,2024-05-04,Zagłębie Lubin,Raków Częstochowa,2,0,33.7,66.3,11,15,4,3,4,4,3,8,4,9,16,6,1,2,2,0,0,0,0,0,8,31,6,11,9,11,303,579,205,480,,,,
1956,2023/24,0.4,31,2024-05-05,Korona Kielce,Piast Gliwice,1,1,50.5,49.5,10,9,3,3,2,2,5,4,7,3,13,10,1,1,5,4,0,0,0,0,25,13,8,3,3,11,403,405,308,290,,,,
1957,2023/24,0.4,31,2024-05-05,Legia Warszawa,Radomiak Radom,0,3,54.6,45.4,13,15,0,7,6,3,7,5,6,3,11,13,0,1,4,5,1,0,0,0,20,10,6,2,2,9,438,369,375,313,,,,
1958,2023/24,0.4,31,2024-05-06,Pogoń Szczecin,Puszcza Niepołomice,1,0,67.6,32.4,17,9,4,2,6,4,7,3,10,2,3,8,1,4,1,2,0,0,0,0,39,19,7,7,2,13,518,248,425,149,,,,
1959,2023/24,0.4,31,2024-05-03,Ruch Chorzów,Lech Poznań,2,1,44.3,55.7,16,12,4,3,2,4,10,5,3,7,13,7,0,3,2,0,0,0,0,0,27,22,8,7,8,9,382,499,281,401,,,,
1960,2023/24,0.4,31,2024-05-04,Stal Mielec,Jagiellonia Białystok,3,2,30.6,69.4,11,12,3,5,1,3,7,4,2,5,10,13,0,0,0,2,0,0,0,0,10,18,4,6,13,13,288,663,190,585,,,,
1961,2023/24,0.4,31,2024-05-05,Warta Poznań,Widzew Łódź,2,1,38.6,61.4,7,12,3,4,2,3,2,5,0,4,16,10,2,1,1,1,0,0,0,0,14,32,1,6,10,8,329,513,233,420,,,,
1962,2023/24,0.4,31,2024-05-04,ŁKS Łódź,Śląsk Wrocław,1,2,67.5,32.5,17,12,5,5,5,2,7,5,6,6,9,11,2,3,1,3,0,1,0,1,23,17,3,3,15,12,504,236,427,171,,,,
1963,2023/24,0.4,32,2024-05-11,Górnik Zabrze,Stal Mielec,1,1,52.4,47.6,15,10,5,5,4,1,6,4,7,4,10,13,0,0,3,1,0,0,0,0,21,21,7,2,5,5,507,459,437,385,,,,
1964,2023/24,0.4,32,2024-05-11,Jagiellonia Białystok,Korona Kielce,3,0,53.5,46.5,7,12,4,6,0,0,3,6,3,2,15,20,0,4,1,0,0,0,0,0,9,18,3,5,9,15,511,437,419,365,,,,
1965,2023/24,0.4,32,2024-05-12,Lech Poznań,Legia Warszawa,1,2,63.6,36.4,11,9,3,1,3,2,5,6,3,3,22,14,1,1,3,2,0,0,0,0,22,14,4,4,7,4,465,265,388,184,,,,
1966,2023/24,0.4,32,2024-05-10,Piast Gliwice,ŁKS Łódź,4,0,53.3,46.7,21,9,9,2,4,3,8,4,5,5,10,9,0,1,0,0,0,0,0,0,21,14,5,1,11,9,481,425,412,349,,,,
1967,2023/24,0.4,32,2024-05-12,Puszcza Niepołomice,Warta Poznań,1,0,38.0,62.0,22,11,11,2,5,4,6,5,11,7,16,15,4,0,4,1,0,0,0,0,21,30,9,6,11,13,217,355,126,265,,,,
1968,2023/24,0.4,32,2024-05-13,Radomiak Radom,Ruch Chorzów,0,2,51.6,48.4,22,10,6,3,5,3,11,4,9,6,9,11,1,4,0,4,0,0,0,0,26,17,6,10,12,12,382,360,306,287,,,,
1969,2023/24,0.4,32,2024-05-11,Raków Częstochowa,Pogoń Szczecin,2,1,41.4,58.6,11,14,5,1,2,8,4,5,3,3,9,18,2,1,2,5,0,1,0,1,13,18,1,4,11,9,355,498,253,386,,,,
1970,2023/24,0.4,32,2024-05-12,Widzew Łódź,Zagłębie Lubin,1,3,61.1,38.9,16,11,4,5,7,2,5,4,5,3,4,3,0,4,0,2,0,0,0,0,31,7,4,1,16,12,596,393,516,315,,,,
1971,2023/24,0.4,32,2024-05-10,Śląsk Wrocław,Cracovia,4,0,43.5,56.5,10,6,6,1,3,3,1,2,4,3,9,14,1,0,1,4,0,1,0,1,11,12,3,3,14,11,328,432,252,357,,,,
1972,2023/24,0.4,33,2024-05-19,Cracovia,Raków Częstochowa,2,0,19.6,80.4,9,18,4,4,3,7,2,7,4,9,11,14,1,0,2,3,0,0,0,0,10,34,2,6,6,6,129,540,56,474,,,,
1973,2023/24,0.4,33,2024-05-17,Górnik Zabrze,Puszcza Niepołomice,1,1,48.0,52.0,10,10,4,1,2,3,4,6,4,3,9,15,0,1,1,3,1,1,0,0,12,20,2,8,7,10,384,409,309,335,,,,
1974,2023/24,0.4,33,2024-05-20,Zagłębie Lubin,ŁKS Łódź,2,1,52.1,47.9,25,13,10,7,5,1,10,5,8,0,9,18,0,1,2,4,1,0,1,0,24,9,6,0,9,4,490,467,428,394,,,,
1975,2023/24,0.4,33,2024-05-18,Korona Kielce,Ruch Chorzów,2,0,46.8,53.2,26,7,4,2,7,1,15,4,7,4,20,8,0,0,2,2,0,0,0,0,25,13,14,3,9,10,307,364,221,265,,,,
1976,2023/24,0.4,33,2024-05-18,Piast Gliwice,Jagiellonia Białystok,1,1,46.7,53.3,9,11,1,4,4,3,4,4,6,4,16,9,0,2,3,2,0,0,0,0,16,15,2,3,10,7,461,531,387,442,,,,
1977,2023/24,0.4,33,2024-05-17,Stal Mielec,Pogoń Szczecin,0,0,39.7,60.3,6,18,1,4,2,2,3,12,5,7,8,11,2,0,1,1,0,0,0,0,19,21,3,7,13,7,349,534,252,446,,,,
1978,2023/24,0.4,33,2024-05-19,Warta Poznań,Legia Warszawa,0,1,34.3,65.7,13,13,0,4,6,5,7,4,2,6,15,9,2,0,1,0,0,0,0,0,18,18,1,3,12,7,268,529,177,417,,,,
1979,2023/24,0.4,33,2024-05-19,Widzew Łódź,Lech Poznań,1,1,47.0,53.0,24,14,11,3,7,3,6,8,9,4,11,12,1,3,3,4,0,0,0,0,28,17,4,7,10,8,401,468,344,418,,,,
1980,2023/24,0.4,33,2024-05-18,Śląsk Wrocław,Radomiak Radom,2,0,49.8,50.2,13,8,5,1,6,0,2,7,6,3,15,9,0,2,1,2,0,1,0,1,16,19,4,2,7,13,388,387,314,306,,,,
1981,2023/24,0.4,34,2024-05-25,Jagiellonia Białystok,Warta Poznań,3,0,55.4,44.6,14,14,6,2,3,5,5,7,6,6,8,18,0,1,3,3,0,0,0,0,20,21,7,8,10,12,426,334,332,244,,,,
1982,2023/24,0.4,34,2024-05-25,Lech Poznań,Korona Kielce,1,2,56.3,43.7,8,23,3,12,3,5,2,6,5,13,13,15,1,4,6,7,1,0,0,0,17,25,4,6,9,13,348,264,272,190,,,,
1983,2023/24,0.4,34,2024-05-25,Legia Warszawa,Zagłębie Lubin,2,1,45.5,54.5,16,10,7,3,5,2,4,5,5,5,15,16,3,1,2,3,0,0,0,0,18,19,3,2,5,8,384,459,326,390,,,,
1984,2023/24,0.4,34,2024-05-25,Pogoń Szczecin,Górnik Zabrze,1,0,51.4,48.6,22,9,5,2,6,4,11,3,9,5,12,7,2,2,4,4,0,0,0,0,27,9,10,2,9,5,432,428,375,360,,,,
1985,2023/24,0.4,34,2024-05-25,Puszcza Niepołomice,Piast Gliwice,1,0,33.5,66.5,9,17,2,6,2,5,5,6,3,6,20,5,0,1,3,2,0,0,0,0,16,23,6,9,10,6,243,492,172,427,,,,
1986,2023/24,0.4,34,2024-05-25,Radomiak Radom,Widzew Łódź,1,3,48.9,51.1,12,13,6,4,3,5,3,4,5,4,10,13,1,0,3,3,0,0,0,0,26,20,9,4,8,10,404,428,337,348,,,,
1987,2023/24,0.4,34,2024-05-25,Raków Częstochowa,Śląsk Wrocław,1,2,56.8,43.2,11,9,2,3,3,2,6,4,4,4,14,14,2,3,4,1,0,0,0,0,18,13,2,1,10,6,398,303,283,198,,,,
1988,2023/24,0.4,34,2024-05-25,Ruch Chorzów,Cracovia,2,0,56.4,43.6,15,12,4,0,3,7,8,5,3,2,10,14,0,1,2,1,0,1,0,0,25,12,5,3,17,9,459,364,359,277,,,,
1989,2023/24,0.4,34,2024-05-25,ŁKS Łódź,Stal Mielec,3,2,52.7,47.3,14,15,4,6,4,3,6,6,3,5,13,12,3,0,2,1,0,1,0,0,8,21,3,6,12,7,472,403,404,326,,,,
