flash_team,klub_slug,flash_name,player_slug,match_method
Cracovia,cracovia,Atanasov J.,jani-atanasov,review_auto_same_club_history
Cracovia,cracovia,Bitri E.,eneo-bitri,review_auto_same_club_history
Cracovia,cracovia,Bochnak M.,mateusz-bochnak,review_auto_same_club_history
Cracovia,cracovia,Bzdyl F.,fabian-bzdyl,review_auto_same_club_history
Cracovia,cracovia,Ghita V.,virgil-ghita,review_auto_same_club_history
Cracovia,cracovia,Glik K.,kamil-jacek-glik,review_auto_same_club_history
Cracovia,cracovia,Hoskonen A.,arttu-hoskonen,review_auto_same_club_history
Cracovia,cracovia,Hrosso L.,lukas-hrosso,review_auto_same_club_history
Cracovia,cracovia,Jaroszynski P.,pawe-jaroszynski,review_auto_same_club_history
Cracovia,cracovia,Jugas J.,jakub-jugas,review_auto_same_club_history
Cracovia,cracovia,Kakabadze O.,otar-kakabadze,review_auto_same_club_history
Cracovia,cracovia,Kallman B.,benjamin-kallman,review_auto_same_club_history
Cracovia,cracovia,Knap K.,karol-knap,review_auto_same_club_history
Cracovia,cracovia,Kolec B.,bartomiej-kolec,review_auto_same_club_history
Cracovia,cracovia,Madejski S.,sebastian-madejski,review_auto_same_club_history
Cracovia,cracovia,Maigaard M.,mikkel-maigaard-jakobsen,review_auto_same_club_history
Cracovia,cracovia,Makuch P.,patryk-makuch,review_auto_same_club_history
Cracovia,cracovia,Myszor J.,jakub-myszor,review_auto_same_club_history
Cracovia,cracovia,Olafsson D.,davi-kristjan-olafsson,review_auto_same_club_history
Cracovia,cracovia,Oshima T.,takuto-oshima,review_auto_same_club_history
Cracovia,cracovia,Rakoczy M.,micha-miosz-rakoczy,review_auto_same_club_history
Cracovia,cracovia,Rapa C.,cornel-rapa,review_auto_same_club_history
Cracovia,cracovia,Rózga F.,filip-rozga,review_auto_same_club_history
Cracovia,cracovia,Skovgaard A.,andreas-skovgaard-larsen,review_auto_same_club_history
Cracovia,cracovia,Smiglewski K.,kacper-smiglewski,review_auto_same_club_history
Cracovia,cracovia,Sokołowski P.,patryk-sokoowski,review_auto_same_club_history
Cracovia,cracovia,Zaucha P.,patryk-zaucha,review_auto_same_club_history
Górnik Zabrze,gornik-zabrze,Barczak N.,norbert-barczak,review_auto_same_club_history
Górnik Zabrze,gornik-zabrze,Bielica D.,daniel-bielica,review_auto_same_club_history
Górnik Zabrze,gornik-zabrze,Chmarek M.,mateusz-chmarek,review_auto_same_club_history
Górnik Zabrze,gornik-zabrze,Czyż S.,szymon-czyz,review_auto_transfer_candidate
Górnik Zabrze,gornik-zabrze,Dadok R.,robert-dadok,review_auto_transfer_candidate
Górnik Zabrze,gornik-zabrze,Ennali L.,lawrence-ennali,review_auto_same_club_history
Górnik Zabrze,gornik-zabrze,Janicki R.,rafa-janicki,review_auto_same_club_history
Górnik Zabrze,gornik-zabrze,Janza E.,erik-janza,review_auto_same_club_history
Górnik Zabrze,gornik-zabrze,Jensen R.,richard-jensen,review_auto_same_club_history
Górnik Zabrze,gornik-zabrze,Kapralik A.,adrian-kapralik,review_auto_same_club_history
Górnik Zabrze,gornik-zabrze,Kozuki S.,soichiro-kozuki,review_auto_same_club_history
Górnik Zabrze,gornik-zabrze,Krawczyk P.,piotr-krawczyk,review_auto_same_club_history
Górnik Zabrze,gornik-zabrze,Lukoszek K.,kamil-lukoszek,review_auto_same_club_history
Górnik Zabrze,gornik-zabrze,Musiolik S.,sebastian-musiolik,review_auto_same_club_history
Górnik Zabrze,gornik-zabrze,Nascimento F.,filipe-nascimento,review_auto_same_club_history
Górnik Zabrze,gornik-zabrze,Olkowski P.,pawe-mirosaw-olkowski,review_auto_same_club_history
Górnik Zabrze,gornik-zabrze,Pacheco D.,daniel-pacheco-lobato,review_auto_same_club_history
Górnik Zabrze,gornik-zabrze,Paluszek A.,aleksander-paluszek,review_auto_transfer_candidate
Górnik Zabrze,gornik-zabrze,Podolski L.,ukasz-jozef-podolski,review_auto_same_club_history
Górnik Zabrze,gornik-zabrze,Rasak D.,damian-rasak,review_auto_same_club_history
Górnik Zabrze,gornik-zabrze,Sekulic B.,boris-sekulic,review_auto_same_club_history
Górnik Zabrze,gornik-zabrze,Siplak M.,michal-siplak,review_auto_same_club_history
Górnik Zabrze,gornik-zabrze,Szala D.,dominik-jerzy-szala,review_auto_same_club_history
Górnik Zabrze,gornik-zabrze,Szcześniak K.,kryspin-szczesniak,review_auto_same_club_history
Górnik Zabrze,gornik-zabrze,Szromnik M.,micha-szromnik,review_auto_same_club_history
Górnik Zabrze,gornik-zabrze,Tobolik A.,aleksander-tobolik,review_auto_same_club_history
Górnik Zabrze,gornik-zabrze,Triantafyllopoulos K.,konstantinos-triantafyllopoulos,review_auto_same_club_history
Górnik Zabrze,gornik-zabrze,Wojtuszek N.,norbert-wojtuszek,review_auto_same_club_history
Górnik Zabrze,gornik-zabrze,Yokota D.,daisuke-yokota,review_auto_same_club_history
Górnik Zabrze,gornik-zabrze,Zielonka N.,nikodem-zielonka,review_auto_same_club_history
Jagiellonia Białystok,jagiellonia-bialystok,Abramowicz S.,sawomir-abramowicz,review_auto_same_club_history
Jagiellonia Białystok,jagiellonia-bialystok,Alomerovic Z.,zlatan-alomerovic,review_auto_same_club_history
Jagiellonia Białystok,jagiellonia-bialystok,Caliskaner K.,kaan-caliskaner,review_auto_same_club_history
Jagiellonia Białystok,jagiellonia-bialystok,Dieguez A.,adrian-dieguez-grande,review_auto_same_club_history
Jagiellonia Białystok,jagiellonia-bialystok,Hansen K.,kristoffer-hansen,review_auto_same_club_history
Jagiellonia Białystok,jagiellonia-bialystok,Kubicki J.,jarosaw-kubicki,review_auto_same_club_history
Jagiellonia Białystok,jagiellonia-bialystok,Kupisz T.,tomasz-kupisz,review_auto_same_club_history
Jagiellonia Białystok,jagiellonia-bialystok,Lewicki J.,jakub-lewicki,review_auto_same_club_history
Jagiellonia Białystok,jagiellonia-bialystok,Marczuk D.,dominik-marczuk,review_auto_same_club_history
Jagiellonia Białystok,jagiellonia-bialystok,Matysik M.,miosz-matysik,review_auto_same_club_history
Jagiellonia Białystok,jagiellonia-bialystok,Naranjo J.,jose-naranjo,review_auto_same_club_history
Jagiellonia Białystok,jagiellonia-bialystok,Nastic B.,bojan-nastic,review_auto_same_club_history
Jagiellonia Białystok,jagiellonia-bialystok,Nguiamba A.,aurelien-thomas-nguiamba,review_auto_same_club_history
Jagiellonia Białystok,jagiellonia-bialystok,Olszewski P.,pawe-olszewski,review_auto_same_club_history
Jagiellonia Białystok,jagiellonia-bialystok,Pululu A.,afimico-pululu,review_auto_same_club_history
Jagiellonia Białystok,jagiellonia-bialystok,Romanczuk T.,taras-romanczuk,review_auto_same_club_history
Jagiellonia Białystok,jagiellonia-bialystok,Rybak A.,alan-rybak,review_auto_same_club_history
Jagiellonia Białystok,jagiellonia-bialystok,Skrzypczak M.,mateusz-skrzypczak,review_auto_same_club_history
Jagiellonia Białystok,jagiellonia-bialystok,Stojinović D.,dusan-stojinovic,review_auto_same_club_history
Jagiellonia Białystok,jagiellonia-bialystok,Toporkiewicz K.,krzysztof-toporkiewicz,review_auto_same_club_history
Jagiellonia Białystok,jagiellonia-bialystok,Wdowik B.,bartomiej-wdowik,review_auto_same_club_history
Jagiellonia Białystok,jagiellonia-bialystok,Wojdakowski D.,damian-wojdakowski,review_auto_same_club_history
Korona Kielce,korona-kielce,Briceag M.,marius-briceag,review_auto_same_club_history
Korona Kielce,korona-kielce,Bąk D.,daniel-bak,review_auto_same_club_history
Korona Kielce,korona-kielce,Błanik D.,dawid-banik,review_auto_same_club_history
Korona Kielce,korona-kielce,Chojecki A.,adam-chojecki,review_auto_same_club_history
Korona Kielce,korona-kielce,Czyżycki M.,mateusz-czyzycki,review_auto_same_club_history
Korona Kielce,korona-kielce,Dalmau A.,adrian-dalmau-vaquer,review_auto_same_club_history
Korona Kielce,korona-kielce,Deaconu R.,ronaldo-deaconu,review_auto_same_club_history
Korona Kielce,korona-kielce,Dziekoński X.,xavier-dziekonski,review_auto_same_club_history
Korona Kielce,korona-kielce,Forenc K.,konrad-forenc,review_auto_same_club_history
Korona Kielce,korona-kielce,Fornalczyk M.,mariusz-fornalczyk,review_auto_same_club_history
Korona Kielce,korona-kielce,Forsell P.,petteri-forsell,review_auto_same_club_history
Korona Kielce,korona-kielce,Godinho M.,marcus-godinho,review_auto_same_club_history
Korona Kielce,korona-kielce,Konstantyn J.,jakub-konstantyn,review_auto_same_club_history
Korona Kielce,korona-kielce,Krogstad F.,fredrik-krogstad,review_auto_same_club_history
Korona Kielce,korona-kielce,Kwiecień B.,bartosz-kwiecien,review_auto_same_club_history
Korona Kielce,korona-kielce,Malarczyk P.,piotr-malarczyk,review_auto_same_club_history
Korona Kielce,korona-kielce,Mamla R.,rafa-mamla,review_auto_same_club_history
Korona Kielce,korona-kielce,Pięczek M.,marcel-pieczek,review_auto_same_club_history
Korona Kielce,korona-kielce,Podgórski J.,jacek-podgorski,review_auto_same_club_history
Korona Kielce,korona-kielce,Remacle M.,martin-christophe-jannick-remacle,review_auto_same_club_history
Korona Kielce,korona-kielce,Shikavka Y.,evgeni-shikavka,review_auto_same_club_history
Korona Kielce,korona-kielce,Strzebonski M.,miosz-strzebonski,review_auto_same_club_history
Korona Kielce,korona-kielce,Takac D.,dalibor-takac,review_auto_same_club_history
Korona Kielce,korona-kielce,Trojak M.,miosz-trojak,review_auto_same_club_history
Korona Kielce,korona-kielce,Zator D.,dominick-lukasz-zator,review_auto_same_club_history
Korona Kielce,korona-kielce,Łukowski J.,jakub-ukowski,review_auto_same_club_history
Lech Poznań,lech-poznan,Andersson E.,nils-erik-elias-andersson,review_auto_same_club_history
Lech Poznań,lech-poznan,Ba Loua A.,adriel-ba-loua,review_auto_same_club_history
Lech Poznań,lech-poznan,Bednarek F.,filip-bednarek,review_auto_same_club_history
Lech Poznań,lech-poznan,Blazic M.,miha-blazic,review_auto_same_club_history
Lech Poznań,lech-poznan,Czerwiński A.,alan-czerwinski,review_auto_same_club_history
Lech Poznań,lech-poznan,Dagerstal F.,filip-dagerstal,review_auto_same_club_history
Lech Poznań,lech-poznan,Dziuba M.,maksymilian-dziuba,review_auto_same_club_history
Lech Poznań,lech-poznan,Gholizadeh A.,ali-gholizadeh-nojedeh,review_auto_same_club_history
Lech Poznań,lech-poznan,Gurgul M.,micha-gurgul,review_auto_same_club_history
Lech Poznań,lech-poznan,Ishak M.,mikael-ishak,review_auto_same_club_history
Lech Poznań,lech-poznan,Karlstrom J.,jesper-karlstrom,review_auto_same_club_history
Lech Poznań,lech-poznan,Lisman K.,kornel-lisman,review_auto_same_club_history
Lech Poznań,lech-poznan,Marchwiński F.,filip-marchwinski,review_auto_same_club_history
Lech Poznań,lech-poznan,Milic A.,antonio-milic,review_auto_same_club_history
Lech Poznań,lech-poznan,Monka W.,wojciech-monka,review_auto_same_club_history
Lech Poznań,lech-poznan,Mrozek B.,bartosz-mrozek,review_auto_same_club_history
Lech Poznań,lech-poznan,Murawski R.,radosaw-pawe-murawski,review_auto_same_club_history
Lech Poznań,lech-poznan,Pereira J.,joel-vieira-pereira,review_auto_same_club_history
Lech Poznań,lech-poznan,Pingot M.,maksymilian-pingot,review_auto_same_club_history
Lech Poznań,lech-poznan,Salamon B.,bartosz-salamon,review_auto_same_club_history
Lech Poznań,lech-poznan,Sobiech A.,artur-sobiech,review_auto_same_club_history
Lech Poznań,lech-poznan,Sousa A.,afonso-gamelas-de-pinho-sousa,review_auto_same_club_history
Lech Poznań,lech-poznan,Szymczak F.,filip-szymczak,review_auto_same_club_history
Lech Poznań,lech-poznan,Velde K.,kristoffer-velde,review_auto_same_club_history
Lech Poznań,lech-poznan,Wilak F.,filip-wilak,review_auto_transfer_candidate
Legia Warszawa,legia-warszawa,Augustyniak R.,rafa-sylwester-augustyniak,review_auto_same_club_history
Legia Warszawa,legia-warszawa,Baku M.,makana-baku,review_auto_same_club_history
Legia Warszawa,legia-warszawa,Burch M.,marco-burch,review_auto_same_club_history
Legia Warszawa,legia-warszawa,Celhaka J.,jurgen-celhaka,review_auto_same_club_history
Legia Warszawa,legia-warszawa,Elitim J.,juergen-farid-elitim-sepulveda,review_auto_same_club_history
Legia Warszawa,legia-warszawa,Gil Dias,gil-dias,review_auto_same_club_history
Legia Warszawa,legia-warszawa,Gual M.,marc-gual-huguet,review_auto_same_club_history
Legia Warszawa,legia-warszawa,Hładun D.,dominik-hadun,review_auto_same_club_history
Legia Warszawa,legia-warszawa,Josue,josue-pesqueira,manual_accept_review_needed
Legia Warszawa,legia-warszawa,Jędrzejczyk A.,artur-marcin-jedrzejczyk,review_auto_same_club_history
Legia Warszawa,legia-warszawa,Kapuadi S.,steve-nkanu-kapuadi,review_auto_same_club_history
Legia Warszawa,legia-warszawa,Kapustka B.,bartosz-kapustka,review_auto_same_club_history
Legia Warszawa,legia-warszawa,Kobylak G.,gabriel-kobylak,review_auto_same_club_history
Legia Warszawa,legia-warszawa,Kramer B.,blaz-kramer,review_auto_same_club_history
Legia Warszawa,legia-warszawa,Kun P.,patryk-kun,review_auto_same_club_history
Legia Warszawa,legia-warszawa,Morishita R.,ryoya-morishita,review_auto_same_club_history
Legia Warszawa,legia-warszawa,Muci E.,ernest-muci,review_auto_same_club_history
Legia Warszawa,legia-warszawa,Pankov R.,radovan-pankov,review_auto_same_club_history
Legia Warszawa,legia-warszawa,Pekhart T.,tomas-pekhart,review_auto_same_club_history
Legia Warszawa,legia-warszawa,Rejczyk F.,filip-rejczyk,review_auto_same_club_history
Legia Warszawa,legia-warszawa,Ribeiro Y.,yuri-ribeiro,review_auto_same_club_history
Legia Warszawa,legia-warszawa,Rose L.,lindsay-rose,review_auto_same_club_history
Legia Warszawa,legia-warszawa,Rosołek M.,maciej-rosoek,review_auto_same_club_history
Legia Warszawa,legia-warszawa,Slisz B.,bartosz-slisz,review_auto_same_club_history
Legia Warszawa,legia-warszawa,Sokołowski P.,patryk-sokoowski,review_auto_same_club_history
Legia Warszawa,legia-warszawa,Strzałek I.,igor-strzaek,review_auto_same_club_history
Legia Warszawa,legia-warszawa,Szczepaniak M.,mateusz-szczepaniak,review_auto_same_club_history
Legia Warszawa,legia-warszawa,Tobiasz K.,kacper-tobiasz,review_auto_same_club_history
Legia Warszawa,legia-warszawa,Urbański W.,wojciech-urbanski,review_auto_same_club_history
Legia Warszawa,legia-warszawa,Wszołek P.,pawe-marek-wszoek,review_auto_same_club_history
Legia Warszawa,legia-warszawa,Ziółkowski J.,jan-ziokowski,review_auto_same_club_history
Piast Gliwice,piast-gliwice,Ameyaw M.,michael-ameyaw,review_auto_same_club_history
Piast Gliwice,piast-gliwice,Bykowski M.,marcel-bykowski,review_auto_same_club_history
Piast Gliwice,piast-gliwice,Chrapek M.,micha-ukasz-chrapek,review_auto_same_club_history
Piast Gliwice,piast-gliwice,Czerwiński J.,jakub-czerwinski,review_auto_same_club_history
Piast Gliwice,piast-gliwice,Dziczek P.,patryk-dziczek,review_auto_same_club_history
Piast Gliwice,piast-gliwice,Felix J.,jorge-felix-munoz-garcia,review_auto_same_club_history
Piast Gliwice,piast-gliwice,Hateley T.,thomas-nathan-hateley,review_auto_same_club_history
Piast Gliwice,piast-gliwice,Holubek J.,jakub-holubek,review_auto_same_club_history
Piast Gliwice,piast-gliwice,Huk T.,tomas-huk,review_auto_same_club_history
Piast Gliwice,piast-gliwice,Karbowy F.,filip-karbowy,review_auto_same_club_history
Piast Gliwice,piast-gliwice,Katranis A.,alexandros-katranis,review_auto_same_club_history
Piast Gliwice,piast-gliwice,Kirejczyk G.,gabriel-kirejczyk,review_auto_same_club_history
Piast Gliwice,piast-gliwice,Kostadinov T.,tihomir-kostadinov,review_auto_same_club_history
Piast Gliwice,piast-gliwice,Krykun S.,serhij-krykun,review_auto_same_club_history
Piast Gliwice,piast-gliwice,Kądzior D.,damian-kadzior,review_auto_same_club_history
Piast Gliwice,piast-gliwice,Leśniak O.,oskar-lesniak,review_auto_same_club_history
Piast Gliwice,piast-gliwice,Liszewski P.,piotr-liszewski,review_auto_same_club_history
Piast Gliwice,piast-gliwice,Mokwa T.,tomasz-mokwa,review_auto_same_club_history
Piast Gliwice,piast-gliwice,Mosór A.,ariel-pawe-mosor,review_auto_same_club_history
Piast Gliwice,piast-gliwice,Piasecki F.,fabian-piasecki,review_auto_same_club_history
Piast Gliwice,piast-gliwice,Plach F.,frantisek-plach,review_auto_same_club_history
Piast Gliwice,piast-gliwice,Pyrka A.,arkadiusz-pyrka,review_auto_same_club_history
Piast Gliwice,piast-gliwice,Szczepański M.,miosz-szczepanski,review_auto_same_club_history
Piast Gliwice,piast-gliwice,Szymański K.,karol-szymanski,review_auto_same_club_history
Piast Gliwice,piast-gliwice,Tomasiewicz G.,grzegorz-tomasiewicz,review_auto_same_club_history
Piast Gliwice,piast-gliwice,Urbański P.,piotr-urbanski,review_auto_same_club_history
Piast Gliwice,piast-gliwice,Wilczek K.,kamil-wilczek,review_auto_same_club_history
Pogoń Szczecin,pogon-szczecin,Bichakhchyan V.,vahan-bichakhchyan,review_auto_same_club_history
Pogoń Szczecin,pogon-szczecin,Cojocaru V.,valentin-alexandru-cojocaru,review_auto_same_club_history
Pogoń Szczecin,pogon-szczecin,Fornalczyk M.,mariusz-fornalczyk,review_auto_same_club_history
Pogoń Szczecin,pogon-szczecin,Gamboa J.,joao-pedro-da-costa-gamboa,review_auto_same_club_history
Pogoń Szczecin,pogon-szczecin,Gorgon A.,alexander-gorgon,review_auto_same_club_history
Pogoń Szczecin,pogon-szczecin,Grosicki K.,kamil-pawe-grosicki,review_auto_same_club_history
Pogoń Szczecin,pogon-szczecin,Klebaniuk B.,bartosz-klebaniuk,review_auto_same_club_history
Pogoń Szczecin,pogon-szczecin,Korczakowski O.,olaf-korczakowski,review_auto_same_club_history
Pogoń Szczecin,pogon-szczecin,Koulouris E.,efthymios-koulouris,review_auto_same_club_history
Pogoń Szczecin,pogon-szczecin,Koutris L.,leonardo-pablo-koutris,review_auto_same_club_history
Pogoń Szczecin,pogon-szczecin,Kowalczyk S.,sebastian-oskar-kowalczyk,review_auto_same_club_history
Pogoń Szczecin,pogon-szczecin,Kurzawa R.,rafa-maciej-kurzawa,review_auto_same_club_history
Pogoń Szczecin,pogon-szczecin,Lisowski W.,wojciech-lisowski,review_auto_same_club_history
Pogoń Szczecin,pogon-szczecin,Loncar D.,danijel-loncar,review_auto_same_club_history
Pogoń Szczecin,pogon-szczecin,Malec M.,mariusz-malec,review_auto_same_club_history
Pogoń Szczecin,pogon-szczecin,Paryzek P.,patryk-paryzek,review_auto_same_club_history
Pogoń Szczecin,pogon-szczecin,Przyborek A.,adrian-przyborek,review_auto_same_club_history
Pogoń Szczecin,pogon-szczecin,Rostami Y.,yadegar-rostami,review_auto_transfer_candidate
Pogoń Szczecin,pogon-szczecin,Smoliński K.,kacper-smolinski,review_auto_same_club_history
Pogoń Szczecin,pogon-szczecin,Stipica D.,dante-stipica,review_auto_transfer_candidate
Pogoń Szczecin,pogon-szczecin,Stolarski P.,pawe-stolarski,review_auto_same_club_history
Pogoń Szczecin,pogon-szczecin,Ulvestad F.,fredrik-stense-ulvestad,review_auto_same_club_history
Pogoń Szczecin,pogon-szczecin,Wahlqvist L.,rolf-linus-wahlqvist-egnell,review_auto_same_club_history
Pogoń Szczecin,pogon-szczecin,Wawrzynowicz S.,stanisaw-wawrzynowicz,review_auto_same_club_history
Pogoń Szczecin,pogon-szczecin,Wędrychowski M.,marcel-wedrychowski,review_auto_same_club_history
Pogoń Szczecin,pogon-szczecin,Zahovic L.,luka-zahovic,review_auto_same_club_history
Pogoń Szczecin,pogon-szczecin,Zech B.,benedikt-zech,review_auto_same_club_history
Pogoń Szczecin,pogon-szczecin,Łęgowski M.,mateusz-egowski,review_auto_same_club_history
Puszcza Niepołomice,puszcza-niepolomice,Bartosz J.,jakub-bartosz,review_auto_same_club_history
Puszcza Niepołomice,puszcza-niepolomice,Cholewiak M.,mateusz-cholewiak,review_auto_same_club_history
Puszcza Niepołomice,puszcza-niepolomice,Cichon K.,kacper-cichon,review_auto_same_club_history
Puszcza Niepołomice,puszcza-niepolomice,Craciun A.,artur-craciun,review_auto_same_club_history
Puszcza Niepołomice,puszcza-niepolomice,Gil F.,filip-gil,review_auto_same_club_history
Puszcza Niepołomice,puszcza-niepolomice,Hajda W.,wojciech-hajda,review_auto_same_club_history
Puszcza Niepołomice,puszcza-niepolomice,Kidric R.,rok-kidric-1,review_auto_same_club_history
Puszcza Niepołomice,puszcza-niepolomice,Klisiewicz L.,lucjan-klisiewicz,review_auto_same_club_history
Puszcza Niepołomice,puszcza-niepolomice,Koj M.,micha-koj,review_auto_same_club_history
Puszcza Niepołomice,puszcza-niepolomice,Komar K.,kewin-komar,review_auto_same_club_history
Puszcza Niepołomice,puszcza-niepolomice,Kramarz A.,adam-kramarz,review_auto_same_club_history
Puszcza Niepołomice,puszcza-niepolomice,Lee Jin-Hyun,jin-hyun-lee,manual_accept_review_needed
Puszcza Niepołomice,puszcza-niepolomice,Majchrzak J.,jordan-aleksander-majchrzak,review_auto_same_club_history
Puszcza Niepołomice,puszcza-niepolomice,Mesanovic M.,muris-mesanovic,review_auto_same_club_history
Puszcza Niepołomice,puszcza-niepolomice,Mroziński P.,piotr-mrozinski,review_auto_same_club_history
Puszcza Niepołomice,puszcza-niepolomice,Pieprzyca I.,igor-pieprzyca,review_auto_same_club_history
Puszcza Niepołomice,puszcza-niepolomice,Pięczek M.,marcel-pieczek,review_auto_same_club_history
Puszcza Niepołomice,puszcza-niepolomice,Poczobut B.,bartomiej-poczobut,review_auto_same_club_history
Puszcza Niepołomice,puszcza-niepolomice,Revenco I.,ioan-calin-revenco-1,review_auto_same_club_history
Puszcza Niepołomice,puszcza-niepolomice,Serafin J.,jakub-serafin,review_auto_same_club_history
Puszcza Niepołomice,puszcza-niepolomice,Siemaszko A.,artur-siemaszko,review_auto_same_club_history
Puszcza Niepołomice,puszcza-niepolomice,Sołowiej L.,ukasz-soowiej,review_auto_same_club_history
Puszcza Niepołomice,puszcza-niepolomice,Stec J.,jakub-stec,review_auto_same_club_history
Puszcza Niepołomice,puszcza-niepolomice,Stępień K.,konrad-stepien,review_auto_same_club_history
Puszcza Niepołomice,puszcza-niepolomice,Thiago,thiago-rodrigues-de-souza,manual_accept_review_needed
Puszcza Niepołomice,puszcza-niepolomice,Tomalski H.,hubert-tomalski,review_auto_same_club_history
Puszcza Niepołomice,puszcza-niepolomice,Walski M.,micha-walski,review_auto_same_club_history
Puszcza Niepołomice,puszcza-niepolomice,Wojcinowicz T.,tomasz-wojcinowicz,review_auto_same_club_history
Puszcza Niepołomice,puszcza-niepolomice,Wroblewski K.,krzysztof-wroblewski,review_auto_same_club_history
Puszcza Niepołomice,puszcza-niepolomice,Yakuba R.,roman-yakuba,review_auto_same_club_history
Puszcza Niepołomice,puszcza-niepolomice,Zapolnik K.,kamil-zapolnik,review_auto_same_club_history
Puszcza Niepołomice,puszcza-niepolomice,Zych O.,oliwier-zych,review_auto_same_club_history
Radomiak Radom,radomiak-radom,Abramowicz D.,dawid-abramowicz,review_auto_same_club_history
Radomiak Radom,radomiak-radom,Alves R.,roberto-emanuel-oliveira-alves,review_auto_same_club_history
Radomiak Radom,radomiak-radom,Bąkowski K.,krzysztof-maciej-bakowski,review_auto_same_club_history
Radomiak Radom,radomiak-radom,Castaneda F.,frank-castaneda,review_auto_same_club_history
Radomiak Radom,radomiak-radom,Cayarga B.,alberto-cayarga,review_auto_same_club_history
Radomiak Radom,radomiak-radom,Cichocki M.,mateusz-cichocki,review_auto_same_club_history
Radomiak Radom,radomiak-radom,Donis C.,christos-donis,review_auto_same_club_history
Radomiak Radom,radomiak-radom,Grzesik J.,jan-grzesik,review_auto_same_club_history
Radomiak Radom,radomiak-radom,Guilherme,guilherme-da-gama-zimovski,manual_accept_review_needed
Radomiak Radom,radomiak-radom,Jakubik D.,damian-jakubik,review_auto_same_club_history
Radomiak Radom,radomiak-radom,Jordao B.,bruno-andre-cavaco-jordao,review_auto_same_club_history
Radomiak Radom,radomiak-radom,Kaput M.,micha-kaput,review_auto_same_club_history
Radomiak Radom,radomiak-radom,Kobylak G.,gabriel-kobylak,review_auto_transfer_candidate
Radomiak Radom,radomiak-radom,Koptas W.,wiktor-koptas,review_auto_same_club_history
Radomiak Radom,radomiak-radom,Leandro,leandro-rossi-pereira,manual_accept_review_needed
Radomiak Radom,radomiak-radom,Machado L.,luis-machado,review_auto_same_club_history
Radomiak Radom,radomiak-radom,Majchrowicz F.,filip-majchrowicz,review_auto_same_club_history
Radomiak Radom,radomiak-radom,Matos T.,tiago-matos,review_auto_same_club_history
Radomiak Radom,radomiak-radom,Okoniewski K.,krystian-okoniewski,review_auto_same_club_history
Radomiak Radom,radomiak-radom,Pedro H.,pedro-henrique-alves-de-almeida,review_auto_same_club_history
Radomiak Radom,radomiak-radom,Peglow,joao-peglow,review_auto_same_club_history
Radomiak Radom,radomiak-radom,Pik D.,daniel-pik,review_auto_same_club_history
Radomiak Radom,radomiak-radom,Rocha L.,leonardo-miramar-rocha,review_auto_same_club_history
Radomiak Radom,radomiak-radom,Rossi R.,leandro-rossi-pereira,manual_accept_review_needed
Radomiak Radom,radomiak-radom,Semedo E.,lisandro-pedro-varela-semedo,review_auto_same_club_history
Radomiak Radom,radomiak-radom,Semedo L.,lisandro-pedro-varela-semedo,review_auto_same_club_history
Radomiak Radom,radomiak-radom,Snopczynski J.,jakub-snopczynski,review_auto_same_club_history
Radomiak Radom,radomiak-radom,Vagner,vagner-dias,manual_accept_review_needed
Radomiak Radom,radomiak-radom,Vuskovic L.,luka-vuskovic,review_auto_same_club_history
Radomiak Radom,radomiak-radom,Wolski R.,rafa-wolski,review_auto_same_club_history
Raków Częstochowa,rakow-czestochowa,Arsenić Z.,zoran-arsenic,review_auto_same_club_history
Raków Częstochowa,rakow-czestochowa,Barath P.,peter-barath,review_auto_same_club_history
Raków Częstochowa,rakow-czestochowa,Berggren G.,karl-gustav-vilhelm-berggren,review_auto_same_club_history
Raków Częstochowa,rakow-czestochowa,Bieszczad K.,kacper-bieszczad,review_auto_same_club_history
Raków Częstochowa,rakow-czestochowa,Cebula M.,marcin-cebula,review_auto_same_club_history
Raków Częstochowa,rakow-czestochowa,Crnac A.,ante-crnac,review_auto_same_club_history
Raków Częstochowa,rakow-czestochowa,Czyż S.,szymon-czyz,review_auto_transfer_candidate
Raków Częstochowa,rakow-czestochowa,Dominguez M.,maxime-dominguez,review_auto_transfer_candidate
Raków Częstochowa,rakow-czestochowa,Drachal D.,dawid-drachal,review_auto_same_club_history
Raków Częstochowa,rakow-czestochowa,Kittel S.,sonny-kittel,review_auto_same_club_history
Raków Częstochowa,rakow-czestochowa,Kochergin V.,vladyslav-kochergin,review_auto_same_club_history
Raków Częstochowa,rakow-czestochowa,Kovacevic A.,adnan-kovacevic,review_auto_same_club_history
Raków Częstochowa,rakow-czestochowa,Kuciak D.,dusan-kuciak,review_auto_same_club_history
Raków Częstochowa,rakow-czestochowa,López I.,ivan-lopez-alvarez,review_auto_same_club_history
Raków Częstochowa,rakow-czestochowa,Malamis P.,patryk-malamis,review_auto_same_club_history
Raków Częstochowa,rakow-czestochowa,Myszor J.,jakub-myszor,review_auto_same_club_history
Raków Częstochowa,rakow-czestochowa,Nowak B.,bartosz-nowak,review_auto_same_club_history
Raków Częstochowa,rakow-czestochowa,Otieno E.,erick-ouma-otieno,review_auto_same_club_history
Raków Częstochowa,rakow-czestochowa,Papanikolaou G.,giannis-papanikolaou,review_auto_same_club_history
Raków Częstochowa,rakow-czestochowa,Pestka K.,kamil-pestka,review_auto_same_club_history
Raków Częstochowa,rakow-czestochowa,Piasecki F.,fabian-piasecki,review_auto_transfer_candidate
Raków Częstochowa,rakow-czestochowa,Plavsic S.,sran-plavsic,review_auto_same_club_history
Raków Częstochowa,rakow-czestochowa,Racovitan B.,bogdan-racovitan,review_auto_same_club_history
Raków Częstochowa,rakow-czestochowa,Rodin M.,matej-rodin,review_auto_same_club_history
Raków Częstochowa,rakow-czestochowa,Rundić M.,milan-rundic-1,review_auto_same_club_history
Raków Częstochowa,rakow-czestochowa,Sahinovic M.,muhamed-sahinovic,review_auto_same_club_history
Raków Częstochowa,rakow-czestochowa,Silva J. C.,jean-carlos-silva-rocha,manual_accept_review_needed
Raków Częstochowa,rakow-czestochowa,Sorescu D.,deian-sorescu,review_auto_same_club_history
Raków Częstochowa,rakow-czestochowa,Svarnas S.,efstratios-svarnas,review_auto_same_club_history
Raków Częstochowa,rakow-czestochowa,Tsiftsis A.,antonios-tsiftsis,review_auto_same_club_history
Raków Częstochowa,rakow-czestochowa,Tudor F.,fran-tudor,review_auto_same_club_history
Raków Częstochowa,rakow-czestochowa,Walczak T.,tomasz-walczak,review_auto_same_club_history
Raków Częstochowa,rakow-czestochowa,Wdowiak M.,mateusz-wdowiak,review_auto_transfer_candidate
Raków Częstochowa,rakow-czestochowa,Zwoliński Ł.,ukasz-zwolinski,review_auto_same_club_history
Ruch Chorzów,ruch-chorzow,Baranowski P.,pawe-baranowski,review_auto_same_club_history
Ruch Chorzów,ruch-chorzow,Baranski B.,bartomiej-pawe-baranski,review_auto_same_club_history
Ruch Chorzów,ruch-chorzow,Bartolewski M.,mateusz-bartolewski,review_auto_same_club_history
Ruch Chorzów,ruch-chorzow,Bielecki J.,jakub-bielecki,review_auto_same_club_history
Ruch Chorzów,ruch-chorzow,Buchalik M.,micha-buchalik,review_auto_same_club_history
Ruch Chorzów,ruch-chorzow,Dadok R.,robert-dadok,review_auto_same_club_history
Ruch Chorzów,ruch-chorzow,Długosz W.,wiktor-dugosz,review_auto_same_club_history
Ruch Chorzów,ruch-chorzow,Feliks M.,micha-feliks,review_auto_same_club_history
Ruch Chorzów,ruch-chorzow,Foszmanczyk T.,tomasz-foszmanczyk,review_auto_same_club_history
Ruch Chorzów,ruch-chorzow,Huras M.,mike-huras,review_auto_same_club_history
Ruch Chorzów,ruch-chorzow,Kamiński K.,krzysztof-kaminski,review_auto_same_club_history
Ruch Chorzów,ruch-chorzow,Kasolik K.,konrad-kasolik,review_auto_same_club_history
Ruch Chorzów,ruch-chorzow,Kozak M.,miosz-kozak,review_auto_same_club_history
Ruch Chorzów,ruch-chorzow,Letniowski J.,juliusz-letniowski,review_auto_same_club_history
Ruch Chorzów,ruch-chorzow,Michalski K.,kacper-michalski,review_auto_same_club_history
Ruch Chorzów,ruch-chorzow,Moneta L.,ukasz-moneta,review_auto_same_club_history
Ruch Chorzów,ruch-chorzow,Novothny S.,soma-novothny,review_auto_same_club_history
Ruch Chorzów,ruch-chorzow,Plaskowski A.,artur-plaskowski,review_auto_same_club_history
Ruch Chorzów,ruch-chorzow,Sadlok M.,maciej-sadlok,review_auto_same_club_history
Ruch Chorzów,ruch-chorzow,Sedlak J.,jan-sedlak,review_auto_same_club_history
Ruch Chorzów,ruch-chorzow,Sikora P.,patryk-sikora,review_auto_same_club_history
Ruch Chorzów,ruch-chorzow,Skwierczyński K.,kacper-skwierczynski,review_auto_same_club_history
Ruch Chorzów,ruch-chorzow,Starzyński F.,filip-starzynski,review_auto_same_club_history
Ruch Chorzów,ruch-chorzow,Steczyk D.,dominik-steczyk,review_auto_same_club_history
Ruch Chorzów,ruch-chorzow,Stipica D.,dante-stipica,review_auto_same_club_history
Ruch Chorzów,ruch-chorzow,Swędrowski T.,tomasz-swedrowski,review_auto_same_club_history
Ruch Chorzów,ruch-chorzow,Szczepan D.,daniel-szczepan,review_auto_same_club_history
Ruch Chorzów,ruch-chorzow,Szur P.,przemysaw-szur,review_auto_same_club_history
Ruch Chorzów,ruch-chorzow,Szymański S.,szymon-szymanski,review_auto_same_club_history
Ruch Chorzów,ruch-chorzow,Szywacz R.,remigiusz-szywacz,review_auto_same_club_history
Ruch Chorzów,ruch-chorzow,Vlkanova A.,adam-vlkanova,review_auto_same_club_history
Ruch Chorzów,ruch-chorzow,Wilak F.,filip-wilak,review_auto_same_club_history
Ruch Chorzów,ruch-chorzow,Wójtowicz T.,tomasz-wojtowicz,review_auto_same_club_history
Stal Mielec,stal-mielec,Cetnar A.,alex-cetnar,review_auto_same_club_history
Stal Mielec,stal-mielec,Domański M.,maciej-domanski,review_auto_same_club_history
Stal Mielec,stal-mielec,Esselink B.,bert-esselink,review_auto_same_club_history
Stal Mielec,stal-mielec,Gerstenstein L.,ukasz-gerstenstein,review_auto_same_club_history
Stal Mielec,stal-mielec,Getinger K.,krystian-getinger,review_auto_same_club_history
Stal Mielec,stal-mielec,Gheorghe I.,ion-gheorghe,review_auto_same_club_history
Stal Mielec,stal-mielec,Guillaumier M.,matthew-guillaumier,review_auto_same_club_history
Stal Mielec,stal-mielec,Hinokio K.,koki-hinokio,review_auto_same_club_history
Stal Mielec,stal-mielec,Jaunzems A.,alvis-jaunzems,review_auto_same_club_history
Stal Mielec,stal-mielec,Jałocha K.,konrad-jaocha,review_auto_same_club_history
Stal Mielec,stal-mielec,Kochalski M.,mateusz-kochalski,review_auto_same_club_history
Stal Mielec,stal-mielec,Maj P.,przemysaw-maj,review_auto_same_club_history
Stal Mielec,stal-mielec,Matras M.,mateusz-matras,review_auto_same_club_history
Stal Mielec,stal-mielec,Meriluoto K.,kai-meriluoto,review_auto_same_club_history
Stal Mielec,stal-mielec,Pajnowski K.,kamil-pajnowski,review_auto_same_club_history
Stal Mielec,stal-mielec,Pingot M.,maksymilian-pingot,review_auto_same_club_history
Stal Mielec,stal-mielec,Shkurin I.,ilya-shkurin,review_auto_same_club_history
Stal Mielec,stal-mielec,Strzałek I.,igor-strzaek,review_auto_transfer_candidate
Stal Mielec,stal-mielec,Stępień M.,mateusz-stepien,review_auto_same_club_history
Stal Mielec,stal-mielec,Trabka M.,micha-trabka,review_auto_same_club_history
Stal Mielec,stal-mielec,Wlazło P.,piotr-wlazo,review_auto_same_club_history
Stal Mielec,stal-mielec,Wolsztyński Ł.,ukasz-wolsztynski,review_auto_same_club_history
Stal Mielec,stal-mielec,Wołkowicz K.,krzysztof-wokowicz,review_auto_same_club_history
Warta Poznań,warta-poznan,Bartkowski J.,jakub-bartkowski,review_auto_same_club_history
Warta Poznań,warta-poznan,Borowski F.,filip-borowski,review_auto_same_club_history
Warta Poznań,warta-poznan,Eppel M.,marton-eppel-1,review_auto_same_club_history
Warta Poznań,warta-poznan,Grobelny J.,jedrzej-grobelny,review_auto_same_club_history
Warta Poznań,warta-poznan,Kamiński W.,wiktor-kaminski,review_auto_same_club_history
Warta Poznań,warta-poznan,Kiełb J.,jakub-kieb,review_auto_same_club_history
Warta Poznań,warta-poznan,Kopczyński M.,micha-kopczynski,review_auto_same_club_history
Warta Poznań,warta-poznan,Krzyżak O.,oskar-krzyzak,review_auto_same_club_history
Warta Poznań,warta-poznan,Kupczak M.,mateusz-kupczak,review_auto_same_club_history
Warta Poznań,warta-poznan,Lis A.,adrian-lis,review_auto_same_club_history
Warta Poznań,warta-poznan,Luis M.,miguel-luis,review_auto_same_club_history
Warta Poznań,warta-poznan,Maenpaa N.,niilo-maenpaa,review_auto_same_club_history
Warta Poznań,warta-poznan,Matuszewski K.,konrad-matuszewski,review_auto_same_club_history
Warta Poznań,warta-poznan,Mezghrani M.,mohamed-mezghrani,review_auto_same_club_history
Warta Poznań,warta-poznan,Paszkowski J.,jakub-paszkowski,review_auto_same_club_history
Warta Poznań,warta-poznan,Pleśnierowicz W.,wiktor-plesnierowicz,review_auto_same_club_history
Warta Poznań,warta-poznan,Prikryl T.,tomas-prikryl,review_auto_same_club_history
Warta Poznań,warta-poznan,Rychlik P.,patryk-rychlik,review_auto_same_club_history
Warta Poznań,warta-poznan,Sangowski J.,jakub-sangowski,review_auto_same_club_history
Warta Poznań,warta-poznan,Savic S.,stefan-savic,review_auto_same_club_history
Warta Poznań,warta-poznan,Stavropoulos D.,dimitrios-stavropoulos,review_auto_same_club_history
Warta Poznań,warta-poznan,Szmyt K.,kajetan-szmyt,review_auto_same_club_history
Warta Poznań,warta-poznan,Szymonowicz D.,dawid-szymonowicz,review_auto_same_club_history
Warta Poznań,warta-poznan,Tiru B.,bogdan-tiru,review_auto_same_club_history
Warta Poznań,warta-poznan,Tonder F.,filip-tonder,review_auto_same_club_history
Warta Poznań,warta-poznan,Vizinger D.,dario-vizinger,review_auto_same_club_history
Warta Poznań,warta-poznan,Wajman J.,jakub-wajman,review_auto_same_club_history
Warta Poznań,warta-poznan,Zrelak A.,adam-zrelak,review_auto_same_club_history
Warta Poznań,warta-poznan,Żurawski M.,maciej-zurawski,review_auto_same_club_history
Widzew Łódź,widzew-lodz,Alvarez F.,francisco-javier-alvarez-rodriguez,review_auto_same_club_history
Widzew Łódź,widzew-lodz,Ciganiks A.,andrejs-ciganiks,review_auto_same_club_history
Widzew Łódź,widzew-lodz,Cybulski K.,kamil-cybulski,review_auto_same_club_history
Widzew Łódź,widzew-lodz,Dawid I.,ignacy-dawid,review_auto_same_club_history
Widzew Łódź,widzew-lodz,Diliberto N.,noah-diliberto-1,review_auto_same_club_history
Widzew Łódź,widzew-lodz,Gikiewicz R.,rafa-tadeusz-gikiewicz,review_auto_same_club_history
Widzew Łódź,widzew-lodz,Hanousek Mar.,marek-hanousek,review_auto_same_club_history
Widzew Łódź,widzew-lodz,Hansen K.,kristoffer-hansen,review_auto_transfer_candidate
Widzew Łódź,widzew-lodz,Kerk S.,sebastian-kerk,review_auto_same_club_history
Widzew Łódź,widzew-lodz,Klimek A.,antoni-klimek,review_auto_same_club_history
Widzew Łódź,widzew-lodz,Krzywanski J.,jan-krzywanski,review_auto_same_club_history
Widzew Łódź,widzew-lodz,Kun D.,dominik-kun,review_auto_same_club_history
Widzew Łódź,widzew-lodz,Kwiatkowski P.,pawe-kwiatkowski,review_auto_same_club_history
Widzew Łódź,widzew-lodz,Milos M.,mato-milos,review_auto_same_club_history
Widzew Łódź,widzew-lodz,Nunes F.,fabio-nunes,review_auto_same_club_history
Widzew Łódź,widzew-lodz,Pawłowski B.,bartomiej-radosaw-pawowski,review_auto_same_club_history
Widzew Łódź,widzew-lodz,Ravas H.,henrich-ravas,review_auto_same_club_history
Widzew Łódź,widzew-lodz,Rondic I.,imad-rondic,review_auto_same_club_history
Widzew Łódź,widzew-lodz,Sanchez J.,jordi-sanchez-ribas,review_auto_same_club_history
Widzew Łódź,widzew-lodz,Shehu J.,juljan-shehu,review_auto_same_club_history
Widzew Łódź,widzew-lodz,Silva L.,luis-silva,review_auto_same_club_history
Widzew Łódź,widzew-lodz,Stepinski P.,patryk-stepinski,review_auto_same_club_history
Widzew Łódź,widzew-lodz,Szota S.,serafin-jan-szota,review_auto_same_club_history
Widzew Łódź,widzew-lodz,Terpiłowski E.,ernest-terpiowski,review_auto_same_club_history
Widzew Łódź,widzew-lodz,Tkacz D.,dawid-tkacz,review_auto_same_club_history
Widzew Łódź,widzew-lodz,Zieliński P.,pawe-zielinski,review_auto_same_club_history
Widzew Łódź,widzew-lodz,Żyro M.,mateusz-zyro,review_auto_same_club_history
Zagłębie Lubin,zagebie-lubin,Bohar D.,damjan-bohar,review_auto_same_club_history
Zagłębie Lubin,zagebie-lubin,Buletsa S.,serhii-buletsa,review_auto_same_club_history
Zagłębie Lubin,zagebie-lubin,Buric J.,jasmin-buric,review_auto_same_club_history
Zagłębie Lubin,zagebie-lubin,Chodyna K.,kacper-chodyna,review_auto_same_club_history
Zagłębie Lubin,zagebie-lubin,Dioudis S.,sokratis-dioudis,review_auto_same_club_history
Zagłębie Lubin,zagebie-lubin,Dąbrowski D.,damian-dabrowski,review_auto_same_club_history
Zagłębie Lubin,zagebie-lubin,Gaprindashvili T.,tornike-gaprindashvili,review_auto_same_club_history
Zagłębie Lubin,zagebie-lubin,Grzybek M.,mateusz-grzybek,review_auto_same_club_history
Zagłębie Lubin,zagebie-lubin,Kirkeskov M.,mikkel-kirkeskov,review_auto_same_club_history
Zagłębie Lubin,zagebie-lubin,Kocaba F.,filip-kocaba,review_auto_same_club_history
Zagłębie Lubin,zagebie-lubin,Kopacz B.,bartosz-kopacz,review_auto_same_club_history
Zagłębie Lubin,zagebie-lubin,Kruk K.,kamil-kruk,review_auto_same_club_history
Zagłębie Lubin,zagebie-lubin,Kurminowski D.,dawid-kurminowski,review_auto_same_club_history
Zagłębie Lubin,zagebie-lubin,Kusztal P.,patryk-kusztal,review_auto_same_club_history
Zagłębie Lubin,zagebie-lubin,Kłudka B.,bartomiej-kudka,review_auto_same_club_history
Zagłębie Lubin,zagebie-lubin,Makowski T.,tomasz-makowski,review_auto_same_club_history
Zagłębie Lubin,zagebie-lubin,Mata L.,luis-mata,review_auto_same_club_history
Zagłębie Lubin,zagebie-lubin,Mróz M.,marek-mroz,review_auto_same_club_history
Zagłębie Lubin,zagebie-lubin,Munoz J.,juan-munoz,review_auto_same_club_history
Zagłębie Lubin,zagebie-lubin,Nalepa M.,micha-jan-nalepa,review_auto_same_club_history
Zagłębie Lubin,zagebie-lubin,Orlikowski I.,igor-orlikowski,review_auto_same_club_history
Zagłębie Lubin,zagebie-lubin,Pieńko T.,tomasz-pienko,review_auto_same_club_history
Zagłębie Lubin,zagebie-lubin,Poletanovic M.,marko-poletanovic,review_auto_same_club_history
Zagłębie Lubin,zagebie-lubin,Wdowiak M.,mateusz-wdowiak,review_auto_same_club_history
Zagłębie Lubin,zagebie-lubin,Weirauch S.,szymon-weirauch,review_auto_same_club_history
Zagłębie Lubin,zagebie-lubin,Woźniak A.,arkadiusz-wozniak,review_auto_same_club_history
Zagłębie Lubin,zagebie-lubin,Ławniczak A.,aleks-awniczak,review_auto_same_club_history
ŁKS Łódź,lks-lodz,Arndt D.,dawid-arndt,review_auto_same_club_history
ŁKS Łódź,lks-lodz,Bakowicz M.,mateusz-bakowicz,review_auto_same_club_history
ŁKS Łódź,lks-lodz,Balic H.,husein-balic,review_auto_same_club_history
ŁKS Łódź,lks-lodz,Bobek A.,aleksander-bobek,review_auto_same_club_history
ŁKS Łódź,lks-lodz,Ceijas T.,thiago-ceijas,review_auto_same_club_history
ŁKS Łódź,lks-lodz,Dani Ramirez,dani-ramirez,review_auto_same_club_history
ŁKS Łódź,lks-lodz,Dankowski K.,kamil-dankowski,review_auto_same_club_history
ŁKS Łódź,lks-lodz,Durmisi R.,riza-durmisi,review_auto_same_club_history
ŁKS Łódź,lks-lodz,Fase A.,anton-fase,review_auto_same_club_history
ŁKS Łódź,lks-lodz,Flis M.,marcin-flis,review_auto_same_club_history
ŁKS Łódź,lks-lodz,Glapka G.,grzegorz-glapka,review_auto_same_club_history
ŁKS Łódź,lks-lodz,Gulen L.,levent-gulen,review_auto_same_club_history
ŁKS Łódź,lks-lodz,Głowacki P.,piotr-gowacki,review_auto_same_club_history
ŁKS Łódź,lks-lodz,Ibe-Torti K.,kelechukwu-ebenezer-ibe-torti,review_auto_same_club_history
ŁKS Łódź,lks-lodz,Iwanczyk A.,aleksander-iwanczyk-1,review_auto_same_club_history
ŁKS Łódź,lks-lodz,Janczukowicz P.,piotr-janczukowicz,review_auto_same_club_history
ŁKS Łódź,lks-lodz,Koprowski O.,oskar-koprowski,review_auto_same_club_history
ŁKS Łódź,lks-lodz,Letniowski J.,jakub-letniowski,review_auto_same_club_history
ŁKS Łódź,lks-lodz,Lorenc M.,mieszko-lorenc,review_auto_same_club_history
ŁKS Łódź,lks-lodz,Louveau A.,adrien-louveau,review_auto_same_club_history
ŁKS Łódź,lks-lodz,Marciniak A.,adam-marciniak,review_auto_same_club_history
ŁKS Łódź,lks-lodz,Mokrzycki M.,micha-mokrzycki,review_auto_same_club_history
ŁKS Łódź,lks-lodz,Monsalve N.,ignacio-monsalve-vicente,manual_accept_review_needed_nacho_ignacio
ŁKS Łódź,lks-lodz,Młynarczyk A.,antoni-mynarczyk,review_auto_same_club_history
ŁKS Łódź,lks-lodz,Rostami Y.,yadegar-rostami,review_auto_same_club_history
ŁKS Łódź,lks-lodz,Sliwa M.,maciej-sliwa,review_auto_same_club_history
ŁKS Łódź,lks-lodz,Szeliga B.,bartosz-szeliga,review_auto_same_club_history
ŁKS Łódź,lks-lodz,Sławiński O.,oliwier-sawinski,review_auto_same_club_history
ŁKS Łódź,lks-lodz,Tejan K.,kay-tejan,review_auto_same_club_history
ŁKS Łódź,lks-lodz,Tutyskinas A.,artemijus-tutyskinas,review_auto_same_club_history
ŁKS Łódź,lks-lodz,Zając J.,jedrzej-zajac,review_auto_same_club_history
Śląsk Wrocław,slask-wroclaw,Bejger Ł.,ukasz-bejger,review_auto_same_club_history
Śląsk Wrocław,slask-wroclaw,Borys K.,karol-borys,review_auto_same_club_history
Śląsk Wrocław,slask-wroclaw,Exposito E.,erik-exposito,review_auto_same_club_history
Śląsk Wrocław,slask-wroclaw,Guercio T.,tommaso-guercio,review_auto_same_club_history
Śląsk Wrocław,slask-wroclaw,Ince B.,burak-ince,review_auto_same_club_history
Śląsk Wrocław,slask-wroclaw,Janasik P.,patryk-janasik,review_auto_same_club_history
Śląsk Wrocław,slask-wroclaw,Jastrzembski D.,dennis-jastrzembski,review_auto_same_club_history
Śląsk Wrocław,slask-wroclaw,Jezierski J.,jakub-jezierski-1,review_auto_same_club_history
Śląsk Wrocław,slask-wroclaw,Klimala P.,patryk-klimala,review_auto_same_club_history
Śląsk Wrocław,slask-wroclaw,Konczkowski M.,martin-konczkowski,review_auto_same_club_history
Śląsk Wrocław,slask-wroclaw,Kurowski K.,krzysztof-kurowski,review_auto_same_club_history
Śląsk Wrocław,slask-wroclaw,Kurowski M.,krzysztof-kurowski,review_auto_same_club_history
Śląsk Wrocław,slask-wroclaw,Leszczyński R.,rafa-leszczynski,review_auto_same_club_history
Śląsk Wrocław,slask-wroclaw,Lewkot Sz.,szymon-lewkot,review_auto_same_club_history
Śląsk Wrocław,slask-wroclaw,Matsenko Y.,yehor-matsenko,review_auto_same_club_history
Śląsk Wrocław,slask-wroclaw,Mustafic A.,alen-mustafic,review_auto_same_club_history
Śląsk Wrocław,slask-wroclaw,Nahuel M.,matias-nahuel-leiva-esquivel,review_auto_same_club_history
Śląsk Wrocław,slask-wroclaw,Olsen P.,patrick-olsen,review_auto_same_club_history
Śląsk Wrocław,slask-wroclaw,Paluszek A.,aleksander-paluszek,review_auto_same_club_history
Śląsk Wrocław,slask-wroclaw,Petkov A.,aleks-milenov-petkov,review_auto_same_club_history
Śląsk Wrocław,slask-wroclaw,Pokorny P.,peter-pokorny,review_auto_same_club_history
Śląsk Wrocław,slask-wroclaw,Rzuchowski M.,micha-rzuchowski,review_auto_same_club_history
Śląsk Wrocław,slask-wroclaw,Samiec-Talar P.,piotr-samiec-talar,review_auto_same_club_history
Śląsk Wrocław,slask-wroclaw,Schwarz P.,petr-schwarz,review_auto_same_club_history
Śląsk Wrocław,slask-wroclaw,Szwedzik P.,patryk-szwedzik,review_auto_same_club_history
Śląsk Wrocław,slask-wroclaw,Trelowski K.,kacper-trelowski,review_auto_same_club_history
Śląsk Wrocław,slask-wroclaw,Zohore K.,kenneth-zohore,review_auto_same_club_history
Śląsk Wrocław,slask-wroclaw,Zylla M.,marcel-zylla,review_auto_same_club_history
Śląsk Wrocław,slask-wroclaw,Łukasik D.,daniel-ukasik,review_auto_same_club_history
Śląsk Wrocław,slask-wroclaw,Żukowski M.,mateusz-zukowski,review_auto_same_club_history
