sezon,referee_full_name,matches_count,fouls_total_avg,fouls_home_avg,fouls_away_avg,yc_total_avg,yc_home_avg,yc_away_avg,straight_red_total_avg,second_yellow_red_total_avg,dismissals_total_avg,reliability_k10
2023/24,Szymon Marciniak,30,25.1333,12.1333,13.0,4.1667,2.0333,2.1333,0.0333,0.0333,0.0667,0.75
2023/24,Jaroslaw Przybyl,24,25.5417,12.3333,13.2083,4.5417,2.3333,2.2083,0.2083,0.0417,0.25,0.7059
2023/24,Tomasz Musial,24,27.375,14.6667,12.7083,3.2083,1.8333,1.375,0.1667,0.0417,0.2083,0.7059
2023/24,Piotr Lasyk,23,24.9565,12.6522,12.3043,4.087,1.8261,2.2609,0.087,0.087,0.1739,0.697
2023/24,Bartosz Frankowski,22,24.0455,12.9545,11.0909,4.3182,1.9091,2.4091,0.2727,0.1818,0.4545,0.6875
2023/24,Damian Sylwestrzak,20,28.05,14.9,13.15,4.3,2.25,2.05,0.3,0.25,0.55,0.6667
2023/24,Pawel Raczkowski,20,25.5,11.5,14.0,5.65,2.3,3.35,0.25,0.1,0.35,0.6667
2023/24,Daniel Stefanski,19,29.0,15.2632,13.7368,6.1053,3.3158,2.7895,0.3684,0.2632,0.6316,0.6552
2023/24,Karol Arys,19,25.0,12.2105,12.7895,3.9474,2.0,1.9474,0.3158,0.1053,0.4211,0.6552
2023/24,Tomasz Kwiatkowski,16,23.375,11.875,11.5,3.25,1.4375,1.8125,0.375,0.0,0.375,0.6154
2023/24,Krzysztof Jakubik,14,24.0,12.5,11.5,3.0714,1.7143,1.3571,0.0,0.0,0.0,0.5833
2023/24,Lukasz Kuzma,13,25.8462,13.0,12.8462,5.1538,2.1538,3.0,0.3077,0.2308,0.5385,0.5652
2023/24,Marcin Szczerbowicz,12,26.25,12.3333,13.9167,4.0833,1.6667,2.4167,0.1667,0.0833,0.25,0.5455
2023/24,Damian Kos,11,24.6364,12.1818,12.4545,5.4545,2.8182,2.6364,0.3636,0.1818,0.5455,0.5238
2023/24,Patryk Gryckiewicz,10,28.1,14.6,13.5,4.6,2.3,2.3,0.3,0.2,0.5,0.5
2023/24,Pawel Malec,10,21.6,11.2,10.4,4.7,2.3,2.4,0.3,0.1,0.4,0.5
2023/24,Marcin Kochanek,7,29.4286,16.5714,12.8571,5.1429,2.7143,2.4286,0.2857,0.1429,0.4286,0.4118
2023/24,Wojciech Myc,7,28.5714,14.8571,13.7143,4.8571,2.7143,2.1429,0.2857,0.1429,0.4286,0.4118
2023/24,Sebastian Krasny,5,26.0,12.6,13.4,4.2,1.6,2.6,0.4,0.4,0.8,0.3333
2024/25,Szymon Marciniak,25,23.92,11.84,12.08,3.76,1.72,2.04,0.08,0.04,0.12,0.7143
2024/25,Lukasz Kuzma,23,24.9565,13.0435,11.913,3.7391,1.7391,2.0,0.2174,0.1304,0.3478,0.697
2024/25,Piotr Lasyk,23,23.2174,11.1304,12.087,3.4783,1.5652,1.913,0.2174,0.087,0.3043,0.697
2024/25,Wojciech Myc,22,25.9545,13.6818,12.2727,3.9091,1.9545,1.9545,0.0455,0.0455,0.0909,0.6875
2024/25,Damian Sylwestrzak,19,24.6316,13.4737,11.1579,4.5789,2.4211,2.1579,0.2105,0.1053,0.3158,0.6552
2024/25,Tomasz Kwiatkowski,19,23.8421,12.0,11.8421,4.8947,2.0526,2.8421,0.1053,0.1053,0.2105,0.6552
2024/25,Jaroslaw Przybyl,18,27.4444,12.5,14.9444,4.7778,2.1111,2.6667,0.1111,0.0556,0.1667,0.6429
2024/25,Daniel Stefanski,17,25.4118,12.4706,12.9412,3.7059,1.6471,2.0588,0.1765,0.0588,0.2353,0.6296
2024/25,Karol Arys,17,22.0,11.2353,10.7647,2.4118,0.8824,1.5294,0.1176,0.0588,0.1765,0.6296
2024/25,Patryk Gryckiewicz,17,22.8824,11.6471,11.2353,4.8235,2.4118,2.4118,0.1765,0.1765,0.3529,0.6296
2024/25,Pawel Raczkowski,17,23.1176,10.5294,12.5882,4.8824,2.6471,2.2353,0.2941,0.1176,0.4118,0.6296
2024/25,Damian Kos,16,26.75,13.4375,13.3125,4.9375,2.375,2.5625,0.375,0.1875,0.5625,0.6154
2024/25,Marcin Kochanek,13,19.9231,9.3846,10.5385,3.4615,1.7692,1.6923,0.0769,0.0769,0.1538,0.5652
2024/25,Pawel Malec,12,22.9167,10.4167,12.5,3.9167,1.8333,2.0833,0.25,0.0,0.25,0.5455
2024/25,Sebastian Krasny,12,23.75,11.3333,12.4167,3.8333,2.25,1.5833,0.1667,0.1667,0.3333,0.5455
2024/25,Marcin Szczerbowicz,11,25.5455,12.3636,13.1818,4.3636,2.0,2.3636,0.0909,0.0909,0.1818,0.5238
2024/25,Bartosz Frankowski,8,20.875,10.75,10.125,3.5,1.5,2.0,0.125,0.0,0.125,0.4444
2024/25,Piotr Rzucidlo,5,23.4,9.8,13.6,3.8,1.6,2.2,0.8,0.4,1.2,0.3333
2024/25,Yusuke Araki,3,23.0,10.0,13.0,2.0,0.0,2.0,0.0,0.0,0.0,0.2308
2024/25,Tomasz Musial,2,25.0,14.5,10.5,5.5,3.5,2.0,0.5,0.5,1.0,0.1667
2024/25,Grzegorz Kawalko,1,21.0,12.0,9.0,4.0,2.0,2.0,0.0,0.0,0.0,0.0909
2024/25,Jacek Malyszek,1,14.0,6.0,8.0,3.0,3.0,0.0,0.0,0.0,0.0,0.0909
2024/25,Lukasz Karski,1,17.0,11.0,6.0,3.0,1.0,2.0,0.0,0.0,0.0,0.0909
2024/25,Mateusz Piszczelok,1,24.0,12.0,12.0,2.0,2.0,0.0,0.0,0.0,0.0,0.0909
2024/25,Sebastian Jarzebak,1,19.0,9.0,10.0,4.0,2.0,2.0,0.0,0.0,0.0,0.0909
2024/25,Tomasz Listkiewicz,1,22.0,10.0,12.0,6.0,4.0,2.0,0.0,0.0,0.0,0.0909
2024/25,Tomasz Marciniak,1,25.0,3.0,22.0,2.0,0.0,2.0,0.0,0.0,0.0,0.0909
2025/26,Pawel Raczkowski,24,26.1667,12.125,14.0417,5.3333,2.625,2.7083,0.25,0.125,0.375,0.7059
2025/26,Karol Arys,23,26.913,14.1739,12.7391,2.6957,1.2174,1.4783,0.1304,0.0,0.1304,0.697
2025/26,Piotr Lasyk,22,26.0909,12.1818,13.9091,3.3636,1.4545,1.9091,0.0909,0.0,0.0909,0.6875
2025/26,Wojciech Myc,22,27.5455,13.4545,14.0909,3.9545,1.8182,2.1364,0.0,0.0,0.0,0.6875
2025/26,Damian Sylwestrzak,21,28.4762,14.7143,13.7619,4.9524,2.0952,2.8571,0.2381,0.1905,0.4286,0.6774
2025/26,Lukasz Kuzma,20,25.25,12.85,12.4,3.95,1.6,2.35,0.05,0.0,0.05,0.6667
2025/26,Jaroslaw Przybyl,19,26.2105,12.1053,14.1053,3.9474,1.7895,2.1579,0.1579,0.1053,0.2632,0.6552
2025/26,Patryk Gryckiewicz,19,25.7368,12.7895,12.9474,4.4737,2.0526,2.4211,0.2632,0.1579,0.4211,0.6552
2025/26,Szymon Marciniak,19,23.6842,11.6842,12.0,3.7368,1.5789,2.1579,0.1579,0.0,0.1579,0.6552
2025/26,Bartosz Frankowski,18,21.2778,10.9444,10.3333,4.1667,1.8333,2.3333,0.0,0.0,0.0,0.6429
2025/26,Tomasz Kwiatkowski,18,22.7222,11.1111,11.6111,4.1111,2.0,2.1111,0.2222,0.1111,0.3333,0.6429
2025/26,Damian Kos,17,24.9412,12.4118,12.5294,4.5294,2.5882,1.9412,0.3529,0.1765,0.5294,0.6296
2025/26,Pawel Malec,13,19.4615,9.6154,9.8462,3.0769,1.8462,1.2308,0.0769,0.0,0.0769,0.5652
2025/26,Daniel Stefanski,9,25.6667,13.5556,12.1111,5.8889,3.2222,2.6667,0.2222,0.1111,0.3333,0.4737
2025/26,Marcin Szczerbowicz,8,24.25,11.0,13.25,3.5,1.5,2.0,0.0,0.0,0.0,0.4444
2025/26,Mateusz Piszczelok,8,23.125,11.75,11.375,4.5,2.0,2.5,0.125,0.125,0.25,0.4444
2025/26,Sebastian Krasny,6,25.0,13.3333,11.6667,4.1667,1.8333,2.3333,0.0,0.0,0.0,0.375
2025/26,Marcin Kochanek,5,20.6,10.2,10.4,3.8,2.0,1.8,0.2,0.2,0.4,0.3333
2025/26,Piotr Rzucidlo,5,25.4,9.2,16.2,3.8,1.4,2.4,0.0,0.0,0.0,0.3333
2025/26,Koki Nagamine,4,26.0,12.75,13.25,3.75,1.25,2.5,0.0,0.0,0.0,0.2857
2025/26,Tomasz Marciniak,3,26.6667,10.3333,16.3333,6.0,1.6667,4.3333,0.3333,0.3333,0.6667,0.2308
2025/26,Lukasz Karski,1,29.0,14.0,15.0,7.0,3.0,4.0,0.0,0.0,0.0,0.0909
2025/26,Mohammad Al-Emara,1,28.0,14.0,14.0,4.0,3.0,1.0,0.0,0.0,0.0,0.0909
2025/26,Sebastian Mucha,1,22.0,13.0,9.0,2.0,1.0,1.0,0.0,0.0,0.0,0.0909
