referee_name,referee_key,referee_full_name,matches_count
Marciniak S.,Marciniak S.,Szymon Marciniak,74
Lasyk P.,Lasyk P.,Piotr Lasyk,68
Przybyl J.,Przybyl J.,Jaroslaw Przybyl,61
Raczkowski P.,Raczkowski P.,Pawel Raczkowski,61
Sylwestrzak D.,Sylwestrzak D.,Damian Sylwestrzak,60
Arys K.,Arys K.,Karol Arys,59
Kuzma L.,Kuzma L.,Lukasz Kuzma,56
Kwiatkowski T.,Kwiatkowski T.,Tomasz Kwiatkowski,53
Myc W.,Myc W.,Wojciech Myc,51
Frankowski B.,Frankowski B.,Bartosz Frankowski,48
Gryckiewicz P.,Gryckiewicz P.,Patryk Gryckiewicz,46
Stefanski D.,Stefanski D.,Daniel Stefanski,45
Kos D.,Kos D.,Damian Kos,44
Malec P.,Malec P.,Pawel Malec,35
Szczerbowicz M.,Szczerbowicz M.,Marcin Szczerbowicz,31
Musiał T.,Musia T.,Tomasz Musial,26
Kochanek M.,Kochanek M.,Marcin Kochanek,25
Krasny S.,Krasny S.,Sebastian Krasny,23
Jakubik K.,Jakubik K.,Krzysztof Jakubik,14
Rzucidlo P.,Rzucidlo P.,Piotr Rzucidlo,10
Piszczelok M.,Piszczelok M.,Mateusz Piszczelok,9
Marciniak T.,Marciniak T.,Tomasz Marciniak,4
Nagamine K.,Nagamine K.,Koki Nagamine,4
Araki Y.,Araki Y.,Yusuke Araki,3
Karski L.,Karski L.,Lukasz Karski,2
Al-Emara M.,Al-Emara M.,Mohammad Al-Emara,1
Jarzebak S.,Jarzebak S.,Sebastian Jarzebak,1
Kawalko G.,Kawalko G.,Grzegorz Kawalko,1
Listkiewicz T.,Listkiewicz T.,Tomasz Listkiewicz,1
Malyszek J.,Malyszek J.,Jacek Malyszek,1
Mucha S.,Mucha S.,Sebastian Mucha,1
