match_id,kolejka,data_meczu,gospodarz,gosc,gole_gosp,gole_gosc,strzaly_gosp,strzaly_gosc,celne_gosp,celne_gosc,flash_id,flash_url,strzaly_gosp_flash,strzaly_gosc_flash,celne_gosp_flash,celne_gosc_flash,xg_gosp_flash,xg_gosc_flash
1684,1,2023-07-21,Warta Poznań,Pogoń Szczecin,0.0,1.0,9.0,12.0,1.0,3.0,EwR7QQRA,https://www.flashscore.pl/mecz/pilka-nozna/pogon-szczecin-Um9YwPQ0/warta-poznan-CrVUWAl8/szczegoly/statystyki/?mid=EwR7QQRA,9,12,1,3,,
1685,1,2023-07-21,Legia Warszawa,ŁKS Łódź,3.0,0.0,18.0,7.0,9.0,1.0,Q3FiU8So,https://www.flashscore.pl/mecz/pilka-nozna/legia-warszawa-K6kUepBs/lks-lodz-ShUKWHDG/szczegoly/statystyki/?mid=Q3FiU8So,18,7,9,1,,
1686,1,2023-07-22,Stal Mielec,Cracovia,2.0,2.0,8.0,20.0,4.0,8.0,p4M3R6C4,https://www.flashscore.pl/mecz/pilka-nozna/cracovia-KvXSf2A6/stal-mielec-pxXiDZkQ/szczegoly/statystyki/?mid=p4M3R6C4,8,17,4,8,,
1687,1,2023-07-22,Raków Częstochowa,Jagiellonia Białystok,3.0,0.0,11.0,7.0,6.0,1.0,6DNaSncb,https://www.flashscore.pl/mecz/pilka-nozna/jagiellonia-bialystok-lIDaZJTc/rakow-czestochowa-SQOrbYim/szczegoly/statystyki/?mid=6DNaSncb,9,0,4,0,,
1688,1,2023-07-22,Piast Gliwice,Lech Poznań,1.0,2.0,15.0,7.0,5.0,2.0,OlYfTSsh,https://www.flashscore.pl/mecz/pilka-nozna/lech-poznan-OpNH7Ouf/piast-gliwice-ve2oT9ck/szczegoly/statystyki/?mid=OlYfTSsh,11,5,5,2,,
1689,1,2023-07-23,Górnik Zabrze,Radomiak Radom,0.0,2.0,4.0,20.0,0.0,4.0,hGpwBoSN,https://www.flashscore.pl/mecz/pilka-nozna/gornik-zabrze-2LH3Ywq4/radomiak-radom-zD5nYhAT/szczegoly/statystyki/?mid=hGpwBoSN,4,20,0,4,,
1690,1,2023-07-23,Zagłębie Lubin,Ruch Chorzów,2.0,1.0,16.0,6.0,3.0,1.0,AiurA5sU,https://www.flashscore.pl/mecz/pilka-nozna/ruch-chorzow-S4zygtuJ/zaglebie-lubin-tlYOere0/szczegoly/statystyki/?mid=AiurA5sU,16,6,3,1,,
1691,1,2023-07-23,Widzew Łódź,Puszcza Niepołomice,3.0,2.0,12.0,14.0,6.0,4.0,hUPBPpsH,https://www.flashscore.pl/mecz/pilka-nozna/puszcza-dtqx13O8/widzew-lodz-rNOIW3uC/szczegoly/statystyki/?mid=hUPBPpsH,12,14,6,4,,
1692,1,2023-07-24,Korona Kielce,Śląsk Wrocław,1.0,1.0,11.0,4.0,5.0,2.0,C0R95Pko,https://www.flashscore.pl/mecz/pilka-nozna/korona-kielce-pp78XcbA/slask-wroclaw-E1Oxemse/szczegoly/statystyki/?mid=C0R95Pko,11,4,5,2,,
1693,2,2023-07-29,Jagiellonia Białystok,Puszcza Niepołomice,4.0,1.0,12.0,11.0,6.0,6.0,ldJKNOBT,https://www.flashscore.pl/mecz/pilka-nozna/jagiellonia-bialystok-lIDaZJTc/puszcza-dtqx13O8/szczegoly/statystyki/?mid=ldJKNOBT,12,11,6,6,,
1694,2,2023-07-28,Ruch Chorzów,ŁKS Łódź,2.0,0.0,14.0,17.0,5.0,2.0,QwdTPEhc,https://www.flashscore.pl/mecz/pilka-nozna/lks-lodz-ShUKWHDG/ruch-chorzow-S4zygtuJ/szczegoly/statystyki/?mid=QwdTPEhc,12,17,5,2,,
1695,2,2023-07-29,Warta Poznań,Górnik Zabrze,2.0,0.0,12.0,12.0,3.0,1.0,Y3ayOhN9,https://www.flashscore.pl/mecz/pilka-nozna/gornik-zabrze-2LH3Ywq4/warta-poznan-CrVUWAl8/szczegoly/statystyki/?mid=Y3ayOhN9,12,12,4,1,,
1697,2,2023-07-29,Śląsk Wrocław,Zagłębie Lubin,1.0,2.0,21.0,7.0,6.0,5.0,GSltNCxG,https://www.flashscore.pl/mecz/pilka-nozna/slask-wroclaw-E1Oxemse/zaglebie-lubin-tlYOere0/szczegoly/statystyki/?mid=GSltNCxG,21,7,6,5,,
1698,2,2023-07-30,Pogoń Szczecin,Widzew Łódź,2.0,1.0,25.0,10.0,9.0,2.0,nmcPQfwi,https://www.flashscore.pl/mecz/pilka-nozna/pogon-szczecin-Um9YwPQ0/widzew-lodz-rNOIW3uC/szczegoly/statystyki/?mid=nmcPQfwi,25,10,9,2,,
1699,2,2023-07-30,Lech Poznań,Radomiak Radom,2.0,0.0,15.0,13.0,7.0,3.0,pS4jI2Zj,https://www.flashscore.pl/mecz/pilka-nozna/lech-poznan-OpNH7Ouf/radomiak-radom-zD5nYhAT/szczegoly/statystyki/?mid=pS4jI2Zj,15,13,7,3,,
1701,2,2023-07-30,Stal Mielec,Piast Gliwice,0.0,0.0,8.0,24.0,2.0,3.0,K0eXOY73,https://www.flashscore.pl/mecz/pilka-nozna/piast-gliwice-ve2oT9ck/stal-mielec-pxXiDZkQ/szczegoly/statystyki/?mid=K0eXOY73,8,25,2,3,,
1702,3,2023-08-04,Jagiellonia Białystok,Widzew Łódź,2.0,1.0,15.0,9.0,2.0,3.0,MRGD44Ml,https://www.flashscore.pl/mecz/pilka-nozna/jagiellonia-bialystok-lIDaZJTc/widzew-lodz-rNOIW3uC/szczegoly/statystyki/?mid=MRGD44Ml,15,9,2,3,,
1703,3,2023-08-04,ŁKS Łódź,Korona Kielce,2.0,1.0,7.0,20.0,3.0,4.0,4njHOPDK,https://www.flashscore.pl/mecz/pilka-nozna/korona-kielce-pp78XcbA/lks-lodz-ShUKWHDG/szczegoly/statystyki/?mid=4njHOPDK,7,20,3,4,,
1704,3,2023-08-05,Raków Częstochowa,Warta Poznań,2.0,2.0,15.0,13.0,7.0,5.0,nBeCP5bE,https://www.flashscore.pl/mecz/pilka-nozna/rakow-czestochowa-SQOrbYim/warta-poznan-CrVUWAl8/szczegoly/statystyki/?mid=nBeCP5bE,16,14,7,5,,
1705,3,2023-08-05,Górnik Zabrze,Piast Gliwice,0.0,0.0,7.0,9.0,2.0,0.0,hhC95p7r,https://www.flashscore.pl/mecz/pilka-nozna/gornik-zabrze-2LH3Ywq4/piast-gliwice-ve2oT9ck/szczegoly/statystyki/?mid=hhC95p7r,6,5,3,0,,
1706,3,2023-08-05,Radomiak Radom,Cracovia,0.0,1.0,28.0,10.0,4.0,4.0,8Kd8Qoq8,https://www.flashscore.pl/mecz/pilka-nozna/cracovia-KvXSf2A6/radomiak-radom-zD5nYhAT/szczegoly/statystyki/?mid=8Kd8Qoq8,25,11,4,4,,
1707,3,2023-08-30,Pogoń Szczecin,Śląsk Wrocław,0.0,2.0,15.0,6.0,2.0,3.0,rwkLNqTQ,https://www.flashscore.pl/mecz/pilka-nozna/pogon-szczecin-Um9YwPQ0/slask-wroclaw-E1Oxemse/szczegoly/statystyki/?mid=rwkLNqTQ,15,6,2,3,,
1708,3,2023-08-06,Zagłębie Lubin,Lech Poznań,1.0,1.0,18.0,11.0,7.0,3.0,0IFH3Oye,https://www.flashscore.pl/mecz/pilka-nozna/lech-poznan-OpNH7Ouf/zaglebie-lubin-tlYOere0/szczegoly/statystyki/?mid=0IFH3Oye,18,11,7,3,,
1709,3,2023-08-06,Legia Warszawa,Ruch Chorzów,3.0,0.0,24.0,8.0,6.0,1.0,rs5M2ri1,https://www.flashscore.pl/mecz/pilka-nozna/legia-warszawa-K6kUepBs/ruch-chorzow-S4zygtuJ/szczegoly/statystyki/?mid=rs5M2ri1,24,8,6,1,,
1710,3,2023-08-07,Puszcza Niepołomice,Stal Mielec,1.0,0.0,5.0,9.0,2.0,2.0,fH8Q1267,https://www.flashscore.pl/mecz/pilka-nozna/puszcza-dtqx13O8/stal-mielec-pxXiDZkQ/szczegoly/statystyki/?mid=fH8Q1267,5,9,2,2,,
1711,4,2023-08-11,Cracovia,Zagłębie Lubin,2.0,1.0,14.0,15.0,8.0,4.0,0IymJ3yr,https://www.flashscore.pl/mecz/pilka-nozna/cracovia-KvXSf2A6/zaglebie-lubin-tlYOere0/szczegoly/statystyki/?mid=0IymJ3yr,14,15,8,3,,
1712,4,2023-08-12,Korona Kielce,Górnik Zabrze,0.0,1.0,21.0,13.0,4.0,3.0,ELuiINjl,https://www.flashscore.pl/mecz/pilka-nozna/gornik-zabrze-2LH3Ywq4/korona-kielce-pp78XcbA/szczegoly/statystyki/?mid=ELuiINjl,21,14,4,3,,
1713,4,2023-10-24,Lech Poznań,Jagiellonia Białystok,3.0,3.0,9.0,15.0,4.0,6.0,dpVeHs6f,https://www.flashscore.pl/mecz/pilka-nozna/jagiellonia-bialystok-lIDaZJTc/lech-poznan-OpNH7Ouf/szczegoly/statystyki/?mid=dpVeHs6f,9,15,4,6,,
1714,4,2023-08-11,Piast Gliwice,Raków Częstochowa,2.0,1.0,18.0,8.0,5.0,2.0,zyUaG1L0,https://www.flashscore.pl/mecz/pilka-nozna/piast-gliwice-ve2oT9ck/rakow-czestochowa-SQOrbYim/szczegoly/statystyki/?mid=zyUaG1L0,18,8,5,2,,
1715,4,2023-08-13,Pogoń Szczecin,Radomiak Radom,0.0,2.0,14.0,13.0,3.0,3.0,UBr3FLz7,https://www.flashscore.pl/mecz/pilka-nozna/pogon-szczecin-Um9YwPQ0/radomiak-radom-zD5nYhAT/szczegoly/statystyki/?mid=UBr3FLz7,18,16,3,3,,
1716,4,2023-08-13,Puszcza Niepołomice,Legia Warszawa,1.0,1.0,9.0,16.0,1.0,5.0,82s7EujD,https://www.flashscore.pl/mecz/pilka-nozna/legia-warszawa-K6kUepBs/puszcza-dtqx13O8/szczegoly/statystyki/?mid=82s7EujD,12,20,1,5,,
1717,4,2023-08-12,Stal Mielec,Śląsk Wrocław,3.0,1.0,11.0,15.0,7.0,4.0,A7LkwPSD,https://www.flashscore.pl/mecz/pilka-nozna/slask-wroclaw-E1Oxemse/stal-mielec-pxXiDZkQ/szczegoly/statystyki/?mid=A7LkwPSD,11,15,7,4,,
1718,4,2023-08-14,Warta Poznań,Ruch Chorzów,2.0,2.0,10.0,10.0,4.0,2.0,OAPgxqrK,https://www.flashscore.pl/mecz/pilka-nozna/ruch-chorzow-S4zygtuJ/warta-poznan-CrVUWAl8/szczegoly/statystyki/?mid=OAPgxqrK,10,9,4,2,,
1719,4,2023-08-12,Widzew Łódź,ŁKS Łódź,1.0,0.0,11.0,11.0,5.0,3.0,IXOcy3cQ,https://www.flashscore.pl/mecz/pilka-nozna/lks-lodz-ShUKWHDG/widzew-lodz-rNOIW3uC/szczegoly/statystyki/?mid=IXOcy3cQ,11,11,5,3,,
1720,5,2023-08-21,Cracovia,Piast Gliwice,1.0,1.0,18.0,14.0,4.0,6.0,KtBPWM5s,https://www.flashscore.pl/mecz/pilka-nozna/cracovia-KvXSf2A6/piast-gliwice-ve2oT9ck/szczegoly/statystyki/?mid=KtBPWM5s,19,14,4,6,,
1721,5,2023-08-18,Górnik Zabrze,Widzew Łódź,1.0,1.0,6.0,16.0,3.0,4.0,xI5UVtLm,https://www.flashscore.pl/mecz/pilka-nozna/gornik-zabrze-2LH3Ywq4/widzew-lodz-rNOIW3uC/szczegoly/statystyki/?mid=xI5UVtLm,6,14,3,4,,
1722,5,2023-08-18,Zagłębie Lubin,Puszcza Niepołomice,1.0,0.0,14.0,16.0,8.0,4.0,G84YU0zf,https://www.flashscore.pl/mecz/pilka-nozna/puszcza-dtqx13O8/zaglebie-lubin-tlYOere0/szczegoly/statystyki/?mid=G84YU0zf,14,16,8,4,,
1723,5,2023-08-20,Legia Warszawa,Korona Kielce,1.0,0.0,16.0,8.0,5.0,1.0,AV3xUKk0,https://www.flashscore.pl/mecz/pilka-nozna/korona-kielce-pp78XcbA/legia-warszawa-K6kUepBs/szczegoly/statystyki/?mid=AV3xUKk0,17,8,5,1,,
1724,5,2023-08-19,Radomiak Radom,Warta Poznań,3.0,2.0,11.0,14.0,5.0,6.0,M57tTv56,https://www.flashscore.pl/mecz/pilka-nozna/radomiak-radom-zD5nYhAT/warta-poznan-CrVUWAl8/szczegoly/statystyki/?mid=M57tTv56,12,15,5,7,,
1725,5,2023-08-19,Raków Częstochowa,Stal Mielec,2.0,0.0,16.0,9.0,5.0,2.0,4UdoSbKC,https://www.flashscore.pl/mecz/pilka-nozna/rakow-czestochowa-SQOrbYim/stal-mielec-pxXiDZkQ/szczegoly/statystyki/?mid=4UdoSbKC,16,9,5,2,,
1726,5,2023-08-19,Ruch Chorzów,Jagiellonia Białystok,0.0,1.0,14.0,12.0,3.0,4.0,rLekRIZI,https://www.flashscore.pl/mecz/pilka-nozna/jagiellonia-bialystok-lIDaZJTc/ruch-chorzow-S4zygtuJ/szczegoly/statystyki/?mid=rLekRIZI,13,11,3,4,,
1727,5,2023-08-20,ŁKS Łódź,Pogoń Szczecin,1.0,0.0,14.0,16.0,5.0,4.0,WzkXk2CJ,https://www.flashscore.pl/mecz/pilka-nozna/lks-lodz-ShUKWHDG/pogon-szczecin-Um9YwPQ0/szczegoly/statystyki/?mid=WzkXk2CJ,13,16,5,4,,
1728,5,2023-08-20,Śląsk Wrocław,Lech Poznań,3.0,1.0,13.0,15.0,3.0,3.0,ARmykMRP,https://www.flashscore.pl/mecz/pilka-nozna/lech-poznan-OpNH7Ouf/slask-wroclaw-E1Oxemse/szczegoly/statystyki/?mid=ARmykMRP,13,15,3,3,,
1729,6,2023-08-27,Jagiellonia Białystok,Górnik Zabrze,4.0,1.0,20.0,8.0,8.0,1.0,G8Q3ptzs,https://www.flashscore.pl/mecz/pilka-nozna/gornik-zabrze-2LH3Ywq4/jagiellonia-bialystok-lIDaZJTc/szczegoly/statystyki/?mid=G8Q3ptzs,21,8,9,1,,
1730,6,2023-08-27,Korona Kielce,Zagłębie Lubin,2.0,0.0,18.0,8.0,6.0,3.0,UBU7q0km,https://www.flashscore.pl/mecz/pilka-nozna/korona-kielce-pp78XcbA/zaglebie-lubin-tlYOere0/szczegoly/statystyki/?mid=UBU7q0km,18,8,6,3,,
1731,6,2023-09-28,Lech Poznań,Raków Częstochowa,4.0,1.0,12.0,7.0,6.0,2.0,OYTBrK4g,https://www.flashscore.pl/mecz/pilka-nozna/lech-poznan-OpNH7Ouf/rakow-czestochowa-SQOrbYim/szczegoly/statystyki/?mid=OYTBrK4g,12,7,6,2,,
1732,6,2023-08-26,Piast Gliwice,Ruch Chorzów,0.0,0.0,17.0,7.0,6.0,0.0,2PSFsvKa,https://www.flashscore.pl/mecz/pilka-nozna/piast-gliwice-ve2oT9ck/ruch-chorzow-S4zygtuJ/szczegoly/statystyki/?mid=2PSFsvKa,18,8,6,1,,
1733,6,2023-09-27,Pogoń Szczecin,Legia Warszawa,3.0,4.0,16.0,17.0,5.0,6.0,rypDtbZ5,https://www.flashscore.pl/mecz/pilka-nozna/legia-warszawa-K6kUepBs/pogon-szczecin-Um9YwPQ0/szczegoly/statystyki/?mid=rypDtbZ5,16,17,5,6,,
1734,6,2023-08-26,Puszcza Niepołomice,ŁKS Łódź,2.0,1.0,14.0,11.0,4.0,3.0,MRrHuIlC,https://www.flashscore.pl/mecz/pilka-nozna/lks-lodz-ShUKWHDG/puszcza-dtqx13O8/szczegoly/statystyki/?mid=MRrHuIlC,14,11,4,3,,
1735,6,2023-08-25,Stal Mielec,Radomiak Radom,2.0,0.0,6.0,13.0,2.0,1.0,GlrLvx4I,https://www.flashscore.pl/mecz/pilka-nozna/radomiak-radom-zD5nYhAT/stal-mielec-pxXiDZkQ/szczegoly/statystyki/?mid=GlrLvx4I,6,13,2,1,,
1736,6,2023-08-26,Warta Poznań,Cracovia,0.0,0.0,2.0,13.0,0.0,1.0,UinPwdJO,https://www.flashscore.pl/mecz/pilka-nozna/cracovia-KvXSf2A6/warta-poznan-CrVUWAl8/szczegoly/statystyki/?mid=UinPwdJO,2,14,0,1,,
1737,6,2023-08-25,Widzew Łódź,Śląsk Wrocław,0.0,2.0,14.0,13.0,1.0,5.0,WdQ72udP,https://www.flashscore.pl/mecz/pilka-nozna/slask-wroclaw-E1Oxemse/widzew-lodz-rNOIW3uC/szczegoly/statystyki/?mid=WdQ72udP,14,13,1,5,,
1738,7,2023-09-02,Cracovia,Korona Kielce,0.0,0.0,14.0,7.0,3.0,2.0,Y5CZca4t,https://www.flashscore.pl/mecz/pilka-nozna/cracovia-KvXSf2A6/korona-kielce-pp78XcbA/szczegoly/statystyki/?mid=Y5CZca4t,14,7,3,2,,
1739,7,2023-09-03,Zagłębie Lubin,Pogoń Szczecin,1.0,0.0,19.0,7.0,8.0,1.0,2uHwcJJn,https://www.flashscore.pl/mecz/pilka-nozna/pogon-szczecin-Um9YwPQ0/zaglebie-lubin-tlYOere0/szczegoly/statystyki/?mid=2uHwcJJn,19,7,8,1,,
1740,7,2023-09-02,Lech Poznań,Górnik Zabrze,1.0,1.0,20.0,6.0,6.0,2.0,tWFsdwZh,https://www.flashscore.pl/mecz/pilka-nozna/gornik-zabrze-2LH3Ywq4/lech-poznan-OpNH7Ouf/szczegoly/statystyki/?mid=tWFsdwZh,20,6,5,2,,
1741,7,2023-09-03,Legia Warszawa,Widzew Łódź,3.0,1.0,20.0,8.0,10.0,3.0,Of5necla,https://www.flashscore.pl/mecz/pilka-nozna/legia-warszawa-K6kUepBs/widzew-lodz-rNOIW3uC/szczegoly/statystyki/?mid=Of5necla,20,8,10,3,,
1742,7,2023-09-02,Radomiak Radom,Piast Gliwice,1.0,1.0,14.0,21.0,3.0,7.0,MuOkfH35,https://www.flashscore.pl/mecz/pilka-nozna/piast-gliwice-ve2oT9ck/radomiak-radom-zD5nYhAT/szczegoly/statystyki/?mid=MuOkfH35,13,22,3,9,,
1743,7,2023-09-03,Raków Częstochowa,Puszcza Niepołomice,2.0,0.0,13.0,8.0,6.0,1.0,G2NggyJB,https://www.flashscore.pl/mecz/pilka-nozna/puszcza-dtqx13O8/rakow-czestochowa-SQOrbYim/szczegoly/statystyki/?mid=G2NggyJB,12,8,6,2,,
1744,7,2023-09-01,Ruch Chorzów,Stal Mielec,1.0,1.0,17.0,13.0,5.0,4.0,fgMcheYH,https://www.flashscore.pl/mecz/pilka-nozna/ruch-chorzow-S4zygtuJ/stal-mielec-pxXiDZkQ/szczegoly/statystyki/?mid=fgMcheYH,16,14,5,4,,
1745,7,2023-09-01,ŁKS Łódź,Warta Poznań,0.0,2.0,12.0,5.0,1.0,2.0,A3uSzT2p,https://www.flashscore.pl/mecz/pilka-nozna/lks-lodz-ShUKWHDG/warta-poznan-CrVUWAl8/szczegoly/statystyki/?mid=A3uSzT2p,10,5,1,2,,
1746,7,2023-09-03,Śląsk Wrocław,Jagiellonia Białystok,2.0,1.0,12.0,9.0,4.0,3.0,lfvWZnIj,https://www.flashscore.pl/mecz/pilka-nozna/jagiellonia-bialystok-lIDaZJTc/slask-wroclaw-E1Oxemse/szczegoly/statystyki/?mid=lfvWZnIj,13,9,4,3,,
1747,8,2023-09-15,Górnik Zabrze,Ruch Chorzów,1.0,0.0,16.0,10.0,3.0,1.0,2cSDbWfi,https://www.flashscore.pl/mecz/pilka-nozna/gornik-zabrze-2LH3Ywq4/ruch-chorzow-S4zygtuJ/szczegoly/statystyki/?mid=2cSDbWfi,15,10,3,1,,
1748,8,2023-09-17,Jagiellonia Białystok,Radomiak Radom,3.0,2.0,11.0,11.0,5.0,4.0,G0WHcjAc,https://www.flashscore.pl/mecz/pilka-nozna/jagiellonia-bialystok-lIDaZJTc/radomiak-radom-zD5nYhAT/szczegoly/statystyki/?mid=G0WHcjAc,11,11,5,4,,
1749,8,2023-09-16,Piast Gliwice,Legia Warszawa,1.0,1.0,13.0,6.0,3.0,3.0,bPLMdAP3,https://www.flashscore.pl/mecz/pilka-nozna/legia-warszawa-K6kUepBs/piast-gliwice-ve2oT9ck/szczegoly/statystyki/?mid=bPLMdAP3,13,6,3,3,,
1750,8,2023-09-16,Pogoń Szczecin,Korona Kielce,3.0,1.0,26.0,8.0,9.0,5.0,xGKQeUvA,https://www.flashscore.pl/mecz/pilka-nozna/korona-kielce-pp78XcbA/pogon-szczecin-Um9YwPQ0/szczegoly/statystyki/?mid=xGKQeUvA,25,8,9,5,,
1751,8,2023-09-15,Puszcza Niepołomice,Śląsk Wrocław,1.0,3.0,7.0,19.0,4.0,7.0,ptKUflfG,https://www.flashscore.pl/mecz/pilka-nozna/puszcza-dtqx13O8/slask-wroclaw-E1Oxemse/szczegoly/statystyki/?mid=ptKUflfG,7,19,4,7,,
1752,8,2023-09-16,Raków Częstochowa,ŁKS Łódź,1.0,0.0,10.0,16.0,1.0,5.0,OWIYg89M,https://www.flashscore.pl/mecz/pilka-nozna/lks-lodz-ShUKWHDG/rakow-czestochowa-SQOrbYim/szczegoly/statystyki/?mid=OWIYg89M,10,16,1,5,,
1753,8,2023-09-18,Stal Mielec,Zagłębie Lubin,4.0,2.0,18.0,9.0,6.0,4.0,6e8wgSOS,https://www.flashscore.pl/mecz/pilka-nozna/stal-mielec-pxXiDZkQ/zaglebie-lubin-tlYOere0/szczegoly/statystyki/?mid=6e8wgSOS,18,9,6,4,,
1754,8,2023-09-17,Warta Poznań,Lech Poznań,0.0,2.0,7.0,11.0,2.0,5.0,rHa5lnXq,https://www.flashscore.pl/mecz/pilka-nozna/lech-poznan-OpNH7Ouf/warta-poznan-CrVUWAl8/szczegoly/statystyki/?mid=rHa5lnXq,7,11,2,5,,
1755,8,2023-09-17,Widzew Łódź,Cracovia,2.0,0.0,10.0,13.0,6.0,2.0,xva9m6nj,https://www.flashscore.pl/mecz/pilka-nozna/cracovia-KvXSf2A6/widzew-lodz-rNOIW3uC/szczegoly/statystyki/?mid=xva9m6nj,10,12,6,2,,
1756,9,2023-09-23,Cracovia,Pogoń Szczecin,1.0,5.0,14.0,12.0,3.0,5.0,GUcDnQ1d,https://www.flashscore.pl/mecz/pilka-nozna/cracovia-KvXSf2A6/pogon-szczecin-Um9YwPQ0/szczegoly/statystyki/?mid=GUcDnQ1d,15,12,3,5,,
1757,9,2023-09-24,Zagłębie Lubin,Warta Poznań,1.0,0.0,9.0,8.0,2.0,2.0,hnsdB9vc,https://www.flashscore.pl/mecz/pilka-nozna/warta-poznan-CrVUWAl8/zaglebie-lubin-tlYOere0/szczegoly/statystyki/?mid=hnsdB9vc,9,8,2,2,,
1758,9,2023-09-22,Korona Kielce,Widzew Łódź,1.0,1.0,14.0,8.0,5.0,2.0,Wxt0ATg3,https://www.flashscore.pl/mecz/pilka-nozna/korona-kielce-pp78XcbA/widzew-lodz-rNOIW3uC/szczegoly/statystyki/?mid=Wxt0ATg3,14,8,5,2,,
1759,9,2023-09-23,Lech Poznań,Stal Mielec,2.0,1.0,13.0,10.0,5.0,3.0,Qau49m99,https://www.flashscore.pl/mecz/pilka-nozna/lech-poznan-OpNH7Ouf/stal-mielec-pxXiDZkQ/szczegoly/statystyki/?mid=Qau49m99,14,10,5,3,,
1760,9,2023-09-24,Legia Warszawa,Górnik Zabrze,2.0,1.0,17.0,11.0,6.0,3.0,xzq887OF,https://www.flashscore.pl/mecz/pilka-nozna/gornik-zabrze-2LH3Ywq4/legia-warszawa-K6kUepBs/szczegoly/statystyki/?mid=xzq887OF,18,11,6,3,,
1761,9,2023-09-23,Radomiak Radom,Puszcza Niepołomice,1.0,1.0,23.0,9.0,4.0,2.0,KbYC7RwM,https://www.flashscore.pl/mecz/pilka-nozna/puszcza-dtqx13O8/radomiak-radom-zD5nYhAT/szczegoly/statystyki/?mid=KbYC7RwM,23,9,4,2,,
1762,9,2023-09-24,Ruch Chorzów,Raków Częstochowa,3.0,5.0,10.0,9.0,4.0,7.0,bkXG6ogS,https://www.flashscore.pl/mecz/pilka-nozna/rakow-czestochowa-SQOrbYim/ruch-chorzow-S4zygtuJ/szczegoly/statystyki/?mid=bkXG6ogS,10,9,4,7,,
1763,9,2023-09-22,ŁKS Łódź,Jagiellonia Białystok,2.0,2.0,6.0,16.0,4.0,8.0,jsPr251q,https://www.flashscore.pl/mecz/pilka-nozna/jagiellonia-bialystok-lIDaZJTc/lks-lodz-ShUKWHDG/szczegoly/statystyki/?mid=jsPr251q,6,16,4,8,,
1764,9,2023-09-23,Śląsk Wrocław,Piast Gliwice,1.0,0.0,14.0,10.0,6.0,2.0,UXNn1PGk,https://www.flashscore.pl/mecz/pilka-nozna/piast-gliwice-ve2oT9ck/slask-wroclaw-E1Oxemse/szczegoly/statystyki/?mid=UXNn1PGk,14,10,6,2,,
1765,10,2023-10-02,Górnik Zabrze,Zagłębie Lubin,0.0,2.0,25.0,9.0,6.0,3.0,CdDi0qWe,https://www.flashscore.pl/mecz/pilka-nozna/gornik-zabrze-2LH3Ywq4/zaglebie-lubin-tlYOere0/szczegoly/statystyki/?mid=CdDi0qWe,25,9,6,3,,
1766,10,2023-10-01,Jagiellonia Białystok,Legia Warszawa,2.0,0.0,4.0,15.0,2.0,1.0,QaHea3o2,https://www.flashscore.pl/mecz/pilka-nozna/jagiellonia-bialystok-lIDaZJTc/legia-warszawa-K6kUepBs/szczegoly/statystyki/?mid=QaHea3o2,4,14,2,1,,
1767,10,2023-09-29,Piast Gliwice,Widzew Łódź,3.0,2.0,11.0,11.0,4.0,2.0,v35wOnO2,https://www.flashscore.pl/mecz/pilka-nozna/piast-gliwice-ve2oT9ck/widzew-lodz-rNOIW3uC/szczegoly/statystyki/?mid=v35wOnO2,10,11,4,2,,
1768,10,2023-10-01,Pogoń Szczecin,Lech Poznań,5.0,0.0,16.0,7.0,9.0,3.0,Ig4sN6w9,https://www.flashscore.pl/mecz/pilka-nozna/lech-poznan-OpNH7Ouf/pogon-szczecin-Um9YwPQ0/szczegoly/statystyki/?mid=Ig4sN6w9,15,5,9,3,,
1769,10,2023-09-30,Puszcza Niepołomice,Ruch Chorzów,2.0,2.0,14.0,13.0,6.0,4.0,pGzvMQhF,https://www.flashscore.pl/mecz/pilka-nozna/puszcza-dtqx13O8/ruch-chorzow-S4zygtuJ/szczegoly/statystyki/?mid=pGzvMQhF,14,14,6,4,,
1770,10,2023-10-01,Raków Częstochowa,Radomiak Radom,3.0,0.0,12.0,11.0,8.0,3.0,O6ZsLp8L,https://www.flashscore.pl/mecz/pilka-nozna/radomiak-radom-zD5nYhAT/rakow-czestochowa-SQOrbYim/szczegoly/statystyki/?mid=O6ZsLp8L,12,11,9,3,,
1771,10,2023-09-29,Stal Mielec,Korona Kielce,2.0,3.0,23.0,9.0,9.0,4.0,ITYoK4NR,https://www.flashscore.pl/mecz/pilka-nozna/korona-kielce-pp78XcbA/stal-mielec-pxXiDZkQ/szczegoly/statystyki/?mid=ITYoK4NR,23,9,9,4,,
1772,10,2023-09-30,Warta Poznań,Śląsk Wrocław,0.0,1.0,18.0,7.0,5.0,2.0,fkQDFOVr,https://www.flashscore.pl/mecz/pilka-nozna/slask-wroclaw-E1Oxemse/warta-poznan-CrVUWAl8/szczegoly/statystyki/?mid=fkQDFOVr,18,7,5,2,,
1773,10,2023-09-30,ŁKS Łódź,Cracovia,0.0,2.0,14.0,16.0,2.0,5.0,xEFIErok,https://www.flashscore.pl/mecz/pilka-nozna/cracovia-KvXSf2A6/lks-lodz-ShUKWHDG/szczegoly/statystyki/?mid=xEFIErok,14,16,2,5,,
1774,11,2023-10-08,Cracovia,Jagiellonia Białystok,2.0,4.0,16.0,13.0,4.0,6.0,G4EMD20e,https://www.flashscore.pl/mecz/pilka-nozna/cracovia-KvXSf2A6/jagiellonia-bialystok-lIDaZJTc/szczegoly/statystyki/?mid=G4EMD20e,16,12,4,5,,
1775,11,2023-10-07,Zagłębie Lubin,Piast Gliwice,1.0,1.0,12.0,14.0,6.0,5.0,pvJQCMF1,https://www.flashscore.pl/mecz/pilka-nozna/piast-gliwice-ve2oT9ck/zaglebie-lubin-tlYOere0/szczegoly/statystyki/?mid=pvJQCMF1,12,15,6,5,,
1776,11,2023-10-06,Korona Kielce,Warta Poznań,1.0,1.0,11.0,6.0,3.0,2.0,OUHUBtV7,https://www.flashscore.pl/mecz/pilka-nozna/korona-kielce-pp78XcbA/warta-poznan-CrVUWAl8/szczegoly/statystyki/?mid=OUHUBtV7,11,6,3,2,,
1777,11,2023-10-06,Lech Poznań,Puszcza Niepołomice,4.0,1.0,13.0,10.0,9.0,2.0,QZeDzQ78,https://www.flashscore.pl/mecz/pilka-nozna/lech-poznan-OpNH7Ouf/puszcza-dtqx13O8/szczegoly/statystyki/?mid=QZeDzQ78,13,10,9,2,,
1778,11,2023-10-08,Legia Warszawa,Raków Częstochowa,1.0,2.0,22.0,8.0,5.0,2.0,xAaHZqNE,https://www.flashscore.pl/mecz/pilka-nozna/legia-warszawa-K6kUepBs/rakow-czestochowa-SQOrbYim/szczegoly/statystyki/?mid=xAaHZqNE,22,8,5,2,,
1779,11,2023-10-07,Radomiak Radom,ŁKS Łódź,3.0,0.0,16.0,10.0,8.0,3.0,WWbLY3xL,https://www.flashscore.pl/mecz/pilka-nozna/lks-lodz-ShUKWHDG/radomiak-radom-zD5nYhAT/szczegoly/statystyki/?mid=WWbLY3xL,16,12,8,3,,
1780,11,2023-10-07,Ruch Chorzów,Pogoń Szczecin,0.0,3.0,10.0,17.0,5.0,8.0,ANcPXNiR,https://www.flashscore.pl/mecz/pilka-nozna/pogon-szczecin-Um9YwPQ0/ruch-chorzow-S4zygtuJ/szczegoly/statystyki/?mid=ANcPXNiR,10,16,5,7,,
1781,11,2023-10-07,Widzew Łódź,Stal Mielec,1.0,0.0,15.0,10.0,4.0,4.0,jHuhTs0r,https://www.flashscore.pl/mecz/pilka-nozna/stal-mielec-pxXiDZkQ/widzew-lodz-rNOIW3uC/szczegoly/statystyki/?mid=jHuhTs0r,16,10,4,4,,
1782,11,2023-10-08,Śląsk Wrocław,Górnik Zabrze,1.0,1.0,15.0,12.0,8.0,2.0,U7vdS1Fl,https://www.flashscore.pl/mecz/pilka-nozna/gornik-zabrze-2LH3Ywq4/slask-wroclaw-E1Oxemse/szczegoly/statystyki/?mid=U7vdS1Fl,15,13,8,2,,
1783,12,2023-10-22,Górnik Zabrze,Raków Częstochowa,2.0,1.0,9.0,16.0,4.0,6.0,OUw0RLUf,https://www.flashscore.pl/mecz/pilka-nozna/gornik-zabrze-2LH3Ywq4/rakow-czestochowa-SQOrbYim/szczegoly/statystyki/?mid=OUw0RLUf,9,16,4,6,,
1784,12,2023-10-20,Jagiellonia Białystok,Zagłębie Lubin,3.0,0.0,18.0,8.0,8.0,1.0,xYs4Qup1,https://www.flashscore.pl/mecz/pilka-nozna/jagiellonia-bialystok-lIDaZJTc/zaglebie-lubin-tlYOere0/szczegoly/statystyki/?mid=xYs4Qup1,17,8,8,1,,
1785,12,2023-10-21,Lech Poznań,ŁKS Łódź,3.0,1.0,16.0,7.0,5.0,2.0,KdX8Paa7,https://www.flashscore.pl/mecz/pilka-nozna/lech-poznan-OpNH7Ouf/lks-lodz-ShUKWHDG/szczegoly/statystyki/?mid=KdX8Paa7,16,7,5,2,,
1786,12,2023-10-20,Piast Gliwice,Pogoń Szczecin,0.0,0.0,6.0,7.0,3.0,1.0,bmWCOJED,https://www.flashscore.pl/mecz/pilka-nozna/piast-gliwice-ve2oT9ck/pogon-szczecin-Um9YwPQ0/szczegoly/statystyki/?mid=bmWCOJED,5,7,3,1,,
1787,12,2023-10-21,Puszcza Niepołomice,Cracovia,1.0,1.0,14.0,10.0,3.0,3.0,QgKfm3iE,https://www.flashscore.pl/mecz/pilka-nozna/cracovia-KvXSf2A6/puszcza-dtqx13O8/szczegoly/statystyki/?mid=QgKfm3iE,15,10,4,3,,
1788,12,2023-10-22,Radomiak Radom,Korona Kielce,1.0,1.0,13.0,20.0,4.0,3.0,2JsOVzMt,https://www.flashscore.pl/mecz/pilka-nozna/korona-kielce-pp78XcbA/radomiak-radom-zD5nYhAT/szczegoly/statystyki/?mid=2JsOVzMt,14,22,4,3,,
1789,12,2023-10-23,Stal Mielec,Warta Poznań,0.0,1.0,10.0,10.0,2.0,3.0,prXSUfym,https://www.flashscore.pl/mecz/pilka-nozna/stal-mielec-pxXiDZkQ/warta-poznan-CrVUWAl8/szczegoly/statystyki/?mid=prXSUfym,10,10,2,3,,
1791,12,2023-10-21,Śląsk Wrocław,Legia Warszawa,4.0,0.0,11.0,16.0,6.0,3.0,h8zyTY5a,https://www.flashscore.pl/mecz/pilka-nozna/legia-warszawa-K6kUepBs/slask-wroclaw-E1Oxemse/szczegoly/statystyki/?mid=h8zyTY5a,11,16,6,3,,
1792,13,2023-10-28,Cracovia,Lech Poznań,1.0,1.0,17.0,13.0,6.0,8.0,WbZvShL5,https://www.flashscore.pl/mecz/pilka-nozna/cracovia-KvXSf2A6/lech-poznan-OpNH7Ouf/szczegoly/statystyki/?mid=WbZvShL5,17,13,6,8,,
1793,13,2023-10-29,Zagłębie Lubin,Radomiak Radom,2.0,3.0,30.0,9.0,7.0,5.0,lzUqRCzC,https://www.flashscore.pl/mecz/pilka-nozna/radomiak-radom-zD5nYhAT/zaglebie-lubin-tlYOere0/szczegoly/statystyki/?mid=lzUqRCzC,31,10,7,5,,
1794,13,2023-10-27,Korona Kielce,Puszcza Niepołomice,5.0,3.0,19.0,17.0,9.0,4.0,SQSmQWkI,https://www.flashscore.pl/mecz/pilka-nozna/korona-kielce-pp78XcbA/puszcza-dtqx13O8/szczegoly/statystyki/?mid=SQSmQWkI,19,17,10,4,,
1795,13,2023-10-29,Legia Warszawa,Stal Mielec,1.0,3.0,25.0,3.0,5.0,3.0,MmSiPj5O,https://www.flashscore.pl/mecz/pilka-nozna/legia-warszawa-K6kUepBs/stal-mielec-pxXiDZkQ/szczegoly/statystyki/?mid=MmSiPj5O,25,3,5,3,,
1796,13,2023-10-28,Pogoń Szczecin,Jagiellonia Białystok,2.0,1.0,16.0,6.0,6.0,1.0,KYpeOAKU,https://www.flashscore.pl/mecz/pilka-nozna/jagiellonia-bialystok-lIDaZJTc/pogon-szczecin-Um9YwPQ0/szczegoly/statystyki/?mid=KYpeOAKU,16,7,6,2,,
1797,13,2023-10-29,Raków Częstochowa,Widzew Łódź,1.0,1.0,18.0,9.0,7.0,3.0,nPbaT2Hu,https://www.flashscore.pl/mecz/pilka-nozna/rakow-czestochowa-SQOrbYim/widzew-lodz-rNOIW3uC/szczegoly/statystyki/?mid=nPbaT2Hu,18,9,7,3,,
1798,13,2023-10-28,Ruch Chorzów,Śląsk Wrocław,2.0,2.0,9.0,8.0,4.0,5.0,QFc3SMWo,https://www.flashscore.pl/mecz/pilka-nozna/ruch-chorzow-S4zygtuJ/slask-wroclaw-E1Oxemse/szczegoly/statystyki/?mid=QFc3SMWo,9,8,4,5,,
1799,13,2023-10-28,Warta Poznań,Piast Gliwice,1.0,1.0,7.0,13.0,1.0,3.0,fk27Rtnh,https://www.flashscore.pl/mecz/pilka-nozna/piast-gliwice-ve2oT9ck/warta-poznan-CrVUWAl8/szczegoly/statystyki/?mid=fk27Rtnh,7,13,1,3,,
1800,13,2023-10-27,ŁKS Łódź,Górnik Zabrze,0.0,5.0,14.0,18.0,0.0,7.0,Yu1BQ01b,https://www.flashscore.pl/mecz/pilka-nozna/gornik-zabrze-2LH3Ywq4/lks-lodz-ShUKWHDG/szczegoly/statystyki/?mid=Yu1BQ01b,14,18,0,7,,
