xg_gosp,xg_gosc,posiadanie_gosp,posiadanie_gosc,strzaly_gosp,strzaly_gosc,celne_gosp,celne_gosc,rozne_gosp,rozne_gosc,podania_gosp,podania_gosc,zk_gosp,zk_gosc,strzaly_niecelne_gosp,strzaly_niecelne_gosc,spalone_gosp,spalone_gosc,rzuty_wolne_gosp,rzuty_wolne_gosc,faule_gosp,faule_gosc,obrony_bramkarza_gosp,obrony_bramkarza_gosc,zapobiegniecia_gosc,bledy_strzal_gosc,bledy_gol_gosc,bledy_gol_gosp,zapobiegniecia_gosp,czk_gosc,czk_gosp,bledy_strzal_gosp,data_meczu_flash,kolejka_flash,url,flash_id,strzaly_zablokowane_gosp,strzaly_zablokowane_gosc
1.48,1.05,54,46,14,14,6,2,6,6,357,271,3,3,8,12,0,1,19,8,8,18,2,3,0,0,0,0,0,0,0,0,2024-05-25,34,https://www.flashscore.pl/mecz/pilka-nozna/jagiellonia-bialystok-lIDaZJTc/warta-poznan-CrVUWAl8/szczegoly/statystyki/?mid=phWZm4I5,phWZm4I5,,
0.82,2.03,55,45,8,23,3,12,5,13,299,207,6,7,5,11,1,4,1,1,13,15,10,2,0,0,0,0,0,0,1,0,2024-05-25,34,https://www.flashscore.pl/mecz/pilka-nozna/korona-kielce-pp78XcbA/lech-poznan-OpNH7Ouf/szczegoly/statystyki/?mid=vFVwmOXB,vFVwmOXB,,
2.18,0.66,46,54,16,10,7,3,5,5,356,427,2,3,9,7,3,1,18,17,15,16,2,5,0,0,0,0,0,0,0,0,2024-05-25,34,https://www.flashscore.pl/mecz/pilka-nozna/legia-warszawa-K6kUepBs/zaglebie-lubin-tlYOere0/szczegoly/statystyki/?mid=I5UsnrmI,I5UsnrmI,,
0.73,2.42,50,50,13,15,4,5,3,5,438,347,2,1,9,10,3,0,12,14,13,12,3,1,0,0,0,0,0,1,0,0,2024-05-25,34,https://www.flashscore.pl/mecz/pilka-nozna/lks-lodz-ShUKWHDG/stal-mielec-pxXiDZkQ/szczegoly/statystyki/?mid=zcT023Xb,zcT023Xb,,
2.11,0.28,48,52,22,9,5,2,9,5,387,374,4,4,17,7,2,2,9,7,12,7,2,4,0,0,0,0,0,0,0,0,2024-05-25,34,https://www.flashscore.pl/mecz/pilka-nozna/gornik-zabrze-2LH3Ywq4/pogon-szczecin-Um9YwPQ0/szczegoly/statystyki/?mid=pS0vo22O,pS0vo22O,,
0.91,1.24,33,67,8,17,1,6,3,6,191,465,3,2,7,11,0,1,8,21,20,5,6,0,0,0,0,0,0,0,0,0,2024-05-25,34,https://www.flashscore.pl/mecz/pilka-nozna/piast-gliwice-ve2oT9ck/puszcza-dtqx13O8/szczegoly/statystyki/?mid=OIarpMHU,OIarpMHU,,
1.46,1.70,48,52,12,13,5,4,5,4,371,379,3,3,7,9,1,0,13,10,10,13,1,4,0,0,0,0,0,0,0,0,2024-05-25,34,https://www.flashscore.pl/mecz/pilka-nozna/radomiak-radom-zD5nYhAT/widzew-lodz-rNOIW3uC/szczegoly/statystyki/?mid=0vyl55mt,0vyl55mt,,
1.64,1.22,51,49,11,9,2,3,4,4,201,180,4,1,9,6,2,3,12,4,14,14,1,1,0,0,0,0,0,0,0,0,2024-05-25,34,https://www.flashscore.pl/mecz/pilka-nozna/rakow-czestochowa-SQOrbYim/slask-wroclaw-E1Oxemse/szczegoly/statystyki/?mid=Esuh4P2n,Esuh4P2n,,
3.68,0.77,54,46,15,12,4,0,3,2,391,296,2,1,11,12,0,1,15,7,10,14,0,2,0,0,0,0,0,1,0,0,2024-05-25,34,https://www.flashscore.pl/mecz/pilka-nozna/cracovia-KvXSf2A6/ruch-chorzow-S4zygtuJ/szczegoly/statystyki/?mid=d6Ud3qIh,d6Ud3qIh,,
2.37,0.84,52,48,25,13,10,7,8,0,427,393,2,4,15,6,0,1,19,8,9,18,6,8,0,0,0,0,0,0,1,0,2024-05-20,33,https://www.flashscore.pl/mecz/pilka-nozna/lks-lodz-ShUKWHDG/zaglebie-lubin-tlYOere0/szczegoly/statystyki/?mid=QB54YOII,QB54YOII,,
2.39,1.20,47,53,25,14,11,3,9,4,346,416,3,4,14,11,1,3,14,13,11,12,2,10,0,0,0,0,0,0,0,0,2024-05-19,33,https://www.flashscore.pl/mecz/pilka-nozna/lech-poznan-OpNH7Ouf/widzew-lodz-rNOIW3uC/szczegoly/statystyki/?mid=lQxRkQmg,lQxRkQmg,,
0.52,0.73,34,66,13,13,0,4,2,6,175,409,1,0,13,9,2,0,9,16,15,9,3,0,0,0,0,0,0,0,0,0,2024-05-19,33,https://www.flashscore.pl/mecz/pilka-nozna/legia-warszawa-K6kUepBs/warta-poznan-CrVUWAl8/szczegoly/statystyki/?mid=AZwNj6Yn,AZwNj6Yn,,
2.68,0.93,20,80,9,18,4,4,4,9,54,460,2,3,5,14,1,0,13,12,11,14,4,2,0,0,0,0,0,0,0,0,2024-05-19,33,https://www.flashscore.pl/mecz/pilka-nozna/cracovia-KvXSf2A6/rakow-czestochowa-SQOrbYim/szczegoly/statystyki/?mid=hb7dzol6,hb7dzol6,,
0.29,0.66,47,53,9,11,1,4,6,4,367,412,4,2,8,7,0,2,11,15,16,9,3,0,0,0,0,0,0,0,0,0,2024-05-18,33,https://www.flashscore.pl/mecz/pilka-nozna/jagiellonia-bialystok-lIDaZJTc/piast-gliwice-ve2oT9ck/szczegoly/statystyki/?mid=vimidSAP,vimidSAP,,
1.56,0.36,50,50,13,8,5,1,6,3,311,298,1,2,8,7,1,2,11,15,15,9,1,3,0,0,0,0,0,1,0,0,2024-05-18,33,https://www.flashscore.pl/mecz/pilka-nozna/radomiak-radom-zD5nYhAT/slask-wroclaw-E1Oxemse/szczegoly/statystyki/?mid=WlSVlp3a,WlSVlp3a,,
2.37,0.29,46,54,26,7,4,2,7,4,215,257,2,2,22,5,0,0,9,19,20,8,2,2,0,0,0,0,0,0,0,0,2024-05-18,33,https://www.flashscore.pl/mecz/pilka-nozna/korona-kielce-pp78XcbA/ruch-chorzow-S4zygtuJ/szczegoly/statystyki/?mid=xn98XrYO,xn98XrYO,,
1.47,0.45,48,52,10,11,4,1,4,3,304,333,1,3,6,10,0,1,17,8,9,15,0,3,0,0,0,0,0,1,1,0,2024-05-17,33,https://www.flashscore.pl/mecz/pilka-nozna/gornik-zabrze-2LH3Ywq4/puszcza-dtqx13O8/szczegoly/statystyki/?mid=Wl60Z43C,Wl60Z43C,,
0.43,1.45,40,60,6,18,1,4,5,7,245,440,1,1,5,14,2,0,11,10,8,11,4,1,0,0,0,0,0,0,0,0,2024-05-17,33,https://www.flashscore.pl/mecz/pilka-nozna/pogon-szczecin-Um9YwPQ0/stal-mielec-pxXiDZkQ/szczegoly/statystyki/?mid=t0ZIinJt,t0ZIinJt,,
2.09,1.28,52,48,22,10,6,3,9,6,308,287,0,4,16,7,1,4,14,10,9,11,1,6,0,0,0,0,0,0,0,0,2024-05-13,32,https://www.flashscore.pl/mecz/pilka-nozna/radomiak-radom-zD5nYhAT/ruch-chorzow-S4zygtuJ/szczegoly/statystyki/?mid=l6AuvTls,l6AuvTls,,
0.56,1.45,64,36,11,9,3,1,3,3,390,185,3,2,8,8,1,1,14,18,22,14,0,2,0,0,0,0,0,0,0,0,2024-05-12,32,https://www.flashscore.pl/mecz/pilka-nozna/lech-poznan-OpNH7Ouf/legia-warszawa-K6kUepBs/szczegoly/statystyki/?mid=xSpRK5lJ,xSpRK5lJ,,
0.68,0.86,61,39,16,11,4,5,5,3,507,313,0,2,12,6,0,4,7,4,4,3,2,3,0,0,0,0,0,0,0,0,2024-05-12,32,https://www.flashscore.pl/mecz/pilka-nozna/widzew-lodz-rNOIW3uC/zaglebie-lubin-tlYOere0/szczegoly/statystyki/?mid=dWDmx7Jg,dWDmx7Jg,,
1.29,0.47,38,62,21,10,9,1,11,7,122,264,4,1,12,9,3,0,14,21,16,15,1,8,0,0,0,0,0,0,0,0,2024-05-12,32,https://www.flashscore.pl/mecz/pilka-nozna/puszcza-dtqx13O8/warta-poznan-CrVUWAl8/szczegoly/statystyki/?mid=rPXCr9tQ,rPXCr9tQ,,
2.77,0.82,42,58,11,11,5,1,3,3,252,383,2,5,6,10,2,1,18,11,9,18,0,3,0,0,0,0,0,1,0,0,2024-05-11,32,https://www.flashscore.pl/mecz/pilka-nozna/pogon-szczecin-Um9YwPQ0/rakow-czestochowa-SQOrbYim/szczegoly/statystyki/?mid=29Eqwm4m,29Eqwm4m,,
2.69,1.12,53,47,7,13,4,6,3,2,420,370,1,0,3,7,0,4,23,15,14,20,6,1,0,0,0,0,0,0,0,0,2024-05-11,32,https://www.flashscore.pl/mecz/pilka-nozna/jagiellonia-bialystok-lIDaZJTc/korona-kielce-pp78XcbA/szczegoly/statystyki/?mid=bynNLoZC,bynNLoZC,,
0.87,0.26,52,48,14,10,5,5,7,4,439,384,3,1,9,5,0,0,13,10,10,13,4,4,0,0,0,0,0,0,0,0,2024-05-11,32,https://www.flashscore.pl/mecz/pilka-nozna/gornik-zabrze-2LH3Ywq4/stal-mielec-pxXiDZkQ/szczegoly/statystyki/?mid=GCdIMRJ6,GCdIMRJ6,,
2.22,0.17,43,57,10,6,6,1,4,3,256,358,1,4,4,5,1,0,14,9,9,14,1,2,0,0,0,0,0,1,0,0,2024-05-10,32,https://www.flashscore.pl/mecz/pilka-nozna/cracovia-KvXSf2A6/slask-wroclaw-E1Oxemse/szczegoly/statystyki/?mid=zNCiyRYa,zNCiyRYa,,
2.58,0.36,53,47,20,9,9,2,5,5,411,352,0,0,11,7,0,1,10,11,10,9,2,5,0,0,0,0,0,0,0,0,2024-05-10,32,https://www.flashscore.pl/mecz/pilka-nozna/lks-lodz-ShUKWHDG/piast-gliwice-ve2oT9ck/szczegoly/statystyki/?mid=4YY8qkRJ,4YY8qkRJ,,
1.19,0.79,68,32,17,9,4,2,10,2,427,149,1,2,13,7,1,4,11,5,3,8,2,3,0,0,0,0,0,0,0,0,2024-05-06,31,https://www.flashscore.pl/mecz/pilka-nozna/pogon-szczecin-Um9YwPQ0/puszcza-dtqx13O8/szczegoly/statystyki/?mid=zexYsxjF,zexYsxjF,,
0.61,1.00,54,46,12,15,0,7,6,3,374,318,4,5,12,8,0,1,13,11,11,13,4,0,0,0,0,0,0,0,1,0,2024-05-05,31,https://www.flashscore.pl/mecz/pilka-nozna/legia-warszawa-K6kUepBs/radomiak-radom-zD5nYhAT/szczegoly/statystyki/?mid=tYxUrIz9,tYxUrIz9,,
1.17,1.30,50,50,10,9,3,3,7,3,307,289,6,4,7,6,1,1,8,15,13,10,2,2,0,0,0,0,0,0,0,0,2024-05-05,31,https://www.flashscore.pl/mecz/pilka-nozna/korona-kielce-pp78XcbA/piast-gliwice-ve2oT9ck/szczegoly/statystyki/?mid=rmKQqbL2,rmKQqbL2,,
0.55,0.88,39,61,8,12,3,4,0,4,231,420,1,1,5,8,2,1,11,16,16,10,3,2,0,0,0,0,0,0,0,0,2024-05-05,31,https://www.flashscore.pl/mecz/pilka-nozna/warta-poznan-CrVUWAl8/widzew-lodz-rNOIW3uC/szczegoly/statystyki/?mid=8ngAOmkf,8ngAOmkf,,
0.70,2.43,31,69,12,11,5,5,2,5,190,586,0,2,7,6,0,0,6,5,10,13,3,2,0,0,0,0,0,0,0,0,2024-05-04,31,https://www.flashscore.pl/mecz/pilka-nozna/jagiellonia-bialystok-lIDaZJTc/stal-mielec-pxXiDZkQ/szczegoly/statystyki/?mid=Uef6PTZm,Uef6PTZm,,
1.04,0.97,34,66,10,15,3,3,4,9,203,481,2,0,7,12,1,2,2,7,17,6,3,1,0,0,0,0,0,0,0,0,2024-05-04,31,https://www.flashscore.pl/mecz/pilka-nozna/rakow-czestochowa-SQOrbYim/zaglebie-lubin-tlYOere0/szczegoly/statystyki/?mid=trtrLEr2,trtrLEr2,,
1.74,1.59,67,33,17,12,5,5,6,6,427,174,1,3,12,7,2,3,13,11,9,11,3,4,0,0,0,0,0,1,0,0,2024-05-04,31,https://www.flashscore.pl/mecz/pilka-nozna/lks-lodz-ShUKWHDG/slask-wroclaw-E1Oxemse/szczegoly/statystyki/?mid=29hEN740,29hEN740,,
1.84,1.48,44,56,15,12,4,3,3,7,277,396,2,0,11,9,0,3,10,13,13,7,2,2,0,0,0,0,0,0,0,0,2024-05-03,31,https://www.flashscore.pl/mecz/pilka-nozna/lech-poznan-OpNH7Ouf/ruch-chorzow-S4zygtuJ/szczegoly/statystyki/?mid=CKa1Q9Ks,CKa1Q9Ks,,
1.44,0.20,31,69,18,6,6,2,6,6,183,497,3,3,12,4,0,1,7,13,14,6,2,1,0,0,0,0,0,1,0,0,2024-05-03,31,https://www.flashscore.pl/mecz/pilka-nozna/cracovia-KvXSf2A6/gornik-zabrze-2LH3Ywq4/szczegoly/statystyki/?mid=2isvMfTe,2isvMfTe,,
0.59,0.47,45,55,15,12,2,4,7,7,207,273,2,2,13,8,1,0,11,11,10,10,3,1,0,0,0,0,0,0,0,0,2024-04-29,30,https://www.flashscore.pl/mecz/pilka-nozna/korona-kielce-pp78XcbA/puszcza-dtqx13O8/szczegoly/statystyki/?mid=tKceUILF,tKceUILF,,
1.24,0.59,75,25,15,5,5,1,7,3,647,168,1,2,10,4,2,0,7,8,11,10,1,5,0,0,0,0,0,0,0,0,2024-04-28,30,https://www.flashscore.pl/mecz/pilka-nozna/cracovia-KvXSf2A6/lech-poznan-OpNH7Ouf/szczegoly/statystyki/?mid=MHsfWvi3,MHsfWvi3,,
0.56,3.61,52,48,8,16,2,7,0,4,348,320,2,2,6,9,1,2,12,15,16,10,4,1,0,0,0,0,0,0,0,0,2024-04-28,30,https://www.flashscore.pl/mecz/pilka-nozna/legia-warszawa-K6kUepBs/stal-mielec-pxXiDZkQ/szczegoly/statystyki/?mid=lp13SdjS,lp13SdjS,,
1.05,3.28,58,42,13,16,5,7,6,5,288,187,3,2,8,9,1,1,14,15,14,13,3,2,0,0,0,0,0,0,0,0,2024-04-28,30,https://www.flashscore.pl/mecz/pilka-nozna/radomiak-radom-zD5nYhAT/zaglebie-lubin-tlYOere0/szczegoly/statystyki/?mid=zscaTxyM,zscaTxyM,,
0.89,1.54,40,60,7,22,2,6,4,12,251,435,3,4,5,16,0,1,23,12,12,21,5,2,0,0,0,0,0,0,1,0,2024-04-27,30,https://www.flashscore.pl/mecz/pilka-nozna/rakow-czestochowa-SQOrbYim/widzew-lodz-rNOIW3uC/szczegoly/statystyki/?mid=fRwWNGbq,fRwWNGbq,,
2.00,0.60,60,40,23,6,6,5,10,2,338,216,2,3,17,1,1,1,13,9,8,12,2,4,0,0,0,0,0,0,0,0,2024-04-27,30,https://www.flashscore.pl/mecz/pilka-nozna/ruch-chorzow-S4zygtuJ/slask-wroclaw-E1Oxemse/szczegoly/statystyki/?mid=YHxzNzEk,YHxzNzEk,,
1.78,1.05,49,51,18,11,7,5,9,4,369,383,2,3,11,6,0,2,14,11,13,12,4,3,0,0,0,0,0,0,0,0,2024-04-27,30,https://www.flashscore.pl/mecz/pilka-nozna/gornik-zabrze-2LH3Ywq4/lks-lodz-ShUKWHDG/szczegoly/statystyki/?mid=UNf88yad,UNf88yad,,
1.14,1.54,56,44,13,15,3,5,9,4,402,296,3,1,10,10,4,1,13,10,6,12,3,1,0,0,0,0,0,0,0,0,2024-04-26,30,https://www.flashscore.pl/mecz/pilka-nozna/jagiellonia-bialystok-lIDaZJTc/pogon-szczecin-Um9YwPQ0/szczegoly/statystyki/?mid=rRrjXKyc,rRrjXKyc,,
1.13,0.69,58,42,13,8,6,2,1,4,446,275,0,0,7,6,1,2,17,8,7,16,2,4,0,0,0,0,0,0,0,0,2024-04-26,30,https://www.flashscore.pl/mecz/pilka-nozna/piast-gliwice-ve2oT9ck/warta-poznan-CrVUWAl8/szczegoly/statystyki/?mid=2TbiVb69,2TbiVb69,,
0.98,1.11,42,58,11,15,7,4,2,2,299,443,0,1,4,11,2,1,10,12,10,10,2,2,0,0,0,0,0,0,0,0,2024-04-22,29,https://www.flashscore.pl/mecz/pilka-nozna/stal-mielec-pxXiDZkQ/warta-poznan-CrVUWAl8/szczegoly/statystyki/?mid=Ye1aAcUq,Ye1aAcUq,,
0.94,0.29,66,34,14,9,3,3,5,2,559,267,0,3,11,6,0,1,11,14,15,10,3,3,0,0,0,0,0,0,0,0,2024-04-21,29,https://www.flashscore.pl/mecz/pilka-nozna/legia-warszawa-K6kUepBs/slask-wroclaw-E1Oxemse/szczegoly/statystyki/?mid=tbMKHuxA,tbMKHuxA,,
2.54,2.15,38,62,12,16,6,8,1,7,280,475,4,2,6,8,1,1,9,10,8,9,5,4,0,0,0,0,0,0,1,0,2024-04-21,29,https://www.flashscore.pl/mecz/pilka-nozna/lech-poznan-OpNH7Ouf/lks-lodz-ShUKWHDG/szczegoly/statystyki/?mid=GKj49Hqj,GKj49Hqj,,
0.43,0.65,57,43,14,9,2,3,9,3,332,210,2,4,12,6,0,2,16,11,11,17,2,2,0,0,0,0,0,0,0,0,2024-04-21,29,https://www.flashscore.pl/mecz/pilka-nozna/cracovia-KvXSf2A6/puszcza-dtqx13O8/szczegoly/statystyki/?mid=dAK8Kshi,dAK8Kshi,,
1.87,2.19,49,51,25,17,4,7,9,4,357,374,1,0,21,10,2,2,11,16,14,9,5,3,0,0,0,0,0,0,0,0,2024-04-20,29,https://www.flashscore.pl/mecz/pilka-nozna/jagiellonia-bialystok-lIDaZJTc/zaglebie-lubin-tlYOere0/szczegoly/statystyki/?mid=z1JCJ17c,z1JCJ17c,,
1.71,2.03,55,45,22,13,7,6,2,5,413,319,1,4,15,7,4,0,8,11,9,8,3,5,0,0,0,0,0,0,0,0,2024-04-20,29,https://www.flashscore.pl/mecz/pilka-nozna/ruch-chorzow-S4zygtuJ/widzew-lodz-rNOIW3uC/szczegoly/statystyki/?mid=WnFXEwMS,WnFXEwMS,,
1.24,0.59,65,35,14,8,4,3,4,4,529,247,0,1,10,5,1,5,14,15,13,11,1,4,0,0,0,0,0,0,0,0,2024-04-20,29,https://www.flashscore.pl/mecz/pilka-nozna/piast-gliwice-ve2oT9ck/pogon-szczecin-Um9YwPQ0/szczegoly/statystyki/?mid=OMBPGaiG,OMBPGaiG,,
1.83,1.38,50,50,15,11,2,3,8,2,368,375,3,0,13,8,0,1,9,12,13,8,2,2,0,0,0,0,0,0,1,0,2024-04-19,29,https://www.flashscore.pl/mecz/pilka-nozna/gornik-zabrze-2LH3Ywq4/rakow-czestochowa-SQOrbYim/szczegoly/statystyki/?mid=2DATFJ6M,2DATFJ6M,,
3.88,0.55,36,64,16,14,6,5,2,10,131,296,3,4,10,9,1,1,17,16,15,17,5,2,0,0,0,0,0,0,0,0,2024-04-19,29,https://www.flashscore.pl/mecz/pilka-nozna/korona-kielce-pp78XcbA/radomiak-radom-zD5nYhAT/szczegoly/statystyki/?mid=UNIGILM3,UNIGILM3,,
2.13,0.23,43,57,17,6,8,1,4,4,307,428,2,2,9,5,1,1,10,12,11,9,1,6,0,0,0,0,0,0,0,0,2024-04-15,28,https://www.flashscore.pl/mecz/pilka-nozna/piast-gliwice-ve2oT9ck/zaglebie-lubin-tlYOere0/szczegoly/statystyki/?mid=fTrv52h4,fTrv52h4,,
1.00,1.33,44,56,9,22,6,3,2,8,300,388,1,2,3,19,0,1,13,9,9,12,3,4,0,0,0,0,0,0,0,0,2024-04-14,28,https://www.flashscore.pl/mecz/pilka-nozna/gornik-zabrze-2LH3Ywq4/slask-wroclaw-E1Oxemse/szczegoly/statystyki/?mid=YDfV6ONi,YDfV6ONi,,
2.01,2.62,72,28,20,18,6,9,9,4,478,150,2,4,14,9,1,1,16,9,8,16,6,5,0,0,0,0,0,0,1,0,2024-04-14,28,https://www.flashscore.pl/mecz/pilka-nozna/cracovia-KvXSf2A6/jagiellonia-bialystok-lIDaZJTc/szczegoly/statystyki/?mid=Gxpz6rwb,Gxpz6rwb,,
0.36,0.12,57,43,18,17,6,6,4,3,403,269,3,2,12,11,2,0,12,14,12,12,4,3,0,0,0,0,0,1,0,0,2024-04-14,28,https://www.flashscore.pl/mecz/pilka-nozna/lks-lodz-ShUKWHDG/radomiak-radom-zD5nYhAT/szczegoly/statystyki/?mid=KhyQebFj,KhyQebFj,,
0.45,0.56,57,43,7,7,5,2,3,3,422,283,2,2,2,5,2,0,16,16,14,16,1,4,0,0,0,0,0,0,0,0,2024-04-13,28,https://www.flashscore.pl/mecz/pilka-nozna/legia-warszawa-K6kUepBs/rakow-czestochowa-SQOrbYim/szczegoly/statystyki/?mid=AJoj20xN,AJoj20xN,,
1.53,0.75,31,69,12,16,5,2,8,6,130,408,2,2,7,14,1,2,10,13,13,8,1,3,0,0,0,0,0,0,0,0,2024-04-13,28,https://www.flashscore.pl/mecz/pilka-nozna/lech-poznan-OpNH7Ouf/puszcza-dtqx13O8/szczegoly/statystyki/?mid=Sfdo3tNG,Sfdo3tNG,,
0.77,0.38,42,58,7,9,2,1,4,8,281,422,1,4,5,8,1,1,8,7,7,12,1,2,0,0,0,0,0,0,0,0,2024-04-13,28,https://www.flashscore.pl/mecz/pilka-nozna/stal-mielec-pxXiDZkQ/widzew-lodz-rNOIW3uC/szczegoly/statystyki/?mid=OMkf1KiT,OMkf1KiT,,
0.11,0.12,49,51,16,19,6,5,5,3,319,335,0,2,10,14,1,0,8,13,13,10,5,1,0,0,0,0,0,0,0,0,2024-04-12,28,https://www.flashscore.pl/mecz/pilka-nozna/pogon-szczecin-Um9YwPQ0/ruch-chorzow-S4zygtuJ/szczegoly/statystyki/?mid=l4cs4M7A,l4cs4M7A,,
0.42,0.06,39,61,12,7,2,4,6,1,206,368,0,0,10,3,3,1,11,25,21,10,4,1,0,0,0,0,0,0,0,0,2024-04-12,28,https://www.flashscore.pl/mecz/pilka-nozna/korona-kielce-pp78XcbA/warta-poznan-CrVUWAl8/szczegoly/statystyki/?mid=t2xMdv0p,t2xMdv0p,,
0.78,1.12,50,50,17,10,4,3,7,4,384,410,1,2,13,7,1,0,11,11,10,12,1,3,0,0,0,0,0,0,0,0,2024-04-08,27,https://www.flashscore.pl/mecz/pilka-nozna/gornik-zabrze-2LH3Ywq4/zaglebie-lubin-tlYOere0/szczegoly/statystyki/?mid=KAUehP8b,KAUehP8b,,
1.62,0.93,44,56,17,12,6,2,5,7,309,418,0,1,11,10,3,2,14,20,16,12,1,5,0,0,0,0,0,0,0,0,2024-04-07,27,https://www.flashscore.pl/mecz/pilka-nozna/jagiellonia-bialystok-lIDaZJTc/legia-warszawa-K6kUepBs/szczegoly/statystyki/?mid=8WM8kNhH,8WM8kNhH,,
0.86,1.80,49,51,10,20,4,6,5,9,311,325,0,2,6,14,1,0,6,5,8,10,6,3,0,0,0,0,0,0,0,0,2024-04-07,27,https://www.flashscore.pl/mecz/pilka-nozna/lech-poznan-OpNH7Ouf/pogon-szczecin-Um9YwPQ0/szczegoly/statystyki/?mid=E9N4j3wB,E9N4j3wB,,
1.19,0.81,55,45,15,11,2,2,6,3,445,349,2,2,13,9,3,2,8,12,9,7,2,1,0,0,0,0,0,0,0,0,2024-04-07,27,https://www.flashscore.pl/mecz/pilka-nozna/piast-gliwice-ve2oT9ck/widzew-lodz-rNOIW3uC/szczegoly/statystyki/?mid=672qqLVp,672qqLVp,,
0.38,0.31,53,47,7,4,3,0,6,2,329,281,3,5,4,4,0,1,18,12,13,17,0,1,0,0,0,0,0,1,0,0,2024-04-06,27,https://www.flashscore.pl/mecz/pilka-nozna/slask-wroclaw-E1Oxemse/warta-poznan-CrVUWAl8/szczegoly/statystyki/?mid=KAjR748o,KAjR748o,,
1.30,0.68,61,39,22,16,1,3,7,5,374,197,7,2,21,13,2,0,16,16,13,15,3,1,0,0,0,0,0,0,1,0,2024-04-06,27,https://www.flashscore.pl/mecz/pilka-nozna/puszcza-dtqx13O8/ruch-chorzow-S4zygtuJ/szczegoly/statystyki/?mid=4bGHm1NT,4bGHm1NT,,
0.72,0.54,43,57,8,11,1,0,4,3,170,267,5,4,7,11,2,2,18,21,17,17,0,0,0,0,0,0,0,0,1,0,2024-04-06,27,https://www.flashscore.pl/mecz/pilka-nozna/korona-kielce-pp78XcbA/stal-mielec-pxXiDZkQ/szczegoly/statystyki/?mid=2ZJ0iqO4,2ZJ0iqO4,,
1.23,1.79,26,74,8,13,3,4,2,7,110,480,4,0,5,9,3,0,9,12,10,10,3,2,0,0,0,0,0,0,0,0,2024-04-05,27,https://www.flashscore.pl/mecz/pilka-nozna/radomiak-radom-zD5nYhAT/rakow-czestochowa-SQOrbYim/szczegoly/statystyki/?mid=nNLCls8N,nNLCls8N,,
0.99,1.41,40,60,20,11,5,4,5,5,216,364,5,2,15,7,1,1,10,16,18,10,2,3,0,0,0,0,0,0,0,0,2024-04-05,27,https://www.flashscore.pl/mecz/pilka-nozna/cracovia-KvXSf2A6/lks-lodz-ShUKWHDG/szczegoly/statystyki/?mid=tKVig5gh,tKVig5gh,,
0.67,1.01,40,60,9,20,2,8,2,5,223,392,0,1,7,12,1,1,11,9,10,10,7,1,0,0,0,0,0,0,0,0,2024-04-02,26,https://www.flashscore.pl/mecz/pilka-nozna/warta-poznan-CrVUWAl8/zaglebie-lubin-tlYOere0/szczegoly/statystyki/?mid=YgSqeROu,YgSqeROu,,
1.88,1.66,58,42,16,9,2,6,6,6,499,338,1,3,14,3,0,4,13,14,12,10,3,1,0,0,0,0,0,0,0,0,2024-04-01,26,https://www.flashscore.pl/mecz/pilka-nozna/gornik-zabrze-2LH3Ywq4/legia-warszawa-K6kUepBs/szczegoly/statystyki/?mid=YZ7KhY2s,YZ7KhY2s,,
1.14,1.88,61,39,14,15,4,4,7,9,415,227,1,1,10,11,1,2,12,11,11,10,3,1,0,0,0,0,0,0,0,0,2024-04-01,26,https://www.flashscore.pl/mecz/pilka-nozna/korona-kielce-pp78XcbA/widzew-lodz-rNOIW3uC/szczegoly/statystyki/?mid=CpRmfovn,CpRmfovn,,
0.88,1.90,44,56,9,18,3,5,8,8,254,356,2,0,6,13,0,0,16,4,7,17,5,3,0,0,0,0,0,0,0,0,2024-04-01,26,https://www.flashscore.pl/mecz/pilka-nozna/lech-poznan-OpNH7Ouf/stal-mielec-pxXiDZkQ/szczegoly/statystyki/?mid=YFPymUWI,YFPymUWI,,
0.93,1.01,49,51,12,20,4,8,3,3,200,238,0,3,8,12,2,0,13,16,15,13,7,3,0,0,0,0,0,1,0,0,2024-04-01,26,https://www.flashscore.pl/mecz/pilka-nozna/puszcza-dtqx13O8/radomiak-radom-zD5nYhAT/szczegoly/statystyki/?mid=QkMTlj26,QkMTlj26,,
1.08,1.00,61,39,13,12,3,2,1,6,489,254,3,0,10,10,3,1,8,10,8,8,1,1,0,0,0,0,0,0,0,0,2024-03-30,26,https://www.flashscore.pl/mecz/pilka-nozna/cracovia-KvXSf2A6/pogon-szczecin-Um9YwPQ0/szczegoly/statystyki/?mid=naNPkWn0,naNPkWn0,,
1.03,1.36,47,53,14,10,3,4,14,1,301,354,3,2,11,6,2,1,8,13,12,8,2,1,0,0,0,0,0,0,0,0,2024-03-30,26,https://www.flashscore.pl/mecz/pilka-nozna/piast-gliwice-ve2oT9ck/slask-wroclaw-E1Oxemse/szczegoly/statystyki/?mid=6m6SjCXg,6m6SjCXg,,
3.33,0.74,64,36,28,8,9,2,12,2,479,255,1,1,19,6,2,3,15,10,8,13,2,3,0,0,0,0,0,1,0,0,2024-03-30,26,https://www.flashscore.pl/mecz/pilka-nozna/jagiellonia-bialystok-lIDaZJTc/lks-lodz-ShUKWHDG/szczegoly/statystyki/?mid=Sd7OihIm,Sd7OihIm,,
0.97,0.23,36,64,13,12,3,2,3,3,198,405,0,3,10,10,1,1,23,14,14,24,1,2,0,0,0,0,0,0,0,0,2024-03-30,26,https://www.flashscore.pl/mecz/pilka-nozna/rakow-czestochowa-SQOrbYim/ruch-chorzow-S4zygtuJ/szczegoly/statystyki/?mid=KCLXmAHC,KCLXmAHC,,
0.48,1.47,40,60,6,7,3,1,1,3,267,427,3,2,3,6,0,2,12,17,17,10,0,0,0,0,0,0,0,0,1,0,2024-03-17,25,https://www.flashscore.pl/mecz/pilka-nozna/legia-warszawa-K6kUepBs/piast-gliwice-ve2oT9ck/szczegoly/statystyki/?mid=8hzbyXX6,8hzbyXX6,,
1.55,4.44,40,60,10,32,1,7,3,11,219,390,4,2,9,25,0,0,6,15,16,7,6,0,0,0,0,0,0,0,0,0,2024-03-17,25,https://www.flashscore.pl/mecz/pilka-nozna/lks-lodz-ShUKWHDG/rakow-czestochowa-SQOrbYim/szczegoly/statystyki/?mid=EkRmbfuK,EkRmbfuK,,
1.99,1.52,38,62,11,14,3,4,4,8,209,386,3,2,8,10,3,0,18,14,12,18,2,1,0,0,0,0,0,0,0,0,2024-03-17,25,https://www.flashscore.pl/mecz/pilka-nozna/korona-kielce-pp78XcbA/pogon-szczecin-Um9YwPQ0/szczegoly/statystyki/?mid=SrSkwg3f,SrSkwg3f,,
0.90,0.29,58,42,18,6,5,3,10,2,328,203,2,4,13,3,2,0,14,16,14,16,3,5,0,0,0,0,0,0,0,0,2024-03-16,25,https://www.flashscore.pl/mecz/pilka-nozna/puszcza-dtqx13O8/slask-wroclaw-E1Oxemse/szczegoly/statystyki/?mid=dEGhcEfQ,dEGhcEfQ,,
1.36,0.54,55,45,23,8,5,4,9,2,387,328,0,3,18,4,1,0,19,11,10,18,2,4,0,0,0,0,0,0,0,0,2024-03-16,25,https://www.flashscore.pl/mecz/pilka-nozna/gornik-zabrze-2LH3Ywq4/ruch-chorzow-S4zygtuJ/szczegoly/statystyki/?mid=zaSqazQD,zaSqazQD,,
2.01,1.14,49,51,19,10,5,4,7,5,280,300,5,3,14,6,0,4,13,15,15,11,2,5,0,0,0,0,0,0,0,0,2024-03-16,25,https://www.flashscore.pl/mecz/pilka-nozna/jagiellonia-bialystok-lIDaZJTc/radomiak-radom-zD5nYhAT/szczegoly/statystyki/?mid=nqZ1zimD,nqZ1zimD,,
1.19,1.19,47,53,14,9,5,4,7,5,331,402,1,0,9,5,1,1,5,15,15,4,2,3,0,0,0,0,0,0,0,0,2024-03-16,25,https://www.flashscore.pl/mecz/pilka-nozna/cracovia-KvXSf2A6/widzew-lodz-rNOIW3uC/szczegoly/statystyki/?mid=fVTsuFYs,fVTsuFYs,,
0.92,0.92,61,39,10,21,5,9,5,4,422,247,3,0,5,12,2,0,9,16,14,8,9,3,0,0,0,0,0,0,0,0,2024-03-15,25,https://www.flashscore.pl/mecz/pilka-nozna/lech-poznan-OpNH7Ouf/warta-poznan-CrVUWAl8/szczegoly/statystyki/?mid=QTpgxDI0,QTpgxDI0,,
0.88,0.41,51,49,18,9,7,3,6,3,471,447,1,5,11,6,1,0,14,13,12,14,3,7,0,0,0,0,0,0,0,0,2024-03-15,25,https://www.flashscore.pl/mecz/pilka-nozna/stal-mielec-pxXiDZkQ/zaglebie-lubin-tlYOere0/szczegoly/statystyki/?mid=YLSovZml,YLSovZml,,
0.77,0.90,54,46,19,11,3,4,6,1,284,258,2,3,16,7,1,2,20,17,12,20,2,3,0,0,0,0,0,1,0,0,2024-03-13,2,https://www.flashscore.pl/mecz/pilka-nozna/korona-kielce-pp78XcbA/rakow-czestochowa-SQOrbYim/szczegoly/statystyki/?mid=6y6nJrKp,6y6nJrKp,,
0.82,0.34,53,47,11,11,5,1,2,5,300,238,3,2,6,10,2,3,19,15,15,18,1,4,0,0,0,0,0,0,0,0,2024-03-12,17,https://www.flashscore.pl/mecz/pilka-nozna/piast-gliwice-ve2oT9ck/puszcza-dtqx13O8/szczegoly/statystyki/?mid=0ldrpnbl,0ldrpnbl,,
1.58,0.53,58,42,15,6,7,2,9,5,357,235,3,1,8,4,1,0,14,12,11,14,1,7,0,0,0,0,0,0,0,0,2024-03-11,24,https://www.flashscore.pl/mecz/pilka-nozna/lks-lodz-ShUKWHDG/warta-poznan-CrVUWAl8/szczegoly/statystyki/?mid=zomBpyBK,zomBpyBK,,
0.44,0.79,46,54,8,9,4,4,5,8,347,407,1,2,4,5,1,2,10,14,13,8,4,3,0,0,0,0,0,0,0,0,2024-03-10,24,https://www.flashscore.pl/mecz/pilka-nozna/legia-warszawa-K6kUepBs/widzew-lodz-rNOIW3uC/szczegoly/statystyki/?mid=EynFqeQQ,EynFqeQQ,,
1.71,2.26,60,40,16,10,4,6,7,4,473,292,1,1,12,4,2,3,15,11,11,12,4,4,0,0,0,0,0,0,0,0,2024-03-10,24,https://www.flashscore.pl/mecz/pilka-nozna/pogon-szczecin-Um9YwPQ0/zaglebie-lubin-tlYOere0/szczegoly/statystyki/?mid=OnJMw5x8,OnJMw5x8,,
1.91,0.72,49,51,11,18,6,6,4,5,307,310,1,1,5,12,3,0,10,16,13,11,5,3,0,0,0,0,0,0,0,0,2024-03-10,24,https://www.flashscore.pl/mecz/pilka-nozna/ruch-chorzow-S4zygtuJ/stal-mielec-pxXiDZkQ/szczegoly/statystyki/?mid=tOm7oHeE,tOm7oHeE,,
0.43,0.39,51,49,13,8,2,5,8,6,409,388,1,0,11,3,0,1,14,12,12,15,5,2,0,0,0,0,0,0,0,0,2024-03-09,24,https://www.flashscore.pl/mecz/pilka-nozna/gornik-zabrze-2LH3Ywq4/lech-poznan-OpNH7Ouf/szczegoly/statystyki/?mid=GGW5smwq,GGW5smwq,,
0.33,0.78,40,60,10,21,5,5,2,6,193,345,0,2,5,16,2,1,12,15,13,12,4,4,0,0,0,0,0,1,1,0,2024-03-09,24,https://www.flashscore.pl/mecz/pilka-nozna/puszcza-dtqx13O8/rakow-czestochowa-SQOrbYim/szczegoly/statystyki/?mid=SKq3nct8,SKq3nct8,,
0.78,1.25,48,52,13,10,3,6,3,4,267,316,0,2,10,4,1,0,14,11,10,15,5,2,0,0,0,0,0,0,0,0,2024-03-09,24,https://www.flashscore.pl/mecz/pilka-nozna/cracovia-KvXSf2A6/korona-kielce-pp78XcbA/szczegoly/statystyki/?mid=xWKEuR7e,xWKEuR7e,,
1.49,0.42,49,51,19,9,9,3,2,2,384,410,1,4,10,6,1,2,16,17,16,13,2,6,0,0,0,0,0,0,0,0,2024-03-08,24,https://www.flashscore.pl/mecz/pilka-nozna/jagiellonia-bialystok-lIDaZJTc/slask-wroclaw-E1Oxemse/szczegoly/statystyki/?mid=buMAt7hk,buMAt7hk,,
2.60,1.48,59,41,13,13,5,5,7,4,311,191,3,4,8,8,0,2,14,14,17,16,2,3,0,0,0,0,0,1,0,0,2024-03-08,24,https://www.flashscore.pl/mecz/pilka-nozna/piast-gliwice-ve2oT9ck/radomiak-radom-zD5nYhAT/szczegoly/statystyki/?mid=pdKIvoN1,pdKIvoN1,,
1.74,0.23,38,62,23,4,7,2,6,8,211,398,2,2,16,2,1,0,13,13,12,14,1,5,0,0,0,0,0,0,0,0,2024-03-04,23,https://www.flashscore.pl/mecz/pilka-nozna/radomiak-radom-zD5nYhAT/stal-mielec-pxXiDZkQ/szczegoly/statystyki/?mid=AFmNkBV2,AFmNkBV2,,
1.04,0.72,35,65,20,5,7,0,6,4,245,507,3,2,13,5,1,0,7,16,16,8,0,3,0,0,0,0,0,0,0,0,2024-03-03,23,https://www.flashscore.pl/mecz/pilka-nozna/lech-poznan-OpNH7Ouf/rakow-czestochowa-SQOrbYim/szczegoly/statystyki/?mid=l6nRlVp9,l6nRlVp9,,
0.43,0.54,41,59,5,11,2,3,2,4,259,400,3,4,3,8,4,2,14,19,15,12,3,1,0,0,0,0,0,0,1,0,2024-03-03,23,https://www.flashscore.pl/mecz/pilka-nozna/korona-kielce-pp78XcbA/zaglebie-lubin-tlYOere0/szczegoly/statystyki/?mid=pxdyS7wd,pxdyS7wd,,
2.17,1.72,52,48,13,17,5,5,7,10,251,203,4,1,8,12,0,5,15,15,16,12,3,2,0,0,0,0,0,0,0,0,2024-03-03,23,https://www.flashscore.pl/mecz/pilka-nozna/lks-lodz-ShUKWHDG/puszcza-dtqx13O8/szczegoly/statystyki/?mid=pYuzm9FL,pYuzm9FL,,
2.04,0.51,61,39,16,7,5,3,9,1,445,259,2,2,11,4,4,0,13,11,7,14,2,4,0,0,0,0,0,0,0,0,2024-03-02,23,https://www.flashscore.pl/mecz/pilka-nozna/legia-warszawa-K6kUepBs/pogon-szczecin-Um9YwPQ0/szczegoly/statystyki/?mid=dCauRRh2,dCauRRh2,,
2.70,0.64,43,57,11,11,7,3,1,3,280,362,2,7,4,8,3,2,12,13,10,11,2,5,0,0,0,0,0,0,0,0,2024-03-02,23,https://www.flashscore.pl/mecz/pilka-nozna/slask-wroclaw-E1Oxemse/widzew-lodz-rNOIW3uC/szczegoly/statystyki/?mid=veuvnTUR,veuvnTUR,,
1.22,0.82,33,67,12,14,7,3,5,4,206,462,1,4,5,11,2,2,14,10,9,12,2,5,0,0,0,0,0,0,0,0,2024-03-02,23,https://www.flashscore.pl/mecz/pilka-nozna/gornik-zabrze-2LH3Ywq4/jagiellonia-bialystok-lIDaZJTc/szczegoly/statystyki/?mid=2D6WSmOk,2D6WSmOk,,
2.46,0.29,49,51,18,9,8,2,6,6,308,326,1,1,10,7,3,0,9,13,10,12,2,5,0,0,0,0,0,0,0,0,2024-03-01,23,https://www.flashscore.pl/mecz/pilka-nozna/piast-gliwice-ve2oT9ck/ruch-chorzow-S4zygtuJ/szczegoly/statystyki/?mid=6ssWmk0F,6ssWmk0F,,
1.05,0.22,59,41,11,6,4,5,3,2,377,228,2,0,7,1,2,0,9,14,11,7,4,4,0,0,0,0,0,0,0,0,2024-03-01,23,https://www.flashscore.pl/mecz/pilka-nozna/cracovia-KvXSf2A6/warta-poznan-CrVUWAl8/szczegoly/statystyki/?mid=OM7STT8q,OM7STT8q,,
1.67,0.43,48,52,13,11,4,2,2,7,352,402,3,3,9,9,3,4,15,13,14,13,2,3,0,0,0,0,0,0,1,0,2024-02-28,17,https://www.flashscore.pl/mecz/pilka-nozna/lks-lodz-ShUKWHDG/stal-mielec-pxXiDZkQ/szczegoly/statystyki/?mid=rDomq6Df,rDomq6Df,,
0.13,0.54,53,47,4,12,0,2,0,4,313,264,1,1,4,10,0,2,16,17,18,14,2,0,0,0,0,0,0,0,0,0,2024-02-26,22,https://www.flashscore.pl/mecz/pilka-nozna/radomiak-radom-zD5nYhAT/warta-poznan-CrVUWAl8/szczegoly/statystyki/?mid=hvHdZkoM,hvHdZkoM,,
2.54,1.15,55,45,19,13,6,4,3,3,371,279,3,3,13,9,2,1,17,13,10,15,1,3,0,0,0,0,0,0,0,0,2024-02-25,22,https://www.flashscore.pl/mecz/pilka-nozna/korona-kielce-pp78XcbA/legia-warszawa-K6kUepBs/szczegoly/statystyki/?mid=b551FUgj,b551FUgj,,
1.05,0.66,46,54,16,10,7,3,4,3,363,447,1,2,9,7,3,0,14,14,11,14,2,4,0,0,0,0,0,1,0,0,2024-02-25,22,https://www.flashscore.pl/mecz/pilka-nozna/gornik-zabrze-2LH3Ywq4/widzew-lodz-rNOIW3uC/szczegoly/statystyki/?mid=WUF0Y90S,WUF0Y90S,,
0.65,2.07,42,58,12,24,7,6,5,7,278,428,1,0,5,18,3,3,9,9,8,5,4,5,0,0,0,0,0,0,0,0,2024-02-25,22,https://www.flashscore.pl/mecz/pilka-nozna/puszcza-dtqx13O8/zaglebie-lubin-tlYOere0/szczegoly/statystyki/?mid=dCNmyCG9,dCNmyCG9,,
0.19,1.33,43,57,8,17,2,8,2,9,257,386,2,2,6,9,0,0,8,10,9,8,8,2,0,0,0,0,0,0,0,0,2024-02-24,22,https://www.flashscore.pl/mecz/pilka-nozna/rakow-czestochowa-SQOrbYim/stal-mielec-pxXiDZkQ/szczegoly/statystyki/?mid=AFRizWVF,AFRizWVF,,
0.80,0.58,60,40,11,9,3,2,5,2,473,279,0,3,8,7,5,0,10,18,13,10,2,3,0,0,0,0,0,0,0,0,2024-02-24,22,https://www.flashscore.pl/mecz/pilka-nozna/lech-poznan-OpNH7Ouf/slask-wroclaw-E1Oxemse/szczegoly/statystyki/?mid=xd45El9d,xd45El9d,,
0.60,0.51,68,32,11,7,2,1,7,2,608,240,2,2,9,6,0,1,18,10,9,16,0,1,0,0,0,0,0,0,0,0,2024-02-24,22,https://www.flashscore.pl/mecz/pilka-nozna/jagiellonia-bialystok-lIDaZJTc/ruch-chorzow-S4zygtuJ/szczegoly/statystyki/?mid=4r6cGAvp,4r6cGAvp,,
2.46,0.79,53,47,17,13,6,3,4,1,375,343,2,2,11,10,2,1,11,10,9,10,1,2,0,0,0,0,0,0,0,0,2024-02-23,22,https://www.flashscore.pl/mecz/pilka-nozna/lks-lodz-ShUKWHDG/pogon-szczecin-Um9YwPQ0/szczegoly/statystyki/?mid=2kOqxh13,2kOqxh13,,
0.15,0.37,60,40,7,11,1,2,8,2,461,288,1,1,6,9,0,2,16,13,13,15,2,1,0,0,0,0,0,0,0,0,2024-02-23,22,https://www.flashscore.pl/mecz/pilka-nozna/cracovia-KvXSf2A6/piast-gliwice-ve2oT9ck/szczegoly/statystyki/?mid=ObPuwYoc,ObPuwYoc,,
2.18,0.56,50,50,11,11,6,3,1,7,349,349,2,0,5,8,0,1,15,18,17,13,2,3,0,0,0,0,0,0,0,0,2024-02-19,21,https://www.flashscore.pl/mecz/pilka-nozna/gornik-zabrze-2LH3Ywq4/korona-kielce-pp78XcbA/szczegoly/statystyki/?mid=EFIfJweO,EFIfJweO,,
0.31,0.74,48,52,6,20,2,5,4,6,328,356,1,3,4,15,4,2,10,13,12,11,3,2,0,0,0,0,0,0,0,0,2024-02-18,21,https://www.flashscore.pl/mecz/pilka-nozna/lks-lodz-ShUKWHDG/widzew-lodz-rNOIW3uC/szczegoly/statystyki/?mid=AslPYIfB,AslPYIfB,,
2.42,0.64,72,28,33,4,8,2,19,1,445,142,3,3,25,2,1,0,17,17,14,19,1,7,0,0,0,0,0,0,0,0,2024-02-18,21,https://www.flashscore.pl/mecz/pilka-nozna/legia-warszawa-K6kUepBs/puszcza-dtqx13O8/szczegoly/statystyki/?mid=t2d8x1en,t2d8x1en,,
0.34,1.71,47,53,13,21,3,5,3,6,284,318,4,2,10,16,1,3,17,14,14,13,4,2,0,0,0,0,0,0,0,0,2024-02-18,21,https://www.flashscore.pl/mecz/pilka-nozna/cracovia-KvXSf2A6/zaglebie-lubin-tlYOere0/szczegoly/statystyki/?mid=URh4wstt,URh4wstt,,
1.72,1.04,62,38,12,7,4,6,2,2,412,210,4,5,8,1,3,2,23,13,12,24,5,1,0,0,0,0,0,0,0,0,2024-02-17,21,https://www.flashscore.pl/mecz/pilka-nozna/piast-gliwice-ve2oT9ck/rakow-czestochowa-SQOrbYim/szczegoly/statystyki/?mid=2HpHzuQb,2HpHzuQb,,
1.41,1.21,66,34,26,6,6,3,6,2,463,207,1,2,20,3,3,2,17,22,19,15,1,5,0,0,0,0,0,0,0,0,2024-02-17,21,https://www.flashscore.pl/mecz/pilka-nozna/jagiellonia-bialystok-lIDaZJTc/lech-poznan-OpNH7Ouf/szczegoly/statystyki/?mid=h6HbIcAU,h6HbIcAU,,
0.51,0.28,60,40,14,8,5,1,8,1,416,238,0,2,9,7,2,1,18,17,15,16,1,5,0,0,0,0,0,0,0,0,2024-02-17,21,https://www.flashscore.pl/mecz/pilka-nozna/ruch-chorzow-S4zygtuJ/warta-poznan-CrVUWAl8/szczegoly/statystyki/?mid=WjkLZbu5,WjkLZbu5,,
1.43,0.29,60,40,15,3,5,1,6,5,475,287,1,2,10,2,1,0,12,13,12,12,0,5,0,0,0,0,0,0,0,0,2024-02-16,21,https://www.flashscore.pl/mecz/pilka-nozna/slask-wroclaw-E1Oxemse/stal-mielec-pxXiDZkQ/szczegoly/statystyki/?mid=h6wUXxAH,h6wUXxAH,,
0.52,2.70,22,78,7,23,1,9,2,13,124,633,1,2,6,14,2,0,11,9,8,12,5,1,0,0,0,0,0,0,1,0,2024-02-16,21,https://www.flashscore.pl/mecz/pilka-nozna/pogon-szczecin-Um9YwPQ0/radomiak-radom-zD5nYhAT/szczegoly/statystyki/?mid=OQoDyLAh,OQoDyLAh,,
1.17,0.56,53,47,13,6,4,5,10,3,263,235,2,4,9,1,2,2,14,20,17,13,4,2,0,0,0,0,0,0,0,0,2024-02-12,20,https://www.flashscore.pl/mecz/pilka-nozna/korona-kielce-pp78XcbA/lks-lodz-ShUKWHDG/szczegoly/statystyki/?mid=vZoaU33P,vZoaU33P,,
1.68,1.28,53,47,19,12,8,5,3,1,390,341,2,3,11,7,2,3,16,9,10,15,4,8,0,0,0,0,0,0,0,0,2024-02-11,20,https://www.flashscore.pl/mecz/pilka-nozna/pogon-szczecin-Um9YwPQ0/slask-wroclaw-E1Oxemse/szczegoly/statystyki/?mid=SbWYN1tg,SbWYN1tg,,
0.89,1.77,53,47,8,12,3,6,12,6,349,322,1,2,5,6,0,3,12,12,13,13,3,2,0,0,0,0,0,0,0,0,2024-02-11,20,https://www.flashscore.pl/mecz/pilka-nozna/jagiellonia-bialystok-lIDaZJTc/widzew-lodz-rNOIW3uC/szczegoly/statystyki/?mid=dvOkKJuI,dvOkKJuI,,
0.19,2.70,30,70,5,16,3,5,1,9,147,451,5,2,2,11,2,2,13,11,12,11,4,1,0,0,0,0,0,0,0,0,2024-02-11,20,https://www.flashscore.pl/mecz/pilka-nozna/rakow-czestochowa-SQOrbYim/warta-poznan-CrVUWAl8/szczegoly/statystyki/?mid=ImPoLaQB,ImPoLaQB,,
0.84,0.91,54,46,10,15,3,1,6,4,391,319,4,2,7,14,1,0,7,24,22,8,1,1,0,0,0,0,0,0,0,0,2024-02-10,20,https://www.flashscore.pl/mecz/pilka-nozna/lech-poznan-OpNH7Ouf/zaglebie-lubin-tlYOere0/szczegoly/statystyki/?mid=trYQPNBt,trYQPNBt,,
0.75,0.68,54,46,12,9,7,4,4,2,350,285,2,1,5,5,2,1,20,17,16,20,1,6,0,0,0,0,0,0,0,0,2024-02-10,20,https://www.flashscore.pl/mecz/pilka-nozna/gornik-zabrze-2LH3Ywq4/piast-gliwice-ve2oT9ck/szczegoly/statystyki/?mid=l8XUOsRn,l8XUOsRn,,
1.04,0.25,59,41,15,8,8,1,6,2,378,245,3,2,7,7,1,1,11,13,11,8,1,2,0,0,0,0,0,2,0,0,2024-02-10,20,https://www.flashscore.pl/mecz/pilka-nozna/cracovia-KvXSf2A6/radomiak-radom-zD5nYhAT/szczegoly/statystyki/?mid=xU7G5KQO,xU7G5KQO,,
0.42,1.58,44,56,9,8,0,2,5,7,234,332,1,1,9,6,3,3,14,17,16,13,1,0,0,0,0,0,0,0,0,0,2024-02-09,20,https://www.flashscore.pl/mecz/pilka-nozna/legia-warszawa-K6kUepBs/ruch-chorzow-S4zygtuJ/szczegoly/statystyki/?mid=ANLwNLea,ANLwNLea,,
1.44,0.55,73,27,17,9,9,3,5,6,542,140,2,2,8,6,0,0,13,11,11,13,2,7,0,0,0,0,0,0,0,0,2024-02-09,20,https://www.flashscore.pl/mecz/pilka-nozna/puszcza-dtqx13O8/stal-mielec-pxXiDZkQ/szczegoly/statystyki/?mid=OQPsMuB5,OQPsMuB5,,
1.32,1.44,35,65,13,17,2,1,4,6,157,369,2,3,11,16,3,3,16,23,19,13,1,0,0,0,0,0,0,0,0,0,2023-12-20,2,https://www.flashscore.pl/mecz/pilka-nozna/cracovia-KvXSf2A6/legia-warszawa-K6kUepBs/szczegoly/statystyki/?mid=zgFGO4dN,zgFGO4dN,,
1.06,0.73,54,46,19,8,5,3,7,1,424,353,2,4,14,5,3,1,16,14,10,15,3,2,0,0,0,0,0,0,0,0,2023-12-18,19,https://www.flashscore.pl/mecz/pilka-nozna/piast-gliwice-ve2oT9ck/stal-mielec-pxXiDZkQ/szczegoly/statystyki/?mid=0OCiBOdm,0OCiBOdm,,
2.28,0.35,66,34,9,8,5,2,5,0,407,178,5,2,4,6,4,3,12,21,16,10,2,3,0,0,0,0,0,0,0,0,2023-12-17,19,https://www.flashscore.pl/mecz/pilka-nozna/cracovia-KvXSf2A6/legia-warszawa-K6kUepBs/szczegoly/statystyki/?mid=2wflC4ss,2wflC4ss,,
1.60,0.15,51,49,13,6,5,4,4,2,319,306,1,1,8,2,1,3,15,18,19,14,4,4,0,0,0,0,0,0,0,0,2023-12-17,19,https://www.flashscore.pl/mecz/pilka-nozna/korona-kielce-pp78XcbA/rakow-czestochowa-SQOrbYim/szczegoly/statystyki/?mid=jD548Mt6,jD548Mt6,,
0.70,0.93,51,49,15,18,3,5,6,7,287,284,2,2,12,13,2,0,15,15,15,16,4,2,0,0,0,0,0,0,0,0,2023-12-17,19,https://www.flashscore.pl/mecz/pilka-nozna/lks-lodz-ShUKWHDG/ruch-chorzow-S4zygtuJ/szczegoly/statystyki/?mid=OQ3C60BI,OQ3C60BI,,
1.16,1.07,51,49,18,8,6,5,6,0,279,290,5,8,12,3,0,4,27,14,15,24,3,4,0,0,0,0,0,1,0,0,2023-12-16,19,https://www.flashscore.pl/mecz/pilka-nozna/lech-poznan-OpNH7Ouf/radomiak-radom-zD5nYhAT/szczegoly/statystyki/?mid=YyBa92Ra,YyBa92Ra,,
1.43,1.02,52,48,11,11,7,7,5,1,437,421,2,2,4,4,5,1,10,16,11,10,5,6,0,0,0,0,0,0,0,0,2023-12-16,19,https://www.flashscore.pl/mecz/pilka-nozna/pogon-szczecin-Um9YwPQ0/widzew-lodz-rNOIW3uC/szczegoly/statystyki/?mid=U3487tdC,U3487tdC,,
2.08,3.13,35,65,11,15,3,6,6,3,178,399,4,3,8,9,2,2,13,28,27,13,3,0,0,0,0,0,0,1,0,0,2023-12-16,19,https://www.flashscore.pl/mecz/pilka-nozna/jagiellonia-bialystok-lIDaZJTc/puszcza-dtqx13O8/szczegoly/statystyki/?mid=foCeArCg,foCeArCg,,
1.36,0.94,70,30,22,8,5,5,7,1,590,232,0,0,17,3,0,2,7,7,7,5,3,4,0,0,0,0,0,0,0,0,2023-12-15,19,https://www.flashscore.pl/mecz/pilka-nozna/slask-wroclaw-E1Oxemse/zaglebie-lubin-tlYOere0/szczegoly/statystyki/?mid=ddHLGpZP,ddHLGpZP,,
2.20,0.53,55,45,15,10,10,3,0,4,354,267,3,1,5,7,0,3,16,17,18,13,3,7,0,0,0,0,0,0,0,0,2023-12-15,19,https://www.flashscore.pl/mecz/pilka-nozna/gornik-zabrze-2LH3Ywq4/warta-poznan-CrVUWAl8/szczegoly/statystyki/?mid=I5IHHQJJ,I5IHHQJJ,,
1.42,0.64,36,64,13,8,4,2,3,4,162,392,3,4,9,6,1,1,18,12,11,18,2,3,0,0,0,0,0,0,0,0,2023-12-11,18,https://www.flashscore.pl/mecz/pilka-nozna/puszcza-dtqx13O8/widzew-lodz-rNOIW3uC/szczegoly/statystyki/?mid=0AXIdPsf,0AXIdPsf,,
2.07,2.53,49,51,13,16,5,8,3,8,321,340,3,1,8,8,5,2,17,26,19,15,6,1,0,0,0,0,0,0,0,0,2023-12-10,18,https://www.flashscore.pl/mecz/pilka-nozna/jagiellonia-bialystok-lIDaZJTc/rakow-czestochowa-SQOrbYim/szczegoly/statystyki/?mid=vaVk3R4Q,vaVk3R4Q,,
0.61,1.14,29,71,11,24,2,5,1,7,150,466,3,3,9,19,1,0,16,18,16,15,4,1,0,0,0,0,0,0,0,0,2023-12-10,18,https://www.flashscore.pl/mecz/pilka-nozna/legia-warszawa-K6kUepBs/lks-lodz-ShUKWHDG/szczegoly/statystyki/?mid=jaQVgNRC,jaQVgNRC,,
0.88,1.05,64,36,19,7,4,3,14,3,425,198,3,2,15,4,0,0,12,14,15,11,2,4,0,0,0,0,0,0,0,0,2023-12-10,18,https://www.flashscore.pl/mecz/pilka-nozna/lech-poznan-OpNH7Ouf/piast-gliwice-ve2oT9ck/szczegoly/statystyki/?mid=t8HHboDs,t8HHboDs,,
0.58,0.30,64,36,14,6,4,0,7,3,450,208,1,2,10,6,2,1,15,10,8,14,0,4,0,0,0,0,0,0,0,0,2023-12-09,18,https://www.flashscore.pl/mecz/pilka-nozna/korona-kielce-pp78XcbA/slask-wroclaw-E1Oxemse/szczegoly/statystyki/?mid=UkPZhssJ,UkPZhssJ,,
1.86,0.61,52,48,18,11,7,3,12,2,377,329,0,0,11,8,1,0,9,12,11,11,1,5,0,0,0,0,0,0,0,0,2023-12-09,18,https://www.flashscore.pl/mecz/pilka-nozna/cracovia-KvXSf2A6/stal-mielec-pxXiDZkQ/szczegoly/statystyki/?mid=pxWo47kK,pxWo47kK,,
1.34,0.84,62,38,15,11,7,2,12,3,387,221,3,5,8,9,0,0,10,12,11,14,1,6,0,0,0,0,0,1,0,0,2023-12-09,18,https://www.flashscore.pl/mecz/pilka-nozna/gornik-zabrze-2LH3Ywq4/radomiak-radom-zD5nYhAT/szczegoly/statystyki/?mid=fXWMeqc0,fXWMeqc0,,
0.66,0.71,66,34,14,8,5,5,9,2,501,199,0,2,9,3,1,1,14,10,9,13,2,2,0,0,0,0,0,0,0,0,2023-12-08,18,https://www.flashscore.pl/mecz/pilka-nozna/pogon-szczecin-Um9YwPQ0/warta-poznan-CrVUWAl8/szczegoly/statystyki/?mid=MJYEc5Sm,MJYEc5Sm,,
0.65,0.93,41,59,11,13,5,6,4,9,271,430,3,2,6,7,0,0,7,18,17,7,4,3,0,0,0,0,0,0,1,0,2023-12-08,18,https://www.flashscore.pl/mecz/pilka-nozna/ruch-chorzow-S4zygtuJ/zaglebie-lubin-tlYOere0/szczegoly/statystyki/?mid=8zyRf3C6,8zyRf3C6,,
0.54,1.21,32,68,7,10,5,5,2,7,211,545,1,1,2,5,1,0,11,9,9,11,4,4,0,0,0,0,0,0,0,0,2023-12-03,17,https://www.flashscore.pl/mecz/pilka-nozna/rakow-czestochowa-SQOrbYim/slask-wroclaw-E1Oxemse/szczegoly/statystyki/?mid=UTmat4cD,UTmat4cD,,
0.89,1.74,46,54,14,11,1,5,8,2,340,416,0,1,13,6,2,1,11,7,7,9,2,1,0,0,0,0,0,0,0,0,2023-12-03,17,https://www.flashscore.pl/mecz/pilka-nozna/legia-warszawa-K6kUepBs/zaglebie-lubin-tlYOere0/szczegoly/statystyki/?mid=dIUA2fEF,dIUA2fEF,,
2.50,1.74,48,52,23,17,7,8,13,9,141,174,1,4,16,9,0,0,12,5,7,14,4,3,0,0,0,0,0,0,1,0,2023-12-03,17,https://www.flashscore.pl/mecz/pilka-nozna/cracovia-KvXSf2A6/ruch-chorzow-S4zygtuJ/szczegoly/statystyki/?mid=0jy24Gq3,0jy24Gq3,,
0.54,0.96,41,59,11,11,3,3,7,7,127,231,1,3,8,8,0,0,10,11,11,10,2,3,0,0,0,0,0,0,0,0,2023-12-02,17,https://www.flashscore.pl/mecz/pilka-nozna/korona-kielce-pp78XcbA/lech-poznan-OpNH7Ouf/szczegoly/statystyki/?mid=lEhvoSrr,lEhvoSrr,,
1.26,1.42,61,39,13,15,3,6,9,5,399,231,1,1,10,9,0,0,8,13,12,9,3,3,0,0,0,0,0,0,0,0,2023-12-02,17,https://www.flashscore.pl/mecz/pilka-nozna/radomiak-radom-zD5nYhAT/widzew-lodz-rNOIW3uC/szczegoly/statystyki/?mid=jwkespr7,jwkespr7,,
1.05,2.32,41,59,10,26,4,5,5,7,257,392,3,2,6,21,3,1,14,18,14,13,5,3,0,0,0,0,0,0,1,0,2023-12-01,17,https://www.flashscore.pl/mecz/pilka-nozna/gornik-zabrze-2LH3Ywq4/pogon-szczecin-Um9YwPQ0/szczegoly/statystyki/?mid=IRV63za9,IRV63za9,,
1.36,2.21,40,60,13,14,4,5,8,2,285,486,5,1,9,9,1,0,14,17,18,14,3,3,0,0,0,0,0,0,1,0,2023-12-01,17,https://www.flashscore.pl/mecz/pilka-nozna/jagiellonia-bialystok-lIDaZJTc/warta-poznan-CrVUWAl8/szczegoly/statystyki/?mid=M3pirQS0,M3pirQS0,,
1.49,1.44,55,45,12,13,2,3,4,5,291,217,2,2,10,10,4,2,14,19,14,13,2,2,0,0,0,0,0,0,0,0,2023-11-27,16,https://www.flashscore.pl/mecz/pilka-nozna/radomiak-radom-zD5nYhAT/slask-wroclaw-E1Oxemse/szczegoly/statystyki/?mid=CUf7rZMq,CUf7rZMq,,
0.05,0.69,69,31,19,14,8,7,8,3,560,230,2,3,11,7,2,0,12,10,12,11,4,7,0,0,0,0,0,0,0,0,2023-11-26,16,https://www.flashscore.pl/mecz/pilka-nozna/lech-poznan-OpNH7Ouf/widzew-lodz-rNOIW3uC/szczegoly/statystyki/?mid=fV5TkHU9,fV5TkHU9,,
1.26,0.87,41,59,10,25,3,5,6,7,203,354,2,2,7,20,1,2,12,16,16,13,4,2,0,0,0,0,0,0,0,0,2023-11-26,16,https://www.flashscore.pl/mecz/pilka-nozna/korona-kielce-pp78XcbA/ruch-chorzow-S4zygtuJ/szczegoly/statystyki/?mid=8dlGtDid,8dlGtDid,,
0.67,2.03,33,67,6,22,3,8,1,10,143,364,6,1,3,14,2,0,9,13,12,8,7,1,0,0,0,0,0,0,0,0,2023-11-26,16,https://www.flashscore.pl/mecz/pilka-nozna/gornik-zabrze-2LH3Ywq4/puszcza-dtqx13O8/szczegoly/statystyki/?mid=AL8umFES,AL8umFES,,
2.00,1.16,67,33,19,14,4,3,4,3,472,188,5,3,15,11,2,2,17,14,14,17,1,2,0,0,0,0,0,0,0,0,2023-11-25,16,https://www.flashscore.pl/mecz/pilka-nozna/legia-warszawa-K6kUepBs/warta-poznan-CrVUWAl8/szczegoly/statystyki/?mid=xfeYlypG,xfeYlypG,,
2.29,1.98,66,34,31,7,7,4,11,4,593,261,0,1,24,3,2,1,5,4,2,5,1,5,0,0,0,0,0,0,0,0,2023-11-25,16,https://www.flashscore.pl/mecz/pilka-nozna/pogon-szczecin-Um9YwPQ0/stal-mielec-pxXiDZkQ/szczegoly/statystyki/?mid=GpfxleaM,GpfxleaM,,
2.48,0.50,67,33,18,12,6,3,6,4,519,206,2,4,12,9,2,3,13,13,10,12,2,5,0,0,0,0,0,0,0,0,2023-11-25,16,https://www.flashscore.pl/mecz/pilka-nozna/cracovia-KvXSf2A6/rakow-czestochowa-SQOrbYim/szczegoly/statystyki/?mid=fgpCsgxj,fgpCsgxj,,
1.36,1.01,61,39,17,13,6,2,2,10,494,280,3,1,11,11,0,4,18,9,8,14,2,6,0,0,0,0,0,1,0,0,2023-11-24,16,https://www.flashscore.pl/mecz/pilka-nozna/jagiellonia-bialystok-lIDaZJTc/piast-gliwice-ve2oT9ck/szczegoly/statystyki/?mid=tS1PjcF3,tS1PjcF3,,
0.34,3.42,45,55,8,28,3,11,0,5,332,415,1,2,5,17,2,0,10,20,20,11,9,3,0,0,0,0,0,0,0,0,2023-11-24,16,https://www.flashscore.pl/mecz/pilka-nozna/lks-lodz-ShUKWHDG/zaglebie-lubin-tlYOere0/szczegoly/statystyki/?mid=Maxb5dUd,Maxb5dUd,,
0.96,0.24,67,33,30,5,11,1,9,3,485,206,0,0,19,4,7,1,11,15,9,10,0,9,0,0,0,0,0,2,0,0,2023-11-18,12,https://www.flashscore.pl/mecz/pilka-nozna/ruch-chorzow-S4zygtuJ/widzew-lodz-rNOIW3uC/szczegoly/statystyki/?mid=boyXTEjg,boyXTEjg,,
0.55,0.58,49,51,12,11,3,2,2,3,305,326,2,5,9,9,1,0,21,18,15,22,2,3,0,0,0,0,0,0,0,0,2023-11-13,15,https://www.flashscore.pl/mecz/pilka-nozna/radomiak-radom-zD5nYhAT/ruch-chorzow-S4zygtuJ/szczegoly/statystyki/?mid=h6LUUFhp,h6LUUFhp,,
0.25,0.47,51,49,6,5,2,2,9,2,289,288,3,2,4,3,1,1,13,30,29,12,2,2,0,0,0,0,0,0,0,0,2023-11-12,15,https://www.flashscore.pl/mecz/pilka-nozna/lech-poznan-OpNH7Ouf/legia-warszawa-K6kUepBs/szczegoly/statystyki/?mid=OjVbzxVM,OjVbzxVM,,
1.36,0.97,53,47,21,8,9,4,9,2,378,332,0,2,12,4,0,5,15,5,5,9,3,8,0,0,0,0,0,0,0,0,2023-11-12,15,https://www.flashscore.pl/mecz/pilka-nozna/pogon-szczecin-Um9YwPQ0/rakow-czestochowa-SQOrbYim/szczegoly/statystyki/?mid=zRY2ZepT,zRY2ZepT,,
1.01,1.01,36,64,12,24,6,8,3,9,219,448,0,0,6,16,1,2,18,8,7,17,7,4,0,0,0,0,0,0,1,0,2023-11-12,15,https://www.flashscore.pl/mecz/pilka-nozna/gornik-zabrze-2LH3Ywq4/stal-mielec-pxXiDZkQ/szczegoly/statystyki/?mid=WdKYTZ7j,WdKYTZ7j,,
1.04,1.04,40,60,9,13,4,5,2,5,250,437,2,3,5,8,6,6,12,15,11,8,3,2,0,0,0,0,0,0,0,0,2023-11-11,15,https://www.flashscore.pl/mecz/pilka-nozna/jagiellonia-bialystok-lIDaZJTc/korona-kielce-pp78XcbA/szczegoly/statystyki/?mid=tSufyIFG,tSufyIFG,,
1.58,0.87,45,55,14,8,4,1,4,5,289,374,1,2,10,7,3,5,18,16,12,14,0,3,0,0,0,0,0,0,1,0,2023-11-11,15,https://www.flashscore.pl/mecz/pilka-nozna/widzew-lodz-rNOIW3uC/zaglebie-lubin-tlYOere0/szczegoly/statystyki/?mid=2ysjxb0A,2ysjxb0A,,
1.82,1.28,61,39,15,11,5,4,6,7,419,225,5,2,10,7,0,0,1,7,18,13,1,2,0,0,0,0,0,1,0,0,2023-11-11,15,https://www.flashscore.pl/mecz/pilka-nozna/lks-lodz-ShUKWHDG/piast-gliwice-ve2oT9ck/szczegoly/statystyki/?mid=n52Liw0c,n52Liw0c,,
1.05,0.66,63,37,24,5,7,3,6,1,465,232,2,3,17,2,0,2,18,12,12,15,2,7,0,0,0,0,0,2,0,0,2023-11-10,15,https://www.flashscore.pl/mecz/pilka-nozna/cracovia-KvXSf2A6/slask-wroclaw-E1Oxemse/szczegoly/statystyki/?mid=Y1xnwvo4,Y1xnwvo4,,
0.58,0.81,63,37,10,9,5,4,6,6,406,175,1,2,5,5,1,1,16,18,17,16,2,5,0,0,0,0,0,0,0,0,2023-11-10,15,https://www.flashscore.pl/mecz/pilka-nozna/puszcza-dtqx13O8/warta-poznan-CrVUWAl8/szczegoly/statystyki/?mid=8E3HhJpi,8E3HhJpi,,
1.18,0.21,52,48,18,9,7,1,4,4,323,286,3,3,11,8,0,2,24,12,14,22,1,6,0,0,0,0,0,0,0,0,2023-11-06,14,https://www.flashscore.pl/mecz/pilka-nozna/cracovia-KvXSf2A6/gornik-zabrze-2LH3Ywq4/szczegoly/statystyki/?mid=G4jGPKG4,G4jGPKG4,,
1.07,0.96,57,43,17,8,0,4,8,5,355,242,2,4,17,4,2,1,15,15,13,14,3,0,0,0,0,0,0,0,0,0,2023-11-05,14,https://www.flashscore.pl/mecz/pilka-nozna/legia-warszawa-K6kUepBs/radomiak-radom-zD5nYhAT/szczegoly/statystyki/?mid=ptdiHdOp,ptdiHdOp,,
3.20,0.19,58,42,26,4,9,1,11,1,412,267,0,3,17,3,2,1,14,13,11,13,1,4,0,0,0,0,0,0,0,0,2023-11-05,14,https://www.flashscore.pl/mecz/pilka-nozna/rakow-czestochowa-SQOrbYim/zaglebie-lubin-tlYOere0/szczegoly/statystyki/?mid=bqpZut1o,bqpZut1o,,
0.93,0.89,48,52,10,11,3,2,5,3,275,306,2,2,7,9,0,0,14,13,12,13,1,1,0,0,0,0,0,0,0,0,2023-11-05,14,https://www.flashscore.pl/mecz/pilka-nozna/lks-lodz-ShUKWHDG/slask-wroclaw-E1Oxemse/szczegoly/statystyki/?mid=fBwrvKVc,fBwrvKVc,,
0.92,0.06,66,34,18,8,6,3,5,2,494,199,0,2,12,5,3,1,15,17,13,15,3,4,0,0,0,0,0,0,0,0,2023-11-04,14,https://www.flashscore.pl/mecz/pilka-nozna/lech-poznan-OpNH7Ouf/ruch-chorzow-S4zygtuJ/szczegoly/statystyki/?mid=OUgONboH,OUgONboH,,
1.39,0.90,72,28,26,3,7,1,15,1,530,154,0,2,19,2,2,3,9,8,6,8,0,7,0,0,0,0,0,0,0,0,2023-11-04,14,https://www.flashscore.pl/mecz/pilka-nozna/warta-poznan-CrVUWAl8/widzew-lodz-rNOIW3uC/szczegoly/statystyki/?mid=Cnlwu0Gi,Cnlwu0Gi,,
0.81,1.52,46,54,13,12,2,4,6,2,274,344,1,3,11,8,3,1,10,14,10,9,2,2,0,0,0,0,0,1,0,0,2023-11-04,14,https://www.flashscore.pl/mecz/pilka-nozna/pogon-szczecin-Um9YwPQ0/puszcza-dtqx13O8/szczegoly/statystyki/?mid=rX9PLxGT,rX9PLxGT,,
1.85,0.34,57,43,18,12,7,1,4,3,540,359,1,2,11,11,4,1,11,10,5,11,1,3,0,0,0,0,0,0,0,0,2023-11-03,14,https://www.flashscore.pl/mecz/pilka-nozna/jagiellonia-bialystok-lIDaZJTc/stal-mielec-pxXiDZkQ/szczegoly/statystyki/?mid=U7fKOvWA,U7fKOvWA,,
0.76,0.75,48,52,14,14,4,2,1,5,274,316,1,1,10,12,1,0,17,15,15,14,2,4,0,0,0,0,0,0,0,0,2023-11-03,14,https://www.flashscore.pl/mecz/pilka-nozna/korona-kielce-pp78XcbA/piast-gliwice-ve2oT9ck/szczegoly/statystyki/?mid=2LhSMI0N,2LhSMI0N,,
,,59,41,18,9,7,3,4,5,451,263,1,2,11,6,3,1,9,14,12,9,2,6,0,0,0,0,0,0,0,0,2023-10-29,13,https://www.flashscore.pl/mecz/pilka-nozna/rakow-czestochowa-SQOrbYim/widzew-lodz-rNOIW3uC/szczegoly/statystyki/?mid=nPbaT2Hu,nPbaT2Hu,,
,,69,31,25,3,5,3,8,0,539,218,4,1,20,0,2,2,17,12,9,15,0,4,0,0,0,0,0,0,0,0,2023-10-29,13,https://www.flashscore.pl/mecz/pilka-nozna/legia-warszawa-K6kUepBs/stal-mielec-pxXiDZkQ/szczegoly/statystyki/?mid=MmSiPj5O,MmSiPj5O,,
,,67,33,31,10,7,5,11,1,486,208,2,3,24,5,1,1,22,13,12,21,2,5,0,0,0,0,0,0,0,0,2023-10-29,13,https://www.flashscore.pl/mecz/pilka-nozna/radomiak-radom-zD5nYhAT/zaglebie-lubin-tlYOere0/szczegoly/statystyki/?mid=lzUqRCzC,lzUqRCzC,,
,,47,53,9,8,4,5,2,5,318,361,4,7,5,3,1,2,14,10,8,14,3,2,0,0,0,0,0,1,0,0,2023-10-28,13,https://www.flashscore.pl/mecz/pilka-nozna/ruch-chorzow-S4zygtuJ/slask-wroclaw-E1Oxemse/szczegoly/statystyki/?mid=QFc3SMWo,QFc3SMWo,,
,,38,62,17,13,6,8,5,2,218,425,3,2,11,5,2,1,13,15,13,11,7,5,0,0,0,0,0,0,0,0,2023-10-28,13,https://www.flashscore.pl/mecz/pilka-nozna/cracovia-KvXSf2A6/lech-poznan-OpNH7Ouf/szczegoly/statystyki/?mid=WbZvShL5,WbZvShL5,,
,,43,57,16,7,6,2,3,6,276,400,2,1,10,5,1,3,10,0,6,7,1,4,0,0,0,0,0,0,0,0,2023-10-28,13,https://www.flashscore.pl/mecz/pilka-nozna/jagiellonia-bialystok-lIDaZJTc/pogon-szczecin-Um9YwPQ0/szczegoly/statystyki/?mid=KYpeOAKU,KYpeOAKU,,
,,38,62,7,13,1,3,0,7,193,367,6,2,6,10,1,2,10,29,28,8,2,0,0,0,0,0,0,0,0,0,2023-10-28,13,https://www.flashscore.pl/mecz/pilka-nozna/piast-gliwice-ve2oT9ck/warta-poznan-CrVUWAl8/szczegoly/statystyki/?mid=fk27Rtnh,fk27Rtnh,,
,,50,50,14,18,0,7,9,4,322,345,2,1,14,11,3,0,12,17,14,13,2,0,0,0,0,0,0,0,0,0,2023-10-27,13,https://www.flashscore.pl/mecz/pilka-nozna/gornik-zabrze-2LH3Ywq4/lks-lodz-ShUKWHDG/szczegoly/statystyki/?mid=Yu1BQ01b,Yu1BQ01b,,
,,55,45,19,17,10,4,3,10,306,208,1,3,9,13,0,2,14,15,15,13,1,5,0,0,0,0,0,0,0,0,2023-10-27,13,https://www.flashscore.pl/mecz/pilka-nozna/korona-kielce-pp78XcbA/puszcza-dtqx13O8/szczegoly/statystyki/?mid=SQSmQWkI,SQSmQWkI,,
,,42,58,9,15,4,6,3,1,253,389,5,1,5,9,1,0,13,21,20,13,3,1,0,0,0,0,0,0,0,0,2023-10-24,4,https://www.flashscore.pl/mecz/pilka-nozna/jagiellonia-bialystok-lIDaZJTc/lech-poznan-OpNH7Ouf/szczegoly/statystyki/?mid=dpVeHs6f,dpVeHs6f,,
,,63,37,10,10,2,3,7,0,426,220,2,1,8,7,0,2,12,19,19,17,2,2,0,0,0,0,0,0,0,0,2023-10-23,12,https://www.flashscore.pl/mecz/pilka-nozna/stal-mielec-pxXiDZkQ/warta-poznan-CrVUWAl8/szczegoly/statystyki/?mid=prXSUfym,prXSUfym,,
,,30,70,9,16,4,6,3,10,163,492,3,3,5,10,1,0,9,17,17,11,5,2,0,0,0,0,0,0,0,0,2023-10-22,12,https://www.flashscore.pl/mecz/pilka-nozna/gornik-zabrze-2LH3Ywq4/rakow-czestochowa-SQOrbYim/szczegoly/statystyki/?mid=OUw0RLUf,OUw0RLUf,,
,,49,51,14,22,4,3,5,9,233,242,3,1,10,19,2,2,24,15,13,22,2,3,0,0,0,0,0,0,0,0,2023-10-22,12,https://www.flashscore.pl/mecz/pilka-nozna/korona-kielce-pp78XcbA/radomiak-radom-zD5nYhAT/szczegoly/statystyki/?mid=2JsOVzMt,2JsOVzMt,,
,,65,35,16,7,5,2,10,2,488,243,1,1,11,5,1,1,14,18,16,15,1,2,0,0,0,0,0,0,0,0,2023-10-21,12,https://www.flashscore.pl/mecz/pilka-nozna/lech-poznan-OpNH7Ouf/lks-lodz-ShUKWHDG/szczegoly/statystyki/?mid=KdX8Paa7,KdX8Paa7,,
,,37,63,11,16,6,3,0,5,226,417,2,1,5,13,0,1,10,8,9,10,3,2,0,0,0,0,0,0,0,0,2023-10-21,12,https://www.flashscore.pl/mecz/pilka-nozna/legia-warszawa-K6kUepBs/slask-wroclaw-E1Oxemse/szczegoly/statystyki/?mid=h8zyTY5a,h8zyTY5a,,
,,31,69,15,10,4,3,4,1,118,365,6,1,11,7,2,3,13,24,21,10,2,3,0,0,0,0,0,0,0,0,2023-10-21,12,https://www.flashscore.pl/mecz/pilka-nozna/cracovia-KvXSf2A6/puszcza-dtqx13O8/szczegoly/statystyki/?mid=QgKfm3iE,QgKfm3iE,,
,,51,49,17,8,8,1,8,4,477,418,1,0,9,7,5,1,7,18,11,7,1,5,0,0,0,0,0,0,0,0,2023-10-20,12,https://www.flashscore.pl/mecz/pilka-nozna/jagiellonia-bialystok-lIDaZJTc/zaglebie-lubin-tlYOere0/szczegoly/statystyki/?mid=xYs4Qup1,xYs4Qup1,,
,,39,61,5,7,3,1,7,7,271,450,3,2,2,6,5,1,11,16,12,11,1,3,0,0,0,0,0,0,0,0,2023-10-20,12,https://www.flashscore.pl/mecz/pilka-nozna/piast-gliwice-ve2oT9ck/pogon-szczecin-Um9YwPQ0/szczegoly/statystyki/?mid=bmWCOJED,bmWCOJED,,
,,68,32,22,8,5,2,7,3,432,180,7,5,17,6,0,3,26,14,15,22,1,4,0,0,0,0,0,0,0,0,2023-10-08,11,https://www.flashscore.pl/mecz/pilka-nozna/legia-warszawa-K6kUepBs/rakow-czestochowa-SQOrbYim/szczegoly/statystyki/?mid=xAaHZqNE,xAaHZqNE,,
,,41,59,16,12,4,5,8,3,256,450,2,0,12,7,3,2,13,21,18,11,1,2,0,0,0,0,0,0,0,0,2023-10-08,11,https://www.flashscore.pl/mecz/pilka-nozna/cracovia-KvXSf2A6/jagiellonia-bialystok-lIDaZJTc/szczegoly/statystyki/?mid=G4EMD20e,G4EMD20e,,
,,39,61,15,13,8,2,4,10,224,371,2,2,7,11,0,3,17,15,15,14,1,7,0,0,0,0,0,0,0,0,2023-10-08,11,https://www.flashscore.pl/mecz/pilka-nozna/gornik-zabrze-2LH3Ywq4/slask-wroclaw-E1Oxemse/szczegoly/statystyki/?mid=U7vdS1Fl,U7vdS1Fl,,
,,37,63,10,16,5,7,2,6,196,378,2,3,5,9,1,0,10,9,10,11,4,5,0,0,0,0,0,0,0,0,2023-10-07,11,https://www.flashscore.pl/mecz/pilka-nozna/pogon-szczecin-Um9YwPQ0/ruch-chorzow-S4zygtuJ/szczegoly/statystyki/?mid=ANcPXNiR,ANcPXNiR,,
,,50,50,12,15,6,5,3,2,418,412,1,1,6,10,1,0,8,13,11,9,4,5,0,0,0,0,0,0,0,0,2023-10-07,11,https://www.flashscore.pl/mecz/pilka-nozna/piast-gliwice-ve2oT9ck/zaglebie-lubin-tlYOere0/szczegoly/statystyki/?mid=pvJQCMF1,pvJQCMF1,,
,,44,56,16,10,4,4,3,1,324,442,1,1,12,6,5,1,8,19,14,7,4,3,0,0,0,0,0,0,0,0,2023-10-07,11,https://www.flashscore.pl/mecz/pilka-nozna/stal-mielec-pxXiDZkQ/widzew-lodz-rNOIW3uC/szczegoly/statystyki/?mid=jHuhTs0r,jHuhTs0r,,
,,54,46,16,12,8,3,5,5,353,302,0,1,8,9,2,1,19,13,11,18,3,5,0,0,0,0,0,0,0,0,2023-10-07,11,https://www.flashscore.pl/mecz/pilka-nozna/lks-lodz-ShUKWHDG/radomiak-radom-zD5nYhAT/szczegoly/statystyki/?mid=WWbLY3xL,WWbLY3xL,,
,,65,35,13,10,9,2,7,2,464,210,0,1,4,8,1,0,15,15,14,16,1,5,0,0,0,0,0,0,0,0,2023-10-06,11,https://www.flashscore.pl/mecz/pilka-nozna/lech-poznan-OpNH7Ouf/puszcza-dtqx13O8/szczegoly/statystyki/?mid=QZeDzQ78,QZeDzQ78,,
,,67,33,11,6,3,2,2,2,476,181,0,2,8,4,0,1,14,7,8,13,1,2,0,0,0,0,0,0,0,0,2023-10-06,11,https://www.flashscore.pl/mecz/pilka-nozna/korona-kielce-pp78XcbA/warta-poznan-CrVUWAl8/szczegoly/statystyki/?mid=OUHUBtV7,OUHUBtV7,,
,,63,37,25,9,6,3,11,2,476,268,1,1,19,6,0,6,21,11,11,15,1,6,0,0,0,0,0,0,0,0,2023-10-02,10,https://www.flashscore.pl/mecz/pilka-nozna/gornik-zabrze-2LH3Ywq4/zaglebie-lubin-tlYOere0/szczegoly/statystyki/?mid=CdDi0qWe,CdDi0qWe,,
,,40,60,4,14,2,1,3,7,341,494,2,2,2,13,0,4,21,15,14,16,1,0,0,0,0,0,0,1,0,0,2023-10-01,10,https://www.flashscore.pl/mecz/pilka-nozna/jagiellonia-bialystok-lIDaZJTc/legia-warszawa-K6kUepBs/szczegoly/statystyki/?mid=QaHea3o2,QaHea3o2,,
,,39,61,15,5,9,3,8,7,267,445,3,0,6,2,1,6,13,12,11,7,3,4,0,0,0,0,0,0,0,0,2023-10-01,10,https://www.flashscore.pl/mecz/pilka-nozna/lech-poznan-OpNH7Ouf/pogon-szczecin-Um9YwPQ0/szczegoly/statystyki/?mid=Ig4sN6w9,Ig4sN6w9,,
,,45,55,12,11,9,3,7,5,252,315,2,3,3,8,3,0,14,19,16,14,3,6,0,0,0,0,0,0,0,0,2023-10-01,10,https://www.flashscore.pl/mecz/pilka-nozna/radomiak-radom-zD5nYhAT/rakow-czestochowa-SQOrbYim/szczegoly/statystyki/?mid=O6ZsLp8L,O6ZsLp8L,,
,,60,40,18,7,5,2,8,2,380,250,5,0,13,5,0,0,12,18,17,11,1,5,0,0,0,0,0,0,0,0,2023-09-30,10,https://www.flashscore.pl/mecz/pilka-nozna/slask-wroclaw-E1Oxemse/warta-poznan-CrVUWAl8/szczegoly/statystyki/?mid=fkQDFOVr,fkQDFOVr,,
,,34,66,14,14,6,4,3,4,149,354,1,2,8,10,1,0,14,17,16,14,2,4,0,0,0,0,0,0,0,0,2023-09-30,10,https://www.flashscore.pl/mecz/pilka-nozna/puszcza-dtqx13O8/ruch-chorzow-S4zygtuJ/szczegoly/statystyki/?mid=pGzvMQhF,pGzvMQhF,,
,,63,37,14,16,2,5,10,3,433,223,1,1,12,11,1,1,12,9,10,13,3,2,0,0,0,0,0,0,0,0,2023-09-30,10,https://www.flashscore.pl/mecz/pilka-nozna/cracovia-KvXSf2A6/lks-lodz-ShUKWHDG/szczegoly/statystyki/?mid=xEFIErok,xEFIErok,,
,,43,57,10,11,4,2,1,1,282,401,2,5,6,9,0,1,15,14,15,17,1,1,0,0,0,0,0,0,0,0,2023-09-29,10,https://www.flashscore.pl/mecz/pilka-nozna/piast-gliwice-ve2oT9ck/widzew-lodz-rNOIW3uC/szczegoly/statystyki/?mid=v35wOnO2,v35wOnO2,,
,,61,39,23,9,9,4,7,1,412,251,2,4,14,5,0,1,14,12,13,14,1,7,0,0,0,0,0,0,0,0,2023-09-29,10,https://www.flashscore.pl/mecz/pilka-nozna/korona-kielce-pp78XcbA/stal-mielec-pxXiDZkQ/szczegoly/statystyki/?mid=ITYoK4NR,ITYoK4NR,,
,,55,45,12,7,6,2,5,2,357,286,1,2,6,5,4,0,13,17,12,16,1,2,0,0,0,0,0,0,0,0,2023-09-28,6,https://www.flashscore.pl/mecz/pilka-nozna/lech-poznan-OpNH7Ouf/rakow-czestochowa-SQOrbYim/szczegoly/statystyki/?mid=OYTBrK4g,OYTBrK4g,,
,,47,53,16,17,5,6,10,4,287,345,2,1,11,11,5,1,9,14,10,7,2,2,0,0,0,0,0,1,0,0,2023-09-27,6,https://www.flashscore.pl/mecz/pilka-nozna/legia-warszawa-K6kUepBs/pogon-szczecin-Um9YwPQ0/szczegoly/statystyki/?mid=rypDtbZ5,rypDtbZ5,,
,,61,39,18,11,6,3,6,3,489,275,1,1,12,8,1,1,14,13,12,13,2,4,0,0,0,0,0,0,0,0,2023-09-24,9,https://www.flashscore.pl/mecz/pilka-nozna/gornik-zabrze-2LH3Ywq4/legia-warszawa-K6kUepBs/szczegoly/statystyki/?mid=xzq887OF,xzq887OF,,
,,53,47,10,9,4,7,4,2,276,257,1,3,6,2,1,5,25,15,14,23,2,1,0,0,0,0,0,0,0,0,2023-09-24,9,https://www.flashscore.pl/mecz/pilka-nozna/rakow-czestochowa-SQOrbYim/ruch-chorzow-S4zygtuJ/szczegoly/statystyki/?mid=bkXG6ogS,bkXG6ogS,,
,,58,42,9,8,2,2,7,2,413,273,2,2,7,6,2,3,22,12,10,19,2,1,0,0,0,0,0,0,1,0,2023-09-24,9,https://www.flashscore.pl/mecz/pilka-nozna/warta-poznan-CrVUWAl8/zaglebie-lubin-tlYOere0/szczegoly/statystyki/?mid=hnsdB9vc,hnsdB9vc,,
,,60,40,14,10,5,3,4,5,544,314,1,0,9,7,0,1,8,6,5,7,2,3,0,0,0,0,0,0,0,0,2023-09-23,9,https://www.flashscore.pl/mecz/pilka-nozna/lech-poznan-OpNH7Ouf/stal-mielec-pxXiDZkQ/szczegoly/statystyki/?mid=Qau49m99,Qau49m99,,
,,48,52,15,12,3,5,3,5,323,365,1,3,12,7,7,1,12,17,12,12,0,2,0,0,0,0,0,0,0,0,2023-09-23,9,https://www.flashscore.pl/mecz/pilka-nozna/cracovia-KvXSf2A6/pogon-szczecin-Um9YwPQ0/szczegoly/statystyki/?mid=GUcDnQ1d,GUcDnQ1d,,
,,44,56,14,10,6,2,3,5,335,434,2,3,8,8,1,0,10,17,16,10,2,5,0,0,0,0,0,1,0,0,2023-09-23,9,https://www.flashscore.pl/mecz/pilka-nozna/piast-gliwice-ve2oT9ck/slask-wroclaw-E1Oxemse/szczegoly/statystyki/?mid=UXNn1PGk,UXNn1PGk,,
,,63,37,23,9,4,2,5,5,334,170,1,4,19,7,2,0,20,16,14,21,1,3,0,0,0,0,0,0,0,0,2023-09-23,9,https://www.flashscore.pl/mecz/pilka-nozna/puszcza-dtqx13O8/radomiak-radom-zD5nYhAT/szczegoly/statystyki/?mid=KbYC7RwM,KbYC7RwM,,
,,37,63,6,16,4,8,1,7,236,472,5,3,2,8,1,1,17,19,19,17,6,2,0,0,0,0,0,0,1,0,2023-09-22,9,https://www.flashscore.pl/mecz/pilka-nozna/jagiellonia-bialystok-lIDaZJTc/lks-lodz-ShUKWHDG/szczegoly/statystyki/?mid=jsPr251q,jsPr251q,,
,,47,53,14,8,5,2,2,3,261,298,3,3,9,6,4,0,16,14,13,17,1,4,0,0,0,0,0,0,0,0,2023-09-22,9,https://www.flashscore.pl/mecz/pilka-nozna/korona-kielce-pp78XcbA/widzew-lodz-rNOIW3uC/szczegoly/statystyki/?mid=Wxt0ATg3,Wxt0ATg3,,
,,54,46,18,9,6,4,5,2,482,361,1,3,12,5,2,1,9,20,18,8,2,2,0,0,0,0,0,1,0,0,2023-09-18,8,https://www.flashscore.pl/mecz/pilka-nozna/stal-mielec-pxXiDZkQ/zaglebie-lubin-tlYOere0/szczegoly/statystyki/?mid=6e8wgSOS,6e8wgSOS,,
,,34,66,7,11,2,5,2,6,207,487,3,0,5,6,0,1,7,12,11,4,3,2,0,0,0,0,0,0,0,0,2023-09-17,8,https://www.flashscore.pl/mecz/pilka-nozna/lech-poznan-OpNH7Ouf/warta-poznan-CrVUWAl8/szczegoly/statystyki/?mid=rHa5lnXq,rHa5lnXq,,
,,44,56,10,12,6,2,4,6,231,342,1,2,4,10,0,4,13,10,11,10,2,4,0,0,0,0,0,0,0,0,2023-09-17,8,https://www.flashscore.pl/mecz/pilka-nozna/cracovia-KvXSf2A6/widzew-lodz-rNOIW3uC/szczegoly/statystyki/?mid=xva9m6nj,xva9m6nj,,
,,54,46,11,11,5,4,4,6,326,258,2,4,6,7,2,2,17,16,14,15,2,2,0,0,0,0,0,0,0,0,2023-09-17,8,https://www.flashscore.pl/mecz/pilka-nozna/jagiellonia-bialystok-lIDaZJTc/radomiak-radom-zD5nYhAT/szczegoly/statystyki/?mid=G0WHcjAc,G0WHcjAc,,
,,50,50,13,6,3,3,3,1,314,333,5,5,10,3,2,2,19,24,23,16,2,2,0,0,0,0,0,1,0,0,2023-09-16,8,https://www.flashscore.pl/mecz/pilka-nozna/legia-warszawa-K6kUepBs/piast-gliwice-ve2oT9ck/szczegoly/statystyki/?mid=bPLMdAP3,bPLMdAP3,,
,,56,44,10,16,1,5,5,6,387,285,2,2,9,11,1,0,20,19,18,19,5,0,0,0,0,0,0,1,0,0,2023-09-16,8,https://www.flashscore.pl/mecz/pilka-nozna/lks-lodz-ShUKWHDG/rakow-czestochowa-SQOrbYim/szczegoly/statystyki/?mid=OWIYg89M,OWIYg89M,,
,,54,46,25,8,9,5,6,9,346,259,2,1,16,3,0,1,9,11,13,11,4,6,0,0,0,0,0,0,0,0,2023-09-16,8,https://www.flashscore.pl/mecz/pilka-nozna/korona-kielce-pp78XcbA/pogon-szczecin-Um9YwPQ0/szczegoly/statystyki/?mid=xGKQeUvA,xGKQeUvA,,
,,57,43,15,10,3,1,12,5,306,208,3,4,12,9,1,2,18,17,18,17,1,2,0,0,0,0,0,0,0,0,2023-09-15,8,https://www.flashscore.pl/mecz/pilka-nozna/gornik-zabrze-2LH3Ywq4/ruch-chorzow-S4zygtuJ/szczegoly/statystyki/?mid=2cSDbWfi,2cSDbWfi,,
,,41,59,7,19,4,7,3,3,200,335,4,1,3,12,5,1,13,28,25,14,4,3,0,0,0,0,0,0,1,0,2023-09-15,8,https://www.flashscore.pl/mecz/pilka-nozna/puszcza-dtqx13O8/slask-wroclaw-E1Oxemse/szczegoly/statystyki/?mid=ptKUflfG,ptKUflfG,,
,,59,41,12,8,6,2,7,3,360,209,2,4,6,6,3,3,23,21,17,20,2,4,0,0,0,0,0,0,0,0,2023-09-03,7,https://www.flashscore.pl/mecz/pilka-nozna/puszcza-dtqx13O8/rakow-czestochowa-SQOrbYim/szczegoly/statystyki/?mid=G2NggyJB,G2NggyJB,,
,,60,40,20,8,10,3,6,5,462,274,1,1,10,5,1,4,14,16,15,11,2,7,0,0,0,0,0,1,0,0,2023-09-03,7,https://www.flashscore.pl/mecz/pilka-nozna/legia-warszawa-K6kUepBs/widzew-lodz-rNOIW3uC/szczegoly/statystyki/?mid=Of5necla,Of5necla,,
,,51,49,19,7,8,1,8,5,291,268,1,5,11,6,2,1,15,16,16,13,1,7,0,0,0,0,0,0,0,0,2023-09-03,7,https://www.flashscore.pl/mecz/pilka-nozna/pogon-szczecin-Um9YwPQ0/zaglebie-lubin-tlYOere0/szczegoly/statystyki/?mid=2uHwcJJn,2uHwcJJn,,
,,27,73,13,9,4,3,3,5,161,537,5,4,9,6,0,1,13,11,12,12,2,2,0,0,0,0,0,0,0,0,2023-09-03,7,https://www.flashscore.pl/mecz/pilka-nozna/jagiellonia-bialystok-lIDaZJTc/slask-wroclaw-E1Oxemse/szczegoly/statystyki/?mid=lfvWZnIj,lfvWZnIj,,
,,71,29,20,6,5,2,14,1,538,188,2,1,15,4,1,1,13,15,15,11,1,4,0,0,0,0,0,0,0,0,2023-09-02,7,https://www.flashscore.pl/mecz/pilka-nozna/gornik-zabrze-2LH3Ywq4/lech-poznan-OpNH7Ouf/szczegoly/statystyki/?mid=tWFsdwZh,tWFsdwZh,,
,,56,44,14,7,3,2,10,2,345,258,2,1,11,5,1,1,8,16,16,8,2,3,0,0,0,0,0,0,0,0,2023-09-02,7,https://www.flashscore.pl/mecz/pilka-nozna/cracovia-KvXSf2A6/korona-kielce-pp78XcbA/szczegoly/statystyki/?mid=Y5CZca4t,Y5CZca4t,,
,,45,55,13,22,3,9,7,4,239,322,4,1,10,13,1,2,17,20,19,12,8,2,0,0,0,0,0,0,0,0,2023-09-02,7,https://www.flashscore.pl/mecz/pilka-nozna/piast-gliwice-ve2oT9ck/radomiak-radom-zD5nYhAT/szczegoly/statystyki/?mid=MuOkfH35,MuOkfH35,,
,,47,53,16,14,5,4,10,3,256,333,0,3,11,10,0,3,8,10,9,6,3,4,0,0,0,0,0,0,0,0,2023-09-01,7,https://www.flashscore.pl/mecz/pilka-nozna/ruch-chorzow-S4zygtuJ/stal-mielec-pxXiDZkQ/szczegoly/statystyki/?mid=fgMcheYH,fgMcheYH,,
,,68,32,10,5,1,2,1,0,454,170,4,5,9,3,0,1,28,13,15,27,0,1,0,0,0,0,0,0,0,0,2023-09-01,7,https://www.flashscore.pl/mecz/pilka-nozna/lks-lodz-ShUKWHDG/warta-poznan-CrVUWAl8/szczegoly/statystyki/?mid=A3uSzT2p,A3uSzT2p,,
,,66,34,15,6,2,3,4,1,428,183,3,4,13,3,2,5,15,12,9,11,1,2,0,0,0,0,0,0,0,0,2023-08-30,3,https://www.flashscore.pl/mecz/pilka-nozna/pogon-szczecin-Um9YwPQ0/slask-wroclaw-E1Oxemse/szczegoly/statystyki/?mid=rwkLNqTQ,rwkLNqTQ,,
,,56,44,21,8,9,1,8,5,468,355,2,2,12,7,4,1,13,13,7,12,0,5,0,0,0,0,0,1,0,0,2023-08-27,6,https://www.flashscore.pl/mecz/pilka-nozna/gornik-zabrze-2LH3Ywq4/jagiellonia-bialystok-lIDaZJTc/szczegoly/statystyki/?mid=G8Q3ptzs,G8Q3ptzs,,
,,62,38,18,8,6,3,4,2,399,229,1,4,12,5,2,2,14,17,15,11,3,4,0,0,0,0,0,1,0,0,2023-08-27,6,https://www.flashscore.pl/mecz/pilka-nozna/korona-kielce-pp78XcbA/zaglebie-lubin-tlYOere0/szczegoly/statystyki/?mid=UBU7q0km,UBU7q0km,,
,,58,42,18,8,6,1,6,2,397,254,3,2,12,7,2,0,11,17,16,13,1,6,0,0,0,0,0,0,0,0,2023-08-26,6,https://www.flashscore.pl/mecz/pilka-nozna/piast-gliwice-ve2oT9ck/ruch-chorzow-S4zygtuJ/szczegoly/statystyki/?mid=2PSFsvKa,2PSFsvKa,,
,,47,53,14,11,4,3,3,3,331,388,4,8,10,8,3,0,9,16,19,11,2,2,0,0,0,0,0,1,0,0,2023-08-26,6,https://www.flashscore.pl/mecz/pilka-nozna/lks-lodz-ShUKWHDG/puszcza-dtqx13O8/szczegoly/statystyki/?mid=MRrHuIlC,MRrHuIlC,,
,,46,54,2,14,0,1,3,8,281,329,3,1,2,13,0,0,11,9,9,12,1,0,0,0,0,0,0,0,0,0,2023-08-26,6,https://www.flashscore.pl/mecz/pilka-nozna/cracovia-KvXSf2A6/warta-poznan-CrVUWAl8/szczegoly/statystyki/?mid=UinPwdJO,UinPwdJO,,
,,68,32,14,13,1,5,9,2,423,164,6,3,13,8,1,2,12,18,17,11,3,1,0,0,0,0,0,0,0,0,2023-08-25,6,https://www.flashscore.pl/mecz/pilka-nozna/slask-wroclaw-E1Oxemse/widzew-lodz-rNOIW3uC/szczegoly/statystyki/?mid=WdQ72udP,WdQ72udP,,
,,36,64,6,13,2,1,1,9,215,445,3,2,4,12,1,2,12,19,18,10,1,0,0,0,0,0,0,0,0,0,2023-08-25,6,https://www.flashscore.pl/mecz/pilka-nozna/radomiak-radom-zD5nYhAT/stal-mielec-pxXiDZkQ/szczegoly/statystyki/?mid=GlrLvx4I,GlrLvx4I,,
,,42,58,19,14,4,6,6,11,224,363,4,3,15,8,0,2,14,10,12,12,5,3,0,0,0,0,0,0,0,0,2023-08-21,5,https://www.flashscore.pl/mecz/pilka-nozna/cracovia-KvXSf2A6/piast-gliwice-ve2oT9ck/szczegoly/statystyki/?mid=KtBPWM5s,KtBPWM5s,,
,,50,50,17,8,5,1,9,2,376,360,4,3,12,7,2,3,15,18,16,13,1,4,0,0,0,0,0,0,1,0,2023-08-20,5,https://www.flashscore.pl/mecz/pilka-nozna/korona-kielce-pp78XcbA/legia-warszawa-K6kUepBs/szczegoly/statystyki/?mid=AV3xUKk0,AV3xUKk0,,
,,26,74,13,15,3,3,1,5,144,535,3,4,10,12,0,2,11,7,9,9,2,0,0,0,0,0,0,0,0,0,2023-08-20,5,https://www.flashscore.pl/mecz/pilka-nozna/lech-poznan-OpNH7Ouf/slask-wroclaw-E1Oxemse/szczegoly/statystyki/?mid=ARmykMRP,ARmykMRP,,
,,43,57,13,16,5,4,7,4,252,368,2,4,8,12,1,2,14,12,10,12,4,4,0,0,0,0,0,0,0,0,2023-08-20,5,https://www.flashscore.pl/mecz/pilka-nozna/lks-lodz-ShUKWHDG/pogon-szczecin-Um9YwPQ0/szczegoly/statystyki/?mid=WzkXk2CJ,WzkXk2CJ,,
,,46,54,13,11,3,4,7,7,285,342,5,3,10,7,1,0,18,15,14,19,3,3,0,0,0,0,0,0,0,0,2023-08-19,5,https://www.flashscore.pl/mecz/pilka-nozna/jagiellonia-bialystok-lIDaZJTc/ruch-chorzow-S4zygtuJ/szczegoly/statystyki/?mid=rLekRIZI,rLekRIZI,,
,,53,47,16,9,5,2,6,2,403,335,3,3,11,7,2,1,8,6,14,11,2,3,0,0,0,0,0,0,0,0,2023-08-19,5,https://www.flashscore.pl/mecz/pilka-nozna/rakow-czestochowa-SQOrbYim/stal-mielec-pxXiDZkQ/szczegoly/statystyki/?mid=4UdoSbKC,4UdoSbKC,,
,,52,48,12,15,5,7,8,6,235,235,3,4,7,8,4,0,12,15,15,16,5,2,0,0,0,0,0,0,0,0,2023-08-19,5,https://www.flashscore.pl/mecz/pilka-nozna/radomiak-radom-zD5nYhAT/warta-poznan-CrVUWAl8/szczegoly/statystyki/?mid=M57tTv56,M57tTv56,,
,,39,61,6,14,3,4,4,8,213,353,3,2,3,10,2,1,13,21,19,12,3,2,0,0,0,0,0,0,0,0,2023-08-18,5,https://www.flashscore.pl/mecz/pilka-nozna/gornik-zabrze-2LH3Ywq4/widzew-lodz-rNOIW3uC/szczegoly/statystyki/?mid=xI5UVtLm,xI5UVtLm,,
,,67,33,14,16,8,4,7,7,482,179,2,5,6,12,1,3,21,14,13,19,4,7,0,0,0,0,0,1,0,0,2023-08-18,5,https://www.flashscore.pl/mecz/pilka-nozna/puszcza-dtqx13O8/zaglebie-lubin-tlYOere0/szczegoly/statystyki/?mid=G84YU0zf,G84YU0zf,,
,,43,57,10,9,4,2,4,4,222,321,3,2,6,7,1,0,9,17,18,9,0,2,0,0,0,0,0,0,0,0,2023-08-14,4,https://www.flashscore.pl/mecz/pilka-nozna/ruch-chorzow-S4zygtuJ/warta-poznan-CrVUWAl8/szczegoly/statystyki/?mid=OAPgxqrK,OAPgxqrK,,
,,25,75,12,20,1,5,4,8,98,486,5,2,8,11,0,3,15,24,24,12,4,0,0,0,0,0,0,0,0,0,2023-08-13,4,https://www.flashscore.pl/mecz/pilka-nozna/legia-warszawa-K6kUepBs/puszcza-dtqx13O8/szczegoly/statystyki/?mid=82s7EujD,82s7EujD,3,4
,,63,37,18,16,3,3,8,5,400,204,0,3,11,10,1,2,19,15,14,17,1,3,0,0,0,0,0,0,0,0,2023-08-13,4,https://www.flashscore.pl/mecz/pilka-nozna/pogon-szczecin-Um9YwPQ0/radomiak-radom-zD5nYhAT/szczegoly/statystyki/?mid=UBr3FLz7,UBr3FLz7,4,3
,,50,50,11,11,5,3,2,5,360,347,5,3,6,8,3,1,16,15,12,14,3,4,0,0,0,0,0,0,1,0,2023-08-12,4,https://www.flashscore.pl/mecz/pilka-nozna/lks-lodz-ShUKWHDG/widzew-lodz-rNOIW3uC/szczegoly/statystyki/?mid=IXOcy3cQ,IXOcy3cQ,,
,,55,45,21,14,4,3,6,3,321,260,3,2,17,11,2,0,11,11,9,11,2,4,0,0,0,0,0,0,0,0,2023-08-12,4,https://www.flashscore.pl/mecz/pilka-nozna/gornik-zabrze-2LH3Ywq4/korona-kielce-pp78XcbA/szczegoly/statystyki/?mid=ELuiINjl,ELuiINjl,,
,,54,46,11,15,7,4,5,1,384,304,3,1,4,11,5,2,9,11,8,12,3,4,0,0,0,0,0,0,0,0,2023-08-12,4,https://www.flashscore.pl/mecz/pilka-nozna/slask-wroclaw-E1Oxemse/stal-mielec-pxXiDZkQ/szczegoly/statystyki/?mid=A7LkwPSD,A7LkwPSD,,
,,48,52,18,8,5,2,8,2,307,356,3,4,13,6,1,3,12,18,19,11,1,3,0,0,0,0,0,0,0,0,2023-08-11,4,https://www.flashscore.pl/mecz/pilka-nozna/piast-gliwice-ve2oT9ck/rakow-czestochowa-SQOrbYim/szczegoly/statystyki/?mid=zyUaG1L0,zyUaG1L0,,
,,38,62,14,15,8,3,8,8,235,466,2,4,6,12,1,2,13,15,16,10,2,6,0,0,0,0,0,0,0,0,2023-08-11,4,https://www.flashscore.pl/mecz/pilka-nozna/cracovia-KvXSf2A6/zaglebie-lubin-tlYOere0/szczegoly/statystyki/?mid=0IymJ3yr,0IymJ3yr,,
,,31,69,5,9,2,2,2,7,156,450,4,3,3,7,1,1,16,24,24,14,2,1,0,0,0,0,0,0,0,0,2023-08-07,3,https://www.flashscore.pl/mecz/pilka-nozna/puszcza-dtqx13O8/stal-mielec-pxXiDZkQ/szczegoly/statystyki/?mid=fH8Q1267,fH8Q1267,,
,,73,27,24,8,6,1,6,4,568,164,3,3,18,7,3,3,14,15,11,11,1,3,0,0,0,0,0,1,0,0,2023-08-06,3,https://www.flashscore.pl/mecz/pilka-nozna/legia-warszawa-K6kUepBs/ruch-chorzow-S4zygtuJ/szczegoly/statystyki/?mid=rs5M2ri1,rs5M2ri1,,
,,48,52,18,11,7,3,6,8,367,405,4,3,11,8,2,3,14,14,12,11,2,6,0,0,0,0,0,1,0,0,2023-08-06,3,https://www.flashscore.pl/mecz/pilka-nozna/lech-poznan-OpNH7Ouf/zaglebie-lubin-tlYOere0/szczegoly/statystyki/?mid=0IFH3Oye,0IFH3Oye,,
,,66,34,25,11,4,4,6,0,421,189,1,1,21,7,5,3,16,13,8,13,3,4,0,0,0,0,0,0,0,0,2023-08-05,3,https://www.flashscore.pl/mecz/pilka-nozna/cracovia-KvXSf2A6/radomiak-radom-zD5nYhAT/szczegoly/statystyki/?mid=8Kd8Qoq8,8Kd8Qoq8,,
,,53,47,6,5,3,0,6,4,302,262,5,4,3,5,2,1,27,17,15,26,0,3,0,0,0,0,0,0,1,0,2023-08-05,3,https://www.flashscore.pl/mecz/pilka-nozna/gornik-zabrze-2LH3Ywq4/piast-gliwice-ve2oT9ck/szczegoly/statystyki/?mid=hhC95p7r,hhC95p7r,,
,,74,26,16,14,7,5,8,5,456,100,1,1,9,9,2,2,17,13,10,16,3,5,0,0,0,0,0,0,0,0,2023-08-05,3,https://www.flashscore.pl/mecz/pilka-nozna/rakow-czestochowa-SQOrbYim/warta-poznan-CrVUWAl8/szczegoly/statystyki/?mid=nBeCP5bE,nBeCP5bE,,
,,42,58,7,20,3,4,2,5,280,381,2,3,4,16,3,0,18,27,24,19,3,1,0,0,0,0,0,0,0,0,2023-08-04,3,https://www.flashscore.pl/mecz/pilka-nozna/korona-kielce-pp78XcbA/lks-lodz-ShUKWHDG/szczegoly/statystyki/?mid=4njHOPDK,4njHOPDK,,
,,56,44,15,9,2,3,3,4,412,299,1,3,13,6,2,0,14,12,11,14,2,0,0,0,0,0,0,0,0,0,2023-08-04,3,https://www.flashscore.pl/mecz/pilka-nozna/jagiellonia-bialystok-lIDaZJTc/widzew-lodz-rNOIW3uC/szczegoly/statystyki/?mid=MRGD44Ml,MRGD44Ml,,
,,57,43,25,10,9,2,16,7,390,274,1,1,16,8,0,5,15,11,10,10,1,7,0,0,0,0,0,0,0,0,2023-07-30,2,https://www.flashscore.pl/mecz/pilka-nozna/pogon-szczecin-Um9YwPQ0/widzew-lodz-rNOIW3uC/szczegoly/statystyki/?mid=nmcPQfwi,nmcPQfwi,,
,,48,52,15,13,7,3,3,3,319,351,4,2,8,10,3,0,13,18,19,12,3,5,0,0,0,0,0,0,0,0,2023-07-30,2,https://www.flashscore.pl/mecz/pilka-nozna/lech-poznan-OpNH7Ouf/radomiak-radom-zD5nYhAT/szczegoly/statystyki/?mid=pS4jI2Zj,pS4jI2Zj,,
,,43,57,8,25,2,3,1,10,268,384,0,0,6,22,0,1,10,17,18,9,3,2,0,0,0,0,0,0,0,0,2023-07-30,2,https://www.flashscore.pl/mecz/pilka-nozna/piast-gliwice-ve2oT9ck/stal-mielec-pxXiDZkQ/szczegoly/statystyki/?mid=K0eXOY73,K0eXOY73,,
,,54,46,21,7,6,5,6,6,355,295,1,1,15,2,0,0,13,11,11,14,3,5,0,0,0,0,0,0,0,0,2023-07-29,2,https://www.flashscore.pl/mecz/pilka-nozna/slask-wroclaw-E1Oxemse/zaglebie-lubin-tlYOere0/szczegoly/statystyki/?mid=GSltNCxG,GSltNCxG,,
,,61,39,12,11,6,6,5,4,373,196,3,0,6,5,1,0,20,11,11,21,5,2,0,0,0,0,0,0,0,0,2023-07-29,2,https://www.flashscore.pl/mecz/pilka-nozna/jagiellonia-bialystok-lIDaZJTc/puszcza-dtqx13O8/szczegoly/statystyki/?mid=ldJKNOBT,ldJKNOBT,,
,,30,70,12,12,4,1,7,5,163,524,0,2,8,11,0,0,12,12,12,12,1,2,0,0,0,0,0,0,0,0,2023-07-29,2,https://www.flashscore.pl/mecz/pilka-nozna/gornik-zabrze-2LH3Ywq4/warta-poznan-CrVUWAl8/szczegoly/statystyki/?mid=Y3ayOhN9,Y3ayOhN9,,
,,39,61,12,17,5,2,4,9,229,375,3,3,7,15,3,1,16,21,20,16,2,3,0,0,0,0,0,1,0,0,2023-07-28,2,https://www.flashscore.pl/mecz/pilka-nozna/lks-lodz-ShUKWHDG/ruch-chorzow-S4zygtuJ/szczegoly/statystyki/?mid=QwdTPEhc,QwdTPEhc,,
,,58,42,11,4,5,2,2,3,370,240,3,3,6,2,2,1,9,13,11,11,1,4,0,0,0,0,0,0,0,0,2023-07-24,1,https://www.flashscore.pl/mecz/pilka-nozna/korona-kielce-pp78XcbA/slask-wroclaw-E1Oxemse/szczegoly/statystyki/?mid=C0R95Pko,C0R95Pko,,
,,58,42,12,14,6,4,5,1,382,246,3,0,6,10,3,4,14,20,17,9,2,3,0,0,0,0,0,0,0,0,2023-07-23,1,https://www.flashscore.pl/mecz/pilka-nozna/puszcza-dtqx13O8/widzew-lodz-rNOIW3uC/szczegoly/statystyki/?mid=hUPBPpsH,hUPBPpsH,,
,,64,36,16,6,3,1,4,1,436,210,1,3,13,5,2,2,15,15,13,15,1,1,0,0,0,0,0,0,0,0,2023-07-23,1,https://www.flashscore.pl/mecz/pilka-nozna/ruch-chorzow-S4zygtuJ/zaglebie-lubin-tlYOere0/szczegoly/statystyki/?mid=AiurA5sU,AiurA5sU,,
,,51,49,4,20,0,4,2,9,346,325,2,0,4,16,2,2,20,22,20,17,2,0,0,0,0,0,0,0,0,0,2023-07-23,1,https://www.flashscore.pl/mecz/pilka-nozna/gornik-zabrze-2LH3Ywq4/radomiak-radom-zD5nYhAT/szczegoly/statystyki/?mid=hGpwBoSN,hGpwBoSN,,
,,40,60,11,5,5,2,4,1,,,1,4,6,3,2,1,20,12,9,20,0,4,0,0,0,0,0,0,0,0,2023-07-22,1,https://www.flashscore.pl/mecz/pilka-nozna/lech-poznan-OpNH7Ouf/piast-gliwice-ve2oT9ck/szczegoly/statystyki/?mid=OlYfTSsh,OlYfTSsh,,
,,62,38,9,0,4,0,8,4,249,140,0,4,5,0,0,1,11,9,6,8,0,1,0,0,0,0,0,0,0,0,2023-07-22,1,https://www.flashscore.pl/mecz/pilka-nozna/jagiellonia-bialystok-lIDaZJTc/rakow-czestochowa-SQOrbYim/szczegoly/statystyki/?mid=6DNaSncb,6DNaSncb,,
,,48,52,8,17,4,8,4,8,282,298,2,2,4,9,4,0,12,15,11,10,6,2,0,0,0,0,0,0,0,0,2023-07-22,1,https://www.flashscore.pl/mecz/pilka-nozna/cracovia-KvXSf2A6/stal-mielec-pxXiDZkQ/szczegoly/statystyki/?mid=p4M3R6C4,p4M3R6C4,,
,,59,41,18,7,9,1,8,4,458,278,0,0,9,6,0,1,17,8,8,17,1,6,0,0,0,0,0,0,0,0,2023-07-21,1,https://www.flashscore.pl/mecz/pilka-nozna/legia-warszawa-K6kUepBs/lks-lodz-ShUKWHDG/szczegoly/statystyki/?mid=Q3FiU8So,Q3FiU8So,,
,,29,71,9,12,1,3,6,5,168,551,1,0,8,9,4,1,10,16,12,9,2,1,0,0,0,0,0,0,0,0,2023-07-21,1,https://www.flashscore.pl/mecz/pilka-nozna/pogon-szczecin-Um9YwPQ0/warta-poznan-CrVUWAl8/szczegoly/statystyki/?mid=EwR7QQRA,EwR7QQRA,,
