match_id,gospodarz,gosc,gole_gosp,gole_gosc,data_meczu,posiadanie_gosp,posiadanie_gosc,strzaly_gosp,strzaly_gosc,celne_gosp,celne_gosc,strzaly_zablokowane_gosp,strzaly_zablokowane_gosc,strzaly_niecelne_gosp,strzaly_niecelne_gosc,rozne_gosp,rozne_gosc,faule_gosp,faule_gosc,spalone_gosp,spalone_gosc,zk_gosp,zk_gosc,czk_gosp,czk_gosc,druga_zk_gosp,druga_zk_gosc,dosrodkowania_gosp,dosrodkowania_gosc,dosrodkowania_celne_gosp,dosrodkowania_celne_gosc,odbiory_gosp,odbiory_gosc,podania_gosp,podania_gosc,podania_celne_gosp,podania_celne_gosc,kolejka
2344,JAG,BBT,0,4,2025-07-18,64.2,35.8,13.0,18.0,4.0,6.0,4.0,8.0,5.0,4.0,3.0,8.0,7.0,10.0,4.0,1.0,1.0,0.0,0.0,0.0,0.0,0.0,34.0,12.0,8.0,4.0,16.0,14.0,543.0,311.0,469.0,226.0,1
2345,LPO,CRA,1,4,2025-07-18,74.6,25.4,10.0,7.0,2.0,5.0,2.0,0.0,6.0,2.0,5.0,0.0,10.0,12.0,3.0,1.0,1.0,2.0,0.0,0.0,0.0,0.0,30.0,1.0,4.0,0.0,6.0,8.0,638.0,222.0,572.0,153.0,1
2346,WID,ZAG,1,0,2025-07-19,52.8,47.2,15.0,11.0,4.0,2.0,8.0,3.0,3.0,6.0,8.0,6.0,8.0,20.0,1.0,3.0,3.0,4.0,0.0,0.0,0.0,0.0,17.0,14.0,4.0,3.0,11.0,8.0,349.0,311.0,283.0,244.0,1
2347,WPŁ,KOR,2,0,2025-07-19,64.3,35.7,22.0,5.0,8.0,1.0,3.0,1.0,11.0,3.0,7.0,1.0,12.0,13.0,1.0,4.0,1.0,3.0,0.0,2.0,0.0,1.0,25.0,6.0,6.0,1.0,7.0,5.0,499.0,282.0,436.0,212.0,1
2348,GKS,RCZ,0,1,2025-07-19,49.2,50.8,3.0,18.0,0.0,4.0,1.0,7.0,2.0,7.0,3.0,6.0,7.0,14.0,2.0,0.0,1.0,1.0,0.0,0.0,0.0,0.0,16.0,21.0,2.0,5.0,10.0,9.0,424.0,439.0,345.0,364.0,1
2349,GÓR,LGD,2,1,2025-07-20,52.5,47.5,21.0,15.0,6.0,6.0,5.0,2.0,10.0,7.0,6.0,3.0,8.0,10.0,1.0,1.0,1.0,1.0,0.0,0.0,0.0,0.0,22.0,8.0,5.0,5.0,7.0,10.0,430.0,398.0,371.0,329.0,1
2350,MOT,ARK,1,0,2025-07-20,60.1,39.9,17.0,9.0,5.0,1.0,4.0,3.0,8.0,5.0,8.0,8.0,14.0,11.0,3.0,3.0,2.0,4.0,0.0,0.0,0.0,0.0,28.0,21.0,4.0,3.0,4.0,5.0,457.0,301.0,375.0,235.0,1
2351,LEG,PIA,0,1,2025-07-20,52.7,47.3,9.0,10.0,2.0,3.0,3.0,2.0,4.0,5.0,5.0,3.0,14.0,14.0,2.0,2.0,3.0,1.0,0.0,0.0,0.0,0.0,18.0,12.0,6.0,3.0,16.0,8.0,416.0,380.0,319.0,295.0,1
2352,RAD,POG,5,1,2025-07-20,42.8,57.2,15.0,6.0,8.0,1.0,4.0,0.0,3.0,5.0,4.0,4.0,8.0,9.0,2.0,5.0,1.0,1.0,0.0,0.0,0.0,0.0,15.0,18.0,7.0,6.0,5.0,4.0,300.0,403.0,240.0,333.0,1
2353,ARK,RAD,1,1,2025-07-25,48.9,51.1,10.0,15.0,4.0,3.0,1.0,2.0,5.0,10.0,5.0,4.0,16.0,12.0,3.0,2.0,1.0,3.0,0.0,0.0,0.0,0.0,16.0,14.0,4.0,1.0,9.0,13.0,319.0,334.0,251.0,266.0,2
2354,LGD,LPO,3,4,2025-07-26,39.9,60.1,16.0,21.0,7.0,11.0,6.0,5.0,3.0,5.0,9.0,10.0,13.0,11.0,0.0,0.0,3.0,3.0,0.0,0.0,0.0,0.0,21.0,20.0,6.0,7.0,14.0,8.0,278.0,433.0,211.0,363.0,2
2355,POG,MOT,4,1,2025-07-26,42.0,58.0,19.0,20.0,5.0,8.0,5.0,4.0,9.0,8.0,6.0,8.0,11.0,8.0,0.0,1.0,2.0,1.0,0.0,0.0,0.0,0.0,15.0,31.0,5.0,6.0,5.0,9.0,298.0,409.0,231.0,348.0,2
2356,KOR,LEG,0,2,2025-07-27,52.0,48.0,18.0,17.0,2.0,5.0,9.0,3.0,7.0,9.0,13.0,7.0,8.0,15.0,0.0,2.0,0.0,1.0,0.0,0.0,0.0,0.0,36.0,18.0,8.0,4.0,11.0,14.0,388.0,374.0,312.0,300.0,2
2357,CRA,BBT,2,0,2025-07-25,46.3,53.7,14.0,7.0,3.0,4.0,3.0,1.0,8.0,2.0,5.0,6.0,16.0,16.0,1.0,0.0,3.0,5.0,0.0,0.0,0.0,0.0,13.0,19.0,5.0,3.0,14.0,11.0,314.0,363.0,234.0,272.0,2
2358,GKS,ZAG,2,2,2025-07-28,55.8,44.2,18.0,20.0,8.0,3.0,6.0,11.0,4.0,6.0,14.0,8.0,9.0,16.0,1.0,2.0,1.0,1.0,0.0,0.0,0.0,0.0,34.0,22.0,7.0,4.0,6.0,4.0,311.0,248.0,229.0,177.0,2
2359,RCZ,WPŁ,1,2,2025-07-27,60.7,39.3,11.0,11.0,3.0,5.0,4.0,1.0,4.0,5.0,6.0,3.0,17.0,21.0,0.0,1.0,4.0,4.0,0.0,0.0,0.0,0.0,30.0,11.0,9.0,2.0,8.0,11.0,480.0,320.0,410.0,239.0,2
2360,JAG,WID,3,2,2025-07-27,58.7,41.3,12.0,18.0,5.0,7.0,5.0,3.0,2.0,8.0,4.0,2.0,12.0,18.0,4.0,1.0,2.0,3.0,0.0,0.0,0.0,0.0,18.0,8.0,2.0,3.0,8.0,8.0,442.0,314.0,364.0,244.0,2
2361,PIA,GÓR,0,1,2025-07-26,61.8,38.2,10.0,8.0,0.0,4.0,3.0,2.0,7.0,2.0,6.0,2.0,13.0,8.0,2.0,0.0,2.0,1.0,0.0,0.0,0.0,0.0,17.0,14.0,1.0,1.0,7.0,6.0,514.0,315.0,452.0,255.0,2
2362,WPŁ,PIA,2,0,2025-08-01,30.2,69.8,9.0,6.0,3.0,1.0,5.0,2.0,1.0,3.0,8.0,6.0,10.0,11.0,4.0,0.0,3.0,5.0,0.0,0.0,0.0,0.0,17.0,23.0,4.0,4.0,7.0,3.0,250.0,600.0,193.0,542.0,3
2363,BBT,POG,1,1,2025-08-02,42.0,58.0,16.0,12.0,7.0,2.0,5.0,5.0,4.0,5.0,6.0,9.0,8.0,14.0,2.0,0.0,0.0,2.0,0.0,0.0,0.0,0.0,14.0,27.0,3.0,2.0,4.0,8.0,339.0,453.0,254.0,383.0,3
2364,LEG,ARK,0,0,2025-08-03,62.9,37.1,20.0,6.0,3.0,0.0,10.0,3.0,7.0,3.0,13.0,4.0,19.0,13.0,1.0,1.0,3.0,3.0,0.0,0.0,0.0,0.0,37.0,19.0,11.0,6.0,7.0,8.0,473.0,284.0,388.0,213.0,3
2365,MOT,JAG,1,1,2025-08-03,49.8,50.2,15.0,21.0,1.0,7.0,5.0,5.0,9.0,9.0,5.0,7.0,14.0,8.0,0.0,3.0,2.0,1.0,0.0,0.0,0.0,0.0,24.0,19.0,9.0,8.0,15.0,7.0,372.0,386.0,290.0,315.0,3
2366,ZAG,KOR,1,1,2025-08-01,45.6,54.4,8.0,17.0,2.0,5.0,0.0,8.0,6.0,4.0,7.0,8.0,15.0,19.0,1.0,2.0,2.0,2.0,0.0,0.0,0.0,0.0,22.0,27.0,7.0,7.0,11.0,10.0,309.0,372.0,222.0,285.0,3
2367,RAD,RCZ,3,1,2025-08-03,35.6,64.4,12.0,11.0,6.0,5.0,2.0,4.0,4.0,2.0,1.0,7.0,20.0,14.0,0.0,3.0,3.0,3.0,0.0,0.0,0.0,0.0,7.0,37.0,3.0,8.0,6.0,11.0,243.0,414.0,178.0,338.0,3
2368,CRA,LGD,2,2,2025-08-03,56.1,43.9,20.0,12.0,6.0,2.0,7.0,4.0,7.0,6.0,5.0,4.0,13.0,13.0,0.0,0.0,3.0,2.0,0.0,0.0,0.0,0.0,30.0,18.0,9.0,6.0,15.0,6.0,424.0,335.0,336.0,249.0,3
2369,LPO,GÓR,2,1,2025-08-02,55.5,44.5,12.0,12.0,5.0,1.0,2.0,6.0,5.0,5.0,6.0,8.0,9.0,5.0,0.0,1.0,2.0,1.0,0.0,0.0,0.0,0.0,14.0,21.0,2.0,2.0,7.0,8.0,525.0,414.0,446.0,341.0,3
2370,WID,GKS,3,0,2025-08-02,43.1,56.9,21.0,8.0,4.0,3.0,8.0,3.0,9.0,2.0,8.0,6.0,6.0,7.0,0.0,2.0,4.0,2.0,0.0,0.0,0.0,0.0,17.0,24.0,5.0,2.0,12.0,7.0,274.0,364.0,206.0,297.0,3
2371,ARK,POG,2,1,2025-08-09,43.9,56.1,11.0,13.0,5.0,3.0,3.0,6.0,3.0,4.0,6.0,5.0,13.0,14.0,1.0,0.0,3.0,3.0,0.0,0.0,0.0,0.0,23.0,23.0,3.0,7.0,8.0,10.0,315.0,398.0,254.0,324.0,4
2372,LEG,GKS,3,1,2025-08-10,58.3,41.7,20.0,7.0,7.0,6.0,5.0,0.0,8.0,1.0,5.0,7.0,11.0,13.0,1.0,1.0,3.0,1.0,0.0,0.0,0.0,0.0,25.0,18.0,7.0,4.0,5.0,9.0,473.0,336.0,371.0,237.0,4
2373,LGD,MOT,3,3,2025-08-11,52.5,47.5,18.0,14.0,9.0,4.0,3.0,3.0,6.0,7.0,3.0,8.0,11.0,12.0,0.0,2.0,2.0,2.0,0.0,0.0,0.0,0.0,16.0,21.0,8.0,7.0,12.0,7.0,339.0,299.0,247.0,230.0,4
2374,GÓR,BBT,0,1,2025-08-08,61.9,38.1,25.0,7.0,5.0,2.0,8.0,2.0,12.0,3.0,7.0,2.0,12.0,15.0,1.0,0.0,3.0,3.0,0.0,0.0,0.0,0.0,29.0,2.0,10.0,0.0,11.0,13.0,569.0,364.0,487.0,269.0,4
2375,KOR,RAD,3,0,2025-08-08,42.8,57.2,13.0,7.0,3.0,3.0,3.0,0.0,7.0,4.0,2.0,5.0,15.0,16.0,3.0,2.0,5.0,3.0,0.0,0.0,0.0,0.0,17.0,15.0,4.0,4.0,10.0,9.0,315.0,428.0,248.0,355.0,4
2376,RCZ,ZAG,0,1,2025-08-10,56.1,43.9,13.0,15.0,3.0,5.0,5.0,3.0,5.0,7.0,1.0,1.0,11.0,21.0,1.0,0.0,2.0,4.0,1.0,0.0,0.0,0.0,22.0,10.0,7.0,6.0,2.0,7.0,401.0,321.0,298.0,219.0,4
2377,JAG,CRA,5,2,2025-08-10,63.5,36.5,15.0,12.0,8.0,4.0,5.0,3.0,2.0,5.0,10.0,5.0,14.0,17.0,1.0,1.0,2.0,3.0,0.0,1.0,0.0,0.0,29.0,14.0,9.0,4.0,5.0,10.0,492.0,280.0,410.0,201.0,4
2378,PIA,LPO,1,0,2025-08-09,47.5,52.5,14.0,23.0,3.0,6.0,4.0,5.0,7.0,12.0,3.0,9.0,10.0,9.0,3.0,3.0,1.0,2.0,0.0,0.0,0.0,0.0,21.0,28.0,8.0,9.0,4.0,9.0,356.0,391.0,276.0,300.0,4
2379,WID,WPŁ,1,1,2025-08-09,60.6,39.4,15.0,5.0,6.0,1.0,5.0,1.0,4.0,3.0,5.0,0.0,7.0,12.0,1.0,1.0,2.0,3.0,0.0,0.0,0.0,0.0,20.0,7.0,3.0,2.0,11.0,12.0,498.0,322.0,424.0,237.0,4
2380,WPŁ,LEG,1,0,2025-08-17,33.8,66.2,10.0,23.0,4.0,3.0,2.0,10.0,4.0,10.0,3.0,9.0,5.0,9.0,1.0,1.0,0.0,2.0,0.0,0.0,0.0,0.0,10.0,54.0,4.0,11.0,10.0,10.0,330.0,607.0,248.0,538.0,5
2381,BBT,RCZ,2,3,2025-08-17,46.8,53.2,10.0,17.0,3.0,10.0,6.0,1.0,1.0,6.0,6.0,2.0,17.0,14.0,1.0,0.0,2.0,4.0,0.0,0.0,0.0,0.0,20.0,17.0,6.0,9.0,14.0,9.0,352.0,415.0,273.0,357.0,5
2382,MOT,PIA,0,0,2025-08-16,41.0,59.0,8.0,17.0,1.0,4.0,2.0,3.0,5.0,10.0,7.0,6.0,17.0,16.0,4.0,5.0,4.0,2.0,1.0,0.0,0.0,0.0,20.0,27.0,5.0,9.0,7.0,7.0,313.0,460.0,257.0,409.0,5
2383,ZAG,LGD,6,2,2025-08-15,41.2,58.8,22.0,7.0,9.0,2.0,3.0,4.0,10.0,1.0,5.0,4.0,6.0,9.0,1.0,0.0,0.0,0.0,0.0,0.0,0.0,0.0,16.0,16.0,3.0,1.0,13.0,13.0,270.0,391.0,198.0,307.0,5
2384,RAD,JAG,1,2,2025-08-17,39.9,60.1,11.0,15.0,5.0,5.0,2.0,3.0,4.0,7.0,6.0,7.0,20.0,12.0,3.0,3.0,6.0,1.0,0.0,0.0,0.0,0.0,18.0,16.0,7.0,4.0,4.0,3.0,279.0,433.0,207.0,363.0,5
2385,POG,GÓR,0,3,2025-08-17,53.0,47.0,14.0,20.0,3.0,6.0,6.0,9.0,5.0,5.0,6.0,9.0,11.0,16.0,1.0,1.0,2.0,0.0,0.0,0.0,0.0,0.0,15.0,10.0,9.0,2.0,11.0,7.0,380.0,345.0,319.0,286.0,5
2386,CRA,WID,1,0,2025-08-15,43.6,56.4,8.0,14.0,2.0,4.0,2.0,5.0,4.0,5.0,7.0,8.0,16.0,11.0,1.0,0.0,2.0,1.0,0.0,0.0,0.0,0.0,20.0,29.0,4.0,4.0,9.0,11.0,262.0,335.0,190.0,252.0,5
2387,GKS,ARK,4,1,2025-08-16,42.0,58.0,24.0,12.0,10.0,3.0,7.0,4.0,7.0,5.0,8.0,5.0,19.0,12.0,1.0,0.0,1.0,4.0,0.0,0.0,0.0,0.0,26.0,18.0,8.0,6.0,11.0,5.0,263.0,381.0,200.0,311.0,5
2388,LPO,KOR,1,1,2025-08-16,65.4,34.6,18.0,16.0,8.0,2.0,5.0,2.0,5.0,12.0,6.0,0.0,12.0,10.0,2.0,2.0,1.0,1.0,0.0,0.0,0.0,0.0,26.0,19.0,5.0,5.0,7.0,11.0,502.0,258.0,420.0,194.0,5
2389,WPŁ,ZAG,2,1,2025-08-25,58.1,41.9,15.0,7.0,4.0,3.0,3.0,3.0,8.0,1.0,4.0,3.0,15.0,9.0,2.0,1.0,1.0,0.0,0.0,0.0,0.0,0.0,29.0,10.0,6.0,5.0,10.0,1.0,544.0,402.0,474.0,334.0,6
2390,LEG,JAG,0,0,2025-08-24,51.2,48.8,20.0,3.0,8.0,1.0,6.0,0.0,6.0,2.0,2.0,2.0,20.0,15.0,0.0,7.0,1.0,3.0,0.0,0.0,0.0,0.0,23.0,9.0,7.0,2.0,12.0,12.0,432.0,413.0,339.0,326.0,6
2391,LGD,ARK,1,0,2025-08-24,52.8,47.2,12.0,7.0,3.0,1.0,6.0,2.0,3.0,4.0,4.0,4.0,10.0,12.0,2.0,0.0,3.0,3.0,0.0,0.0,0.0,0.0,23.0,11.0,6.0,1.0,12.0,5.0,367.0,337.0,283.0,249.0,6
2392,GÓR,GKS,3,0,2025-08-23,51.4,48.6,18.0,10.0,6.0,1.0,4.0,3.0,8.0,6.0,2.0,4.0,9.0,11.0,0.0,0.0,0.0,1.0,0.0,0.0,0.0,0.0,18.0,12.0,6.0,2.0,10.0,6.0,450.0,430.0,392.0,358.0,6
2393,RAD,BBT,1,1,2025-08-22,62.5,37.5,17.0,13.0,4.0,2.0,7.0,1.0,6.0,10.0,2.0,5.0,12.0,11.0,3.0,3.0,1.0,2.0,0.0,0.0,0.0,0.0,23.0,16.0,2.0,2.0,16.0,7.0,471.0,281.0,401.0,208.0,6
2394,KOR,MOT,2,0,2025-08-23,32.2,67.8,17.0,13.0,8.0,2.0,4.0,5.0,5.0,6.0,5.0,6.0,15.0,14.0,1.0,1.0,4.0,5.0,0.0,0.0,0.0,0.0,6.0,34.0,4.0,9.0,4.0,14.0,255.0,520.0,195.0,458.0,6
2395,RCZ,LPO,2,2,2025-09-24,63.9,36.1,18.0,10.0,7.0,3.0,7.0,5.0,4.0,2.0,6.0,2.0,10.0,15.0,4.0,1.0,3.0,1.0,0.0,1.0,0.0,0.0,35.0,11.0,9.0,2.0,9.0,16.0,545.0,315.0,488.0,235.0,6
2396,PIA,CRA,0,0,2025-08-24,59.8,40.2,14.0,8.0,1.0,2.0,9.0,2.0,4.0,4.0,4.0,2.0,20.0,17.0,1.0,0.0,1.0,0.0,0.0,0.0,0.0,0.0,21.0,18.0,4.0,4.0,3.0,7.0,547.0,360.0,477.0,293.0,6
2397,WID,POG,1,2,2025-08-22,54.4,45.6,13.0,8.0,4.0,4.0,4.0,0.0,5.0,4.0,2.0,0.0,5.0,16.0,2.0,2.0,1.0,4.0,1.0,0.0,0.0,0.0,11.0,8.0,1.0,1.0,10.0,13.0,433.0,364.0,341.0,277.0,6
2398,ARK,WPŁ,1,0,2025-08-29,50.7,49.3,8.0,18.0,2.0,4.0,1.0,4.0,5.0,10.0,0.0,5.0,12.0,10.0,1.0,1.0,1.0,2.0,0.0,0.0,0.0,0.0,10.0,23.0,1.0,6.0,8.0,8.0,433.0,403.0,350.0,321.0,7
2399,BBT,KOR,1,3,2025-08-30,45.9,54.1,8.0,24.0,5.0,9.0,1.0,6.0,2.0,9.0,3.0,1.0,13.0,12.0,2.0,1.0,0.0,2.0,0.0,0.0,0.0,0.0,17.0,14.0,8.0,6.0,11.0,10.0,361.0,432.0,277.0,358.0,7
2400,ZAG,PIA,2,2,2025-08-30,30.2,69.8,11.0,15.0,2.0,5.0,3.0,8.0,6.0,2.0,3.0,5.0,15.0,9.0,2.0,3.0,3.0,3.0,0.0,0.0,0.0,0.0,13.0,20.0,5.0,2.0,11.0,9.0,253.0,592.0,189.0,507.0,7
2401,GÓR,MOT,0,1,2025-08-30,58.4,41.6,18.0,10.0,3.0,3.0,4.0,2.0,11.0,5.0,10.0,5.0,9.0,14.0,2.0,1.0,5.0,4.0,0.0,0.0,0.0,0.0,33.0,12.0,10.0,4.0,13.0,14.0,487.0,357.0,435.0,293.0,7
2402,POG,RCZ,2,0,2025-08-31,45.0,55.0,8.0,18.0,3.0,3.0,2.0,7.0,3.0,8.0,1.0,14.0,16.0,10.0,3.0,2.0,4.0,3.0,0.0,0.0,0.0,0.0,12.0,37.0,4.0,6.0,11.0,3.0,338.0,398.0,256.0,327.0,7
2403,CRA,LEG,2,1,2025-08-31,56.0,44.0,2.0,13.0,2.0,5.0,0.0,4.0,0.0,4.0,2.0,5.0,13.0,17.0,1.0,1.0,4.0,2.0,0.0,0.0,0.0,0.0,8.0,18.0,2.0,6.0,10.0,10.0,473.0,360.0,387.0,274.0,7
2404,GKS,RAD,3,2,2025-08-29,47.4,52.6,18.0,9.0,8.0,4.0,3.0,4.0,7.0,1.0,8.0,4.0,16.0,21.0,3.0,1.0,3.0,6.0,0.0,0.0,0.0,0.0,29.0,19.0,8.0,5.0,8.0,5.0,257.0,299.0,196.0,225.0,7
2405,LPO,WID,2,1,2025-08-31,51.3,48.7,13.0,15.0,5.0,3.0,3.0,3.0,5.0,9.0,5.0,7.0,11.0,8.0,1.0,6.0,3.0,0.0,0.0,0.0,0.0,0.0,13.0,18.0,1.0,3.0,6.0,8.0,418.0,389.0,344.0,318.0,7
2406,JAG,LGD,2,0,2025-08-31,51.7,48.3,12.0,15.0,4.0,4.0,2.0,4.0,6.0,7.0,1.0,5.0,13.0,20.0,2.0,0.0,4.0,4.0,0.0,0.0,0.0,0.0,13.0,19.0,7.0,5.0,5.0,8.0,394.0,362.0,320.0,278.0,7
2407,WPŁ,CRA,0,0,2025-09-13,43.6,56.4,8.0,7.0,4.0,1.0,2.0,0.0,2.0,6.0,3.0,2.0,8.0,16.0,0.0,2.0,2.0,2.0,0.0,0.0,0.0,0.0,20.0,22.0,7.0,6.0,11.0,8.0,371.0,482.0,300.0,408.0,8
2408,LEG,RAD,4,1,2025-09-14,55.4,44.6,13.0,13.0,6.0,5.0,4.0,7.0,3.0,1.0,5.0,5.0,17.0,15.0,0.0,0.0,1.0,2.0,0.0,0.0,0.0,0.0,16.0,13.0,1.0,2.0,12.0,7.0,441.0,354.0,372.0,287.0,8
2409,LGD,GKS,2,0,2025-09-12,41.8,58.2,13.0,11.0,3.0,3.0,4.0,3.0,6.0,5.0,2.0,5.0,8.0,10.0,0.0,0.0,3.0,1.0,0.0,0.0,0.0,0.0,12.0,40.0,6.0,11.0,10.0,5.0,345.0,461.0,263.0,382.0,8
2410,MOT,BBT,1,1,2025-09-14,50.9,49.1,14.0,10.0,2.0,6.0,6.0,1.0,6.0,3.0,5.0,4.0,16.0,13.0,4.0,1.0,2.0,4.0,0.0,0.0,0.0,0.0,16.0,17.0,3.0,8.0,7.0,9.0,403.0,391.0,330.0,327.0,8
2411,KOR,POG,1,0,2025-09-13,44.5,55.5,18.0,21.0,6.0,10.0,5.0,5.0,7.0,6.0,12.0,7.0,9.0,11.0,5.0,2.0,1.0,1.0,0.0,0.0,0.0,0.0,36.0,23.0,6.0,6.0,5.0,9.0,285.0,376.0,220.0,295.0,8
2412,LPO,ZAG,1,2,2025-09-12,64.4,35.6,25.0,9.0,6.0,4.0,11.0,2.0,8.0,3.0,7.0,6.0,11.0,8.0,0.0,4.0,3.0,3.0,0.0,0.0,0.0,0.0,20.0,13.0,7.0,2.0,3.0,9.0,508.0,275.0,412.0,203.0,8
2413,RCZ,GÓR,0,1,2025-09-15,67.4,32.6,9.0,16.0,1.0,7.0,4.0,7.0,4.0,2.0,3.0,6.0,7.0,16.0,2.0,0.0,1.0,6.0,0.0,0.0,0.0,0.0,24.0,16.0,8.0,4.0,17.0,17.0,614.0,295.0,530.0,213.0,8
2414,PIA,JAG,1,1,2025-09-13,53.4,46.6,15.0,11.0,4.0,6.0,4.0,1.0,7.0,4.0,4.0,1.0,11.0,13.0,2.0,1.0,6.0,3.0,1.0,0.0,1.0,0.0,22.0,5.0,5.0,3.0,9.0,7.0,510.0,461.0,445.0,380.0,8
2415,WID,ARK,2,0,2025-09-14,49.3,50.7,14.0,13.0,8.0,5.0,1.0,0.0,5.0,8.0,1.0,2.0,4.0,16.0,1.0,3.0,0.0,1.0,0.0,0.0,0.0,0.0,12.0,14.0,3.0,5.0,12.0,14.0,379.0,389.0,314.0,322.0,8
2416,ARK,KOR,0,0,2025-09-20,48.8,51.2,11.0,9.0,3.0,0.0,3.0,5.0,5.0,4.0,4.0,6.0,12.0,15.0,1.0,0.0,3.0,2.0,0.0,0.0,0.0,0.0,12.0,17.0,4.0,2.0,6.0,8.0,335.0,345.0,268.0,277.0,9
2417,BBT,LPO,0,2,2025-09-20,54.1,45.9,13.0,18.0,2.0,9.0,2.0,5.0,9.0,4.0,3.0,10.0,7.0,7.0,0.0,2.0,1.0,1.0,0.0,0.0,0.0,0.0,12.0,19.0,1.0,3.0,13.0,10.0,491.0,410.0,415.0,344.0,9
2418,ZAG,MOT,2,2,2025-09-21,43.9,56.1,11.0,15.0,4.0,6.0,5.0,6.0,2.0,3.0,6.0,5.0,14.0,15.0,2.0,3.0,3.0,4.0,0.0,0.0,0.0,0.0,24.0,13.0,5.0,1.0,14.0,6.0,278.0,371.0,214.0,323.0,9
2419,GÓR,WID,3,2,2025-09-21,49.8,50.2,17.0,11.0,7.0,5.0,4.0,4.0,6.0,2.0,6.0,4.0,16.0,11.0,2.0,0.0,4.0,1.0,0.0,0.0,0.0,0.0,25.0,16.0,3.0,4.0,7.0,13.0,382.0,388.0,315.0,312.0,9
2420,RAD,PIA,1,0,2025-09-20,40.5,59.5,16.0,11.0,4.0,2.0,6.0,3.0,6.0,6.0,3.0,2.0,21.0,13.0,1.0,1.0,0.0,1.0,0.0,0.0,0.0,0.0,14.0,24.0,1.0,6.0,5.0,8.0,321.0,474.0,264.0,413.0,9
2421,POG,LGD,3,4,2025-09-21,59.2,40.8,22.0,12.0,10.0,9.0,5.0,0.0,7.0,3.0,4.0,4.0,9.0,11.0,1.0,0.0,3.0,3.0,0.0,0.0,0.0,0.0,22.0,10.0,7.0,1.0,6.0,3.0,408.0,288.0,353.0,223.0,9
2422,GKS,CRA,0,3,2025-09-19,57.1,42.9,16.0,13.0,5.0,6.0,7.0,4.0,4.0,3.0,11.0,3.0,6.0,13.0,0.0,0.0,2.0,1.0,0.0,0.0,0.0,0.0,34.0,7.0,4.0,2.0,7.0,7.0,470.0,368.0,379.0,268.0,9
2423,RCZ,LEG,1,1,2025-09-20,39.5,60.5,7.0,16.0,3.0,2.0,2.0,5.0,2.0,9.0,1.0,2.0,15.0,18.0,2.0,0.0,1.0,3.0,0.0,0.0,0.0,0.0,8.0,15.0,3.0,7.0,6.0,8.0,315.0,476.0,223.0,379.0,9
2424,WPŁ,JAG,0,1,2025-09-19,41.0,59.0,17.0,13.0,4.0,9.0,7.0,0.0,6.0,4.0,5.0,5.0,13.0,8.0,3.0,3.0,0.0,2.0,0.0,0.0,0.0,0.0,20.0,17.0,7.0,7.0,6.0,6.0,292.0,443.0,228.0,384.0,9
2425,WPŁ,GKS,1,1,2025-09-26,45.7,54.3,10.0,10.0,4.0,5.0,3.0,3.0,3.0,2.0,4.0,2.0,14.0,11.0,1.0,2.0,1.0,1.0,0.0,0.0,0.0,0.0,26.0,16.0,6.0,0.0,6.0,9.0,388.0,475.0,309.0,427.0,10
2426,LEG,POG,1,0,2025-09-28,55.2,44.8,14.0,6.0,6.0,1.0,2.0,0.0,6.0,5.0,6.0,1.0,17.0,15.0,3.0,2.0,2.0,3.0,0.0,0.0,0.0,0.0,23.0,8.0,7.0,1.0,3.0,6.0,433.0,362.0,330.0,263.0,10
2427,MOT,RAD,2,2,2025-09-29,54.6,45.4,11.0,20.0,4.0,5.0,4.0,3.0,3.0,12.0,5.0,3.0,10.0,14.0,2.0,0.0,1.0,3.0,0.0,0.0,0.0,0.0,25.0,16.0,4.0,6.0,13.0,9.0,394.0,336.0,322.0,274.0,10
2428,ZAG,ARK,4,0,2025-09-29,39.7,60.3,10.0,11.0,7.0,3.0,1.0,6.0,2.0,2.0,2.0,2.0,15.0,16.0,0.0,2.0,0.0,3.0,0.0,0.0,0.0,0.0,10.0,13.0,5.0,1.0,7.0,9.0,314.0,490.0,238.0,411.0,10
2429,KOR,LGD,3,0,2025-09-27,43.9,56.1,17.0,10.0,7.0,3.0,7.0,0.0,3.0,7.0,6.0,5.0,12.0,13.0,1.0,0.0,2.0,1.0,0.0,1.0,0.0,0.0,15.0,19.0,5.0,4.0,7.0,12.0,308.0,393.0,228.0,310.0,10
2430,CRA,GÓR,1,1,2025-09-27,63.6,36.4,13.0,11.0,3.0,2.0,6.0,4.0,4.0,5.0,6.0,7.0,4.0,10.0,1.0,0.0,1.0,3.0,0.0,0.0,0.0,0.0,21.0,18.0,5.0,5.0,5.0,9.0,597.0,331.0,529.0,279.0,10
2431,LPO,JAG,2,2,2025-09-28,52.5,47.5,13.0,15.0,6.0,3.0,5.0,7.0,2.0,5.0,5.0,10.0,10.0,13.0,0.0,1.0,1.0,4.0,0.0,0.0,0.0,0.0,22.0,19.0,6.0,5.0,11.0,11.0,403.0,366.0,330.0,291.0,10
2432,PIA,BBT,4,2,2025-09-27,48.0,52.0,20.0,22.0,7.0,7.0,7.0,7.0,6.0,8.0,2.0,7.0,7.0,15.0,1.0,2.0,1.0,3.0,1.0,0.0,0.0,0.0,17.0,28.0,0.0,9.0,2.0,7.0,368.0,385.0,306.0,311.0,10
2433,WID,RCZ,0,1,2025-09-28,38.1,61.9,6.0,20.0,1.0,6.0,3.0,5.0,2.0,9.0,3.0,3.0,11.0,17.0,3.0,0.0,3.0,4.0,0.0,0.0,0.0,0.0,6.0,24.0,0.0,9.0,9.0,6.0,347.0,551.0,278.0,490.0,10
2434,ARK,CRA,2,1,2025-10-04,37.3,62.7,8.0,13.0,3.0,1.0,2.0,5.0,3.0,7.0,4.0,6.0,20.0,17.0,2.0,2.0,0.0,2.0,0.0,0.0,0.0,0.0,13.0,26.0,4.0,3.0,8.0,6.0,305.0,509.0,221.0,422.0,11
2435,BBT,WID,2,4,2025-10-04,52.6,47.4,9.0,14.0,4.0,10.0,3.0,2.0,2.0,2.0,3.0,4.0,15.0,16.0,0.0,1.0,1.0,2.0,0.0,0.0,0.0,0.0,11.0,17.0,5.0,1.0,8.0,9.0,377.0,333.0,289.0,260.0,11
2436,LGD,WPŁ,1,1,2025-10-03,55.9,44.1,12.0,9.0,5.0,1.0,3.0,3.0,4.0,5.0,3.0,4.0,7.0,11.0,2.0,0.0,1.0,3.0,0.0,0.0,0.0,0.0,17.0,23.0,4.0,1.0,3.0,11.0,451.0,344.0,384.0,271.0,11
2437,GÓR,LEG,3,1,2025-10-05,39.2,60.8,9.0,15.0,6.0,3.0,0.0,7.0,3.0,5.0,0.0,6.0,10.0,10.0,2.0,0.0,1.0,1.0,0.0,0.0,0.0,0.0,6.0,31.0,2.0,7.0,10.0,10.0,329.0,491.0,265.0,416.0,11
2438,RAD,ZAG,3,1,2025-10-04,50.1,49.9,17.0,18.0,5.0,7.0,3.0,3.0,9.0,8.0,5.0,6.0,11.0,13.0,1.0,4.0,0.0,3.0,0.0,0.0,0.0,0.0,22.0,18.0,7.0,3.0,11.0,8.0,328.0,331.0,243.0,249.0,11
2439,POG,PIA,2,1,2025-10-03,47.3,52.7,27.0,8.0,10.0,2.0,9.0,3.0,8.0,3.0,6.0,1.0,11.0,16.0,2.0,1.0,2.0,1.0,0.0,0.0,0.0,0.0,22.0,14.0,7.0,3.0,4.0,4.0,392.0,455.0,328.0,396.0,11
2440,GKS,LPO,0,1,2025-10-05,42.9,57.1,14.0,11.0,5.0,3.0,3.0,4.0,6.0,4.0,6.0,2.0,15.0,17.0,4.0,0.0,1.0,3.0,0.0,0.0,0.0,0.0,23.0,10.0,8.0,2.0,11.0,11.0,380.0,519.0,308.0,433.0,11
2441,RCZ,MOT,2,0,2025-10-05,53.6,46.4,22.0,5.0,8.0,2.0,4.0,0.0,10.0,3.0,4.0,5.0,12.0,15.0,2.0,2.0,1.0,3.0,1.0,0.0,0.0,0.0,16.0,19.0,5.0,2.0,6.0,11.0,503.0,421.0,431.0,347.0,11
2442,JAG,KOR,3,1,2025-10-05,69.1,30.9,18.0,14.0,6.0,3.0,4.0,5.0,8.0,6.0,7.0,7.0,9.0,10.0,1.0,3.0,1.0,1.0,0.0,0.0,0.0,0.0,22.0,15.0,5.0,6.0,9.0,4.0,626.0,273.0,548.0,206.0,11
2443,WPŁ,BBT,3,1,2025-10-20,55.3,44.7,20.0,14.0,7.0,2.0,5.0,6.0,8.0,6.0,6.0,5.0,6.0,9.0,1.0,2.0,0.0,1.0,0.0,0.0,0.0,0.0,32.0,30.0,8.0,8.0,8.0,5.0,492.0,392.0,434.0,327.0,12
2444,MOT,GKS,2,5,2025-10-17,51.2,48.8,21.0,15.0,9.0,4.0,10.0,7.0,2.0,4.0,10.0,2.0,10.0,14.0,0.0,2.0,2.0,3.0,1.0,0.0,1.0,0.0,38.0,9.0,7.0,2.0,10.0,8.0,384.0,395.0,312.0,322.0,12
2445,ZAG,LEG,3,1,2025-10-19,34.5,65.5,16.0,12.0,5.0,2.0,5.0,6.0,6.0,4.0,3.0,4.0,17.0,13.0,3.0,1.0,2.0,1.0,0.0,1.0,0.0,0.0,17.0,25.0,6.0,7.0,7.0,4.0,304.0,582.0,229.0,503.0,12
2446,KOR,GÓR,1,1,2025-10-18,43.4,56.6,13.0,16.0,4.0,3.0,3.0,7.0,6.0,6.0,9.0,7.0,7.0,12.0,3.0,1.0,2.0,0.0,0.0,0.0,0.0,0.0,31.0,25.0,7.0,7.0,18.0,7.0,351.0,474.0,275.0,399.0,12
2447,CRA,RCZ,2,0,2025-10-18,41.5,58.5,17.0,3.0,4.0,1.0,7.0,0.0,6.0,2.0,5.0,2.0,16.0,13.0,2.0,2.0,3.0,4.0,0.0,0.0,0.0,0.0,18.0,14.0,4.0,3.0,18.0,5.0,352.0,507.0,255.0,404.0,12
2448,LPO,POG,2,2,2025-10-19,66.0,34.0,26.0,16.0,12.0,6.0,6.0,2.0,8.0,8.0,9.0,4.0,6.0,12.0,6.0,5.0,1.0,0.0,0.0,0.0,0.0,0.0,35.0,13.0,3.0,6.0,4.0,6.0,500.0,259.0,423.0,197.0,12
2449,JAG,ARK,4,0,2025-10-18,54.9,45.1,18.0,8.0,7.0,1.0,1.0,3.0,10.0,4.0,3.0,5.0,8.0,10.0,2.0,1.0,1.0,1.0,0.0,0.0,0.0,0.0,13.0,30.0,5.0,9.0,9.0,7.0,468.0,364.0,396.0,301.0,12
2450,PIA,LGD,1,2,2025-10-19,62.1,37.9,15.0,9.0,3.0,3.0,5.0,3.0,7.0,3.0,9.0,6.0,9.0,4.0,2.0,0.0,2.0,3.0,0.0,0.0,0.0,0.0,27.0,18.0,4.0,4.0,8.0,10.0,529.0,317.0,446.0,235.0,12
2451,WID,RAD,3,2,2025-10-17,48.0,52.0,18.0,18.0,6.0,6.0,6.0,6.0,6.0,6.0,2.0,4.0,13.0,15.0,1.0,4.0,2.0,2.0,0.0,0.0,0.0,0.0,10.0,22.0,4.0,5.0,6.0,7.0,325.0,344.0,253.0,282.0,12
2452,ARK,PIA,2,1,2025-10-25,36.9,63.1,6.0,23.0,3.0,4.0,2.0,7.0,1.0,12.0,4.0,10.0,17.0,13.0,1.0,0.0,2.0,4.0,0.0,0.0,0.0,0.0,8.0,36.0,3.0,11.0,7.0,4.0,275.0,448.0,182.0,358.0,13
2453,BBT,ZAG,1,1,2025-10-24,54.3,45.7,14.0,13.0,3.0,6.0,8.0,4.0,3.0,3.0,7.0,5.0,9.0,12.0,1.0,0.0,3.0,2.0,0.0,1.0,0.0,1.0,25.0,17.0,6.0,9.0,3.0,7.0,405.0,339.0,329.0,268.0,13
2454,LEG,LPO,0,0,2025-10-26,48.1,51.9,13.0,12.0,4.0,2.0,2.0,6.0,7.0,4.0,8.0,5.0,16.0,13.0,1.0,4.0,1.0,2.0,0.0,0.0,0.0,0.0,29.0,19.0,7.0,7.0,5.0,4.0,409.0,450.0,343.0,381.0,13
2455,MOT,WID,3,0,2025-10-24,45.5,54.5,16.0,13.0,5.0,4.0,7.0,3.0,4.0,6.0,5.0,4.0,8.0,12.0,6.0,1.0,1.0,2.0,0.0,0.0,0.0,0.0,15.0,25.0,5.0,4.0,18.0,11.0,345.0,406.0,287.0,362.0,13
2456,GÓR,JAG,2,1,2025-10-26,41.4,58.6,22.0,15.0,6.0,3.0,7.0,7.0,9.0,5.0,5.0,4.0,8.0,6.0,1.0,1.0,0.0,1.0,0.0,0.0,0.0,0.0,16.0,12.0,4.0,3.0,7.0,12.0,412.0,595.0,361.0,527.0,13
2457,RAD,WPŁ,1,1,2025-10-27,54.8,45.2,19.0,8.0,2.0,3.0,6.0,3.0,11.0,2.0,4.0,5.0,16.0,13.0,2.0,1.0,1.0,1.0,0.0,0.0,0.0,0.0,25.0,29.0,6.0,3.0,4.0,2.0,427.0,344.0,363.0,278.0,13
2458,POG,CRA,2,1,2025-10-25,56.2,43.8,11.0,17.0,3.0,7.0,3.0,5.0,5.0,5.0,8.0,3.0,10.0,13.0,2.0,0.0,2.0,4.0,0.0,0.0,0.0,0.0,23.0,23.0,4.0,6.0,10.0,6.0,450.0,349.0,345.0,253.0,13
2459,GKS,KOR,1,0,2025-10-25,40.3,59.7,14.0,14.0,4.0,3.0,5.0,6.0,5.0,5.0,3.0,3.0,16.0,8.0,2.0,1.0,4.0,3.0,0.0,0.0,0.0,0.0,12.0,18.0,5.0,2.0,11.0,3.0,276.0,407.0,189.0,314.0,13
2460,RCZ,LGD,2,1,2025-10-26,42.5,57.5,10.0,10.0,4.0,5.0,2.0,1.0,4.0,4.0,4.0,4.0,3.0,17.0,4.0,0.0,1.0,3.0,0.0,0.0,0.0,0.0,18.0,22.0,4.0,2.0,11.0,12.0,312.0,428.0,246.0,347.0,13
2461,WPŁ,POG,2,0,2025-11-03,31.7,68.3,15.0,22.0,5.0,9.0,4.0,5.0,6.0,8.0,6.0,8.0,5.0,7.0,0.0,1.0,1.0,1.0,0.0,0.0,0.0,0.0,22.0,38.0,6.0,7.0,5.0,7.0,280.0,628.0,197.0,554.0,14
2462,BBT,GKS,0,3,2025-10-31,65.6,34.4,18.0,11.0,7.0,7.0,5.0,1.0,6.0,3.0,7.0,2.0,13.0,18.0,1.0,4.0,1.0,2.0,0.0,0.0,0.0,0.0,37.0,5.0,7.0,0.0,5.0,10.0,507.0,277.0,425.0,201.0,14
2463,LGD,RAD,1,2,2025-11-03,47.0,53.0,14.0,11.0,4.0,5.0,5.0,4.0,5.0,2.0,8.0,4.0,11.0,12.0,2.0,1.0,2.0,4.0,0.0,0.0,0.0,0.0,30.0,12.0,7.0,3.0,7.0,10.0,338.0,404.0,257.0,321.0,14
2464,GÓR,ARK,5,1,2025-11-02,52.8,47.2,29.0,8.0,11.0,2.0,8.0,1.0,10.0,5.0,10.0,2.0,9.0,10.0,0.0,1.0,1.0,3.0,0.0,0.0,0.0,0.0,13.0,10.0,3.0,2.0,4.0,4.0,400.0,359.0,349.0,302.0,14
2465,CRA,ZAG,0,0,2025-11-03,68.2,31.8,14.0,8.0,3.0,3.0,3.0,0.0,8.0,5.0,2.0,0.0,11.0,11.0,3.0,0.0,0.0,0.0,0.0,0.0,0.0,0.0,30.0,7.0,7.0,2.0,8.0,17.0,638.0,300.0,540.0,202.0,14
2466,LPO,MOT,2,2,2025-11-02,59.6,40.4,18.0,8.0,3.0,2.0,7.0,1.0,8.0,5.0,6.0,2.0,10.0,15.0,1.0,2.0,2.0,1.0,0.0,0.0,0.0,0.0,30.0,12.0,5.0,2.0,10.0,13.0,562.0,380.0,474.0,311.0,14
2467,JAG,RCZ,1,2,2025-11-02,67.0,33.0,26.0,10.0,6.0,5.0,11.0,2.0,9.0,3.0,5.0,4.0,19.0,17.0,0.0,1.0,5.0,2.0,0.0,0.0,0.0,0.0,23.0,11.0,11.0,6.0,6.0,7.0,500.0,249.0,418.0,179.0,14
2468,PIA,KOR,0,0,2025-10-31,49.2,50.8,10.0,20.0,2.0,4.0,2.0,5.0,6.0,11.0,7.0,9.0,13.0,8.0,0.0,1.0,2.0,1.0,1.0,0.0,0.0,0.0,26.0,21.0,5.0,5.0,11.0,7.0,387.0,406.0,290.0,317.0,14
2469,WID,LEG,1,1,2025-11-02,41.6,58.4,10.0,20.0,3.0,3.0,5.0,11.0,2.0,6.0,3.0,8.0,10.0,13.0,3.0,0.0,3.0,3.0,0.0,0.0,0.0,0.0,9.0,33.0,0.0,4.0,10.0,13.0,329.0,442.0,274.0,391.0,14
2470,ARK,LPO,3,1,2025-11-09,44.3,55.7,19.0,13.0,7.0,6.0,5.0,4.0,7.0,3.0,3.0,3.0,19.0,16.0,2.0,1.0,3.0,3.0,0.0,1.0,0.0,1.0,20.0,12.0,10.0,2.0,12.0,8.0,353.0,454.0,303.0,384.0,15
2471,LEG,BBT,1,2,2025-11-09,70.3,29.7,23.0,13.0,6.0,7.0,6.0,3.0,11.0,3.0,11.0,2.0,13.0,17.0,2.0,3.0,1.0,4.0,0.0,0.0,0.0,0.0,42.0,11.0,12.0,1.0,11.0,12.0,614.0,264.0,529.0,191.0,15
2472,LGD,WID,2,1,2025-11-08,51.6,48.4,14.0,9.0,3.0,3.0,7.0,1.0,4.0,5.0,5.0,3.0,14.0,11.0,2.0,1.0,2.0,4.0,0.0,0.0,0.0,0.0,20.0,5.0,8.0,1.0,14.0,9.0,396.0,383.0,329.0,301.0,15
2473,MOT,WPŁ,1,1,2025-11-08,63.8,36.2,14.0,10.0,4.0,2.0,3.0,2.0,7.0,6.0,5.0,1.0,18.0,14.0,2.0,0.0,3.0,6.0,0.0,0.0,0.0,0.0,24.0,19.0,6.0,4.0,10.0,7.0,540.0,300.0,472.0,230.0,15
2474,ZAG,GÓR,2,0,2025-11-07,30.3,69.7,6.0,15.0,3.0,2.0,0.0,7.0,3.0,6.0,1.0,12.0,12.0,12.0,1.0,1.0,5.0,1.0,0.0,0.0,0.0,0.0,10.0,37.0,1.0,7.0,17.0,7.0,221.0,505.0,142.0,420.0,15
2475,RAD,CRA,3,0,2025-11-07,50.9,49.1,12.0,4.0,8.0,2.0,1.0,1.0,3.0,1.0,5.0,3.0,12.0,17.0,1.0,2.0,2.0,3.0,0.0,0.0,0.0,0.0,17.0,16.0,7.0,3.0,11.0,12.0,453.0,439.0,384.0,360.0,15
2476,POG,JAG,1,2,2025-11-09,39.4,60.6,35.0,11.0,10.0,5.0,13.0,3.0,12.0,3.0,10.0,1.0,8.0,9.0,0.0,1.0,2.0,1.0,0.0,0.0,0.0,0.0,27.0,10.0,11.0,1.0,9.0,11.0,308.0,505.0,220.0,424.0,15
2477,KOR,RCZ,1,4,2025-11-09,48.6,51.4,12.0,7.0,2.0,5.0,4.0,0.0,6.0,2.0,5.0,0.0,15.0,9.0,2.0,0.0,3.0,2.0,0.0,0.0,0.0,0.0,22.0,5.0,4.0,1.0,15.0,15.0,416.0,455.0,320.0,364.0,15
2478,GKS,PIA,1,3,2025-11-08,54.4,45.6,9.0,17.0,3.0,6.0,1.0,7.0,5.0,4.0,3.0,3.0,10.0,16.0,2.0,0.0,2.0,2.0,0.0,0.0,0.0,0.0,16.0,15.0,4.0,8.0,8.0,5.0,474.0,400.0,376.0,302.0,15
2479,BBT,ARK,2,0,2025-11-21,50.9,49.1,7.0,11.0,4.0,2.0,2.0,4.0,1.0,5.0,1.0,2.0,12.0,20.0,0.0,4.0,3.0,4.0,0.0,1.0,0.0,0.0,10.0,15.0,5.0,6.0,9.0,9.0,421.0,397.0,320.0,317.0,16
2480,LEG,LGD,2,2,2025-11-22,53.5,46.5,13.0,16.0,3.0,5.0,6.0,6.0,4.0,5.0,6.0,2.0,12.0,2.0,0.0,1.0,4.0,0.0,0.0,0.0,0.0,0.0,23.0,17.0,6.0,3.0,12.0,15.0,462.0,408.0,363.0,309.0,16
2481,GÓR,WPŁ,1,1,2025-11-21,58.5,41.5,17.0,7.0,3.0,1.0,5.0,4.0,9.0,2.0,4.0,1.0,12.0,10.0,2.0,0.0,1.0,3.0,0.0,0.0,0.0,0.0,33.0,11.0,7.0,2.0,10.0,10.0,491.0,356.0,426.0,282.0,16
2482,POG,ZAG,5,1,2025-11-24,51.3,48.7,14.0,15.0,6.0,5.0,4.0,4.0,4.0,6.0,4.0,2.0,13.0,9.0,0.0,2.0,2.0,1.0,0.0,0.0,0.0,0.0,10.0,20.0,4.0,3.0,5.0,4.0,360.0,333.0,270.0,231.0,16
2483,CRA,MOT,1,2,2025-11-22,57.2,42.8,8.0,6.0,2.0,5.0,2.0,1.0,4.0,0.0,4.0,7.0,16.0,15.0,2.0,1.0,3.0,1.0,0.0,0.0,0.0,0.0,19.0,18.0,2.0,3.0,11.0,7.0,537.0,396.0,456.0,311.0,16
2484,LPO,RAD,4,1,2025-11-23,53.3,46.7,13.0,23.0,5.0,5.0,3.0,11.0,5.0,7.0,5.0,5.0,8.0,14.0,2.0,0.0,0.0,2.0,0.0,0.0,0.0,0.0,16.0,15.0,5.0,4.0,5.0,7.0,501.0,442.0,425.0,385.0,16
2485,RCZ,PIA,1,3,2025-11-22,57.9,42.1,12.0,13.0,3.0,5.0,4.0,3.0,5.0,5.0,3.0,2.0,5.0,11.0,1.0,1.0,0.0,2.0,0.0,0.0,0.0,0.0,15.0,13.0,3.0,2.0,5.0,12.0,515.0,368.0,412.0,276.0,16
2486,JAG,GKS,2,1,2026-02-04,51.4,48.6,18.0,13.0,5.0,4.0,5.0,6.0,8.0,3.0,5.0,1.0,15.0,16.0,3.0,1.0,5.0,2.0,0.0,0.0,0.0,0.0,19.0,19.0,8.0,6.0,14.0,4.0,452.0,424.0,368.0,352.0,16
2487,WID,KOR,1,3,2025-11-23,56.6,43.4,22.0,13.0,5.0,5.0,9.0,3.0,8.0,5.0,5.0,4.0,9.0,9.0,1.0,2.0,6.0,4.0,1.0,0.0,1.0,0.0,15.0,17.0,3.0,4.0,6.0,2.0,395.0,294.0,314.0,225.0,16
2488,ARK,RCZ,1,4,2025-11-30,37.4,62.6,6.0,17.0,2.0,6.0,4.0,5.0,0.0,6.0,3.0,4.0,12.0,14.0,1.0,1.0,1.0,3.0,1.0,0.0,0.0,0.0,14.0,11.0,0.0,3.0,6.0,7.0,298.0,506.0,224.0,445.0,17
2489,WPŁ,LPO,0,0,2025-11-30,31.5,68.5,7.0,25.0,2.0,2.0,2.0,13.0,3.0,10.0,2.0,15.0,8.0,13.0,2.0,1.0,0.0,2.0,0.0,0.0,0.0,0.0,11.0,46.0,3.0,11.0,7.0,6.0,303.0,650.0,234.0,578.0,17
2490,LGD,BBT,5,1,2025-11-29,55.0,45.0,16.0,4.0,10.0,3.0,4.0,0.0,2.0,1.0,4.0,2.0,14.0,9.0,2.0,0.0,1.0,2.0,0.0,0.0,0.0,0.0,21.0,11.0,9.0,2.0,17.0,10.0,512.0,421.0,442.0,341.0,17
2491,MOT,LEG,1,1,2025-12-01,48.9,51.1,4.0,14.0,1.0,4.0,3.0,4.0,0.0,6.0,5.0,1.0,9.0,22.0,2.0,0.0,0.0,3.0,0.0,0.0,0.0,0.0,16.0,18.0,1.0,4.0,16.0,12.0,419.0,438.0,342.0,371.0,17
2492,ZAG,JAG,0,0,2025-11-30,27.3,72.7,9.0,19.0,4.0,4.0,1.0,8.0,4.0,7.0,2.0,6.0,17.0,18.0,3.0,4.0,2.0,3.0,0.0,0.0,0.0,0.0,15.0,22.0,3.0,3.0,5.0,12.0,223.0,629.0,135.0,541.0,17
2493,RAD,GÓR,4,0,2025-11-28,48.2,51.8,19.0,9.0,8.0,2.0,5.0,3.0,6.0,4.0,4.0,0.0,19.0,11.0,1.0,2.0,3.0,2.0,0.0,0.0,0.0,0.0,17.0,11.0,5.0,2.0,11.0,7.0,429.0,469.0,371.0,408.0,17
2494,KOR,CRA,0,1,2025-11-29,52.6,47.4,16.0,10.0,4.0,3.0,5.0,2.0,7.0,5.0,5.0,4.0,16.0,15.0,2.0,3.0,0.0,3.0,0.0,0.0,0.0,0.0,21.0,12.0,8.0,4.0,8.0,9.0,405.0,371.0,310.0,277.0,17
2495,GKS,POG,2,0,2025-11-29,23.2,76.8,9.0,27.0,5.0,3.0,0.0,14.0,4.0,10.0,3.0,7.0,17.0,10.0,1.0,0.0,0.0,0.0,0.0,0.0,0.0,0.0,8.0,30.0,3.0,5.0,8.0,7.0,204.0,678.0,129.0,573.0,17
2496,PIA,WID,0,2,2025-11-28,68.4,31.6,24.0,10.0,3.0,4.0,10.0,2.0,11.0,4.0,10.0,4.0,8.0,12.0,3.0,1.0,1.0,3.0,0.0,0.0,0.0,0.0,36.0,10.0,6.0,5.0,6.0,5.0,576.0,269.0,475.0,182.0,17
2497,ARK,MOT,1,0,2025-12-06,40.1,59.9,16.0,13.0,6.0,2.0,4.0,5.0,6.0,6.0,6.0,5.0,12.0,18.0,2.0,1.0,2.0,3.0,0.0,0.0,0.0,0.0,37.0,23.0,6.0,7.0,8.0,9.0,276.0,443.0,215.0,369.0,18
2498,BBT,JAG,2,1,2025-12-07,26.9,73.1,6.0,17.0,1.0,7.0,2.0,5.0,3.0,5.0,2.0,10.0,18.0,10.0,0.0,0.0,1.0,2.0,0.0,0.0,0.0,0.0,14.0,32.0,5.0,5.0,13.0,5.0,239.0,668.0,168.0,591.0,18
2499,LGD,GÓR,5,2,2025-12-05,39.8,60.2,10.0,15.0,5.0,4.0,2.0,6.0,3.0,5.0,3.0,6.0,14.0,4.0,2.0,1.0,5.0,1.0,0.0,0.0,0.0,0.0,7.0,13.0,0.0,4.0,9.0,8.0,248.0,369.0,176.0,297.0,18
2500,POG,RAD,2,2,2025-12-06,43.7,56.3,15.0,10.0,4.0,5.0,3.0,1.0,8.0,4.0,9.0,7.0,17.0,15.0,7.0,2.0,5.0,2.0,0.0,0.0,0.0,0.0,25.0,18.0,4.0,2.0,11.0,8.0,300.0,402.0,227.0,323.0,18
2501,KOR,WPŁ,1,1,2025-12-08,55.6,44.4,17.0,9.0,3.0,4.0,5.0,2.0,9.0,3.0,4.0,4.0,13.0,9.0,0.0,2.0,1.0,1.0,0.0,0.0,0.0,0.0,31.0,12.0,4.0,5.0,6.0,10.0,440.0,359.0,364.0,278.0,18
2502,CRA,LPO,2,2,2025-12-07,62.2,37.8,16.0,9.0,7.0,6.0,5.0,2.0,4.0,1.0,7.0,5.0,20.0,9.0,0.0,0.0,3.0,4.0,0.0,1.0,0.0,1.0,42.0,10.0,8.0,3.0,7.0,6.0,520.0,329.0,454.0,256.0,18
2503,RCZ,GKS,1,0,2025-12-07,47.8,52.2,19.0,10.0,3.0,0.0,7.0,3.0,9.0,7.0,5.0,0.0,9.0,12.0,0.0,2.0,2.0,0.0,0.0,0.0,0.0,0.0,18.0,7.0,8.0,1.0,7.0,9.0,354.0,399.0,262.0,304.0,18
2504,PIA,LEG,2,0,2025-12-06,49.2,50.8,13.0,14.0,6.0,7.0,4.0,3.0,3.0,4.0,5.0,2.0,13.0,19.0,3.0,1.0,3.0,4.0,0.0,0.0,0.0,0.0,16.0,9.0,4.0,0.0,10.0,20.0,293.0,313.0,188.0,193.0,18
2505,ZAG,WID,2,1,2025-12-06,49.4,50.6,14.0,14.0,6.0,6.0,3.0,1.0,5.0,7.0,4.0,3.0,6.0,17.0,1.0,4.0,2.0,6.0,0.0,0.0,0.0,0.0,24.0,11.0,9.0,1.0,8.0,7.0,378.0,396.0,280.0,318.0,18
2506,WPŁ,RCZ,2,1,2026-02-01,33.2,66.8,13.0,22.0,5.0,11.0,4.0,7.0,4.0,4.0,3.0,8.0,10.0,9.0,2.0,3.0,3.0,1.0,0.0,0.0,0.0,0.0,12.0,34.0,2.0,10.0,9.0,9.0,278.0,553.0,197.0,489.0,19
2507,BBT,CRA,0,1,2026-02-02,39.2,60.8,11.0,15.0,1.0,4.0,3.0,9.0,7.0,2.0,4.0,7.0,17.0,12.0,0.0,4.0,0.0,0.0,0.0,0.0,0.0,0.0,14.0,22.0,5.0,6.0,13.0,9.0,339.0,535.0,240.0,445.0,19
2508,LEG,KOR,1,2,2026-02-01,63.7,36.3,17.0,15.0,8.0,3.0,5.0,5.0,4.0,7.0,5.0,3.0,12.0,9.0,2.0,4.0,0.0,0.0,0.0,0.0,0.0,0.0,27.0,11.0,9.0,3.0,13.0,19.0,517.0,296.0,418.0,202.0,19
2509,MOT,POG,2,1,2026-02-01,40.4,59.6,12.0,17.0,7.0,4.0,0.0,5.0,5.0,8.0,3.0,6.0,16.0,8.0,4.0,3.0,2.0,3.0,0.0,0.0,0.0,0.0,12.0,25.0,6.0,5.0,12.0,4.0,347.0,508.0,270.0,427.0,19
2510,ZAG,GKS,0,2,2026-01-30,48.7,51.3,11.0,16.0,1.0,7.0,1.0,5.0,9.0,4.0,1.0,4.0,12.0,15.0,0.0,3.0,0.0,4.0,0.0,0.0,0.0,0.0,18.0,15.0,5.0,2.0,9.0,10.0,351.0,378.0,242.0,286.0,19
2511,GÓR,PIA,2,1,2026-01-31,47.9,52.1,18.0,9.0,8.0,1.0,5.0,3.0,5.0,5.0,3.0,2.0,9.0,20.0,2.0,2.0,1.0,0.0,0.0,0.0,0.0,0.0,20.0,21.0,5.0,3.0,4.0,4.0,376.0,406.0,298.0,338.0,19
2512,RAD,ARK,3,1,2026-01-30,48.1,51.9,12.0,14.0,5.0,8.0,0.0,3.0,7.0,3.0,3.0,7.0,23.0,18.0,1.0,3.0,3.0,3.0,0.0,0.0,0.0,0.0,12.0,18.0,4.0,5.0,7.0,5.0,342.0,365.0,263.0,276.0,19
2513,LPO,LGD,1,3,2026-01-31,72.2,27.8,28.0,12.0,5.0,8.0,19.0,1.0,4.0,3.0,7.0,3.0,14.0,14.0,0.0,2.0,1.0,2.0,0.0,0.0,0.0,0.0,36.0,11.0,12.0,1.0,7.0,7.0,679.0,262.0,587.0,186.0,19
2514,WID,JAG,1,3,2026-01-31,54.1,45.9,17.0,5.0,3.0,3.0,7.0,0.0,7.0,2.0,5.0,2.0,16.0,16.0,0.0,2.0,4.0,3.0,0.0,0.0,0.0,0.0,20.0,12.0,1.0,2.0,8.0,15.0,411.0,354.0,305.0,244.0,19
2515,ARK,LEG,2,2,2026-02-07,43.7,56.3,3.0,14.0,2.0,7.0,0.0,4.0,1.0,3.0,3.0,7.0,11.0,15.0,2.0,0.0,1.0,5.0,0.0,0.0,0.0,0.0,12.0,18.0,2.0,7.0,12.0,5.0,350.0,445.0,255.0,356.0,20
2516,LGD,CRA,1,1,2026-02-06,61.3,38.7,19.0,9.0,7.0,5.0,7.0,2.0,5.0,2.0,10.0,5.0,18.0,13.0,1.0,1.0,1.0,4.0,0.0,1.0,0.0,1.0,29.0,12.0,7.0,3.0,9.0,10.0,412.0,263.0,335.0,188.0,20
2517,GÓR,LPO,0,1,2026-02-07,52.1,47.9,17.0,13.0,4.0,4.0,7.0,5.0,6.0,4.0,7.0,3.0,12.0,21.0,1.0,0.0,1.0,3.0,0.0,0.0,0.0,0.0,36.0,7.0,10.0,4.0,11.0,4.0,427.0,416.0,365.0,338.0,20
2518,POG,BBT,1,1,2026-02-08,56.6,43.4,17.0,21.0,6.0,8.0,5.0,3.0,6.0,10.0,7.0,5.0,11.0,13.0,2.0,3.0,3.0,2.0,0.0,0.0,0.0,0.0,26.0,21.0,6.0,3.0,9.0,10.0,437.0,335.0,334.0,233.0,20
2519,KOR,ZAG,1,2,2026-02-06,61.2,38.8,20.0,10.0,5.0,3.0,10.0,4.0,5.0,3.0,4.0,4.0,12.0,16.0,1.0,1.0,1.0,0.0,0.0,0.0,0.0,0.0,25.0,12.0,10.0,5.0,7.0,7.0,424.0,270.0,345.0,190.0,20
2520,GKS,WID,1,0,2026-02-08,28.2,71.8,8.0,9.0,4.0,1.0,0.0,2.0,4.0,6.0,3.0,7.0,17.0,11.0,3.0,0.0,4.0,1.0,0.0,0.0,0.0,0.0,9.0,28.0,1.0,4.0,17.0,13.0,217.0,541.0,129.0,428.0,20
2521,RCZ,RAD,0,0,2026-02-08,49.9,50.1,16.0,11.0,5.0,1.0,5.0,3.0,6.0,7.0,3.0,2.0,12.0,13.0,1.0,1.0,1.0,1.0,0.0,0.0,0.0,0.0,18.0,12.0,3.0,5.0,15.0,10.0,413.0,419.0,334.0,327.0,20
2522,JAG,MOT,4,1,2026-02-07,54.3,45.7,22.0,13.0,11.0,5.0,4.0,6.0,7.0,2.0,7.0,7.0,11.0,16.0,0.0,2.0,2.0,1.0,0.0,0.0,0.0,0.0,24.0,14.0,11.0,2.0,18.0,9.0,419.0,356.0,348.0,274.0,20
2523,PIA,WPŁ,1,0,2026-02-09,58.7,41.3,16.0,9.0,3.0,4.0,5.0,2.0,8.0,3.0,7.0,2.0,7.0,8.0,0.0,2.0,2.0,1.0,0.0,0.0,0.0,0.0,29.0,23.0,6.0,7.0,7.0,5.0,547.0,381.0,467.0,292.0,20
2524,WPŁ,WID,0,2,2026-02-14,49.4,50.6,10.0,15.0,1.0,4.0,4.0,2.0,5.0,9.0,5.0,2.0,16.0,12.0,3.0,2.0,3.0,4.0,0.0,0.0,0.0,0.0,18.0,17.0,4.0,4.0,10.0,9.0,372.0,381.0,293.0,315.0,21
2525,BBT,GÓR,1,1,2026-02-16,30.1,69.9,12.0,22.0,3.0,3.0,5.0,7.0,4.0,12.0,2.0,10.0,12.0,9.0,1.0,0.0,1.0,0.0,0.0,0.0,0.0,0.0,17.0,24.0,5.0,3.0,6.0,5.0,246.0,593.0,164.0,508.0,21
2526,MOT,LGD,2,3,2026-02-15,58.6,41.4,7.0,15.0,3.0,9.0,3.0,3.0,1.0,3.0,2.0,2.0,9.0,11.0,3.0,1.0,3.0,7.0,0.0,0.0,0.0,0.0,24.0,13.0,2.0,4.0,6.0,14.0,412.0,296.0,309.0,195.0,21
2527,ZAG,RCZ,0,0,2026-02-14,35.1,64.9,8.0,19.0,2.0,9.0,1.0,4.0,5.0,6.0,2.0,8.0,17.0,16.0,0.0,1.0,3.0,3.0,0.0,0.0,0.0,0.0,8.0,27.0,1.0,4.0,4.0,4.0,263.0,479.0,168.0,380.0,21
2528,RAD,KOR,0,2,2026-02-13,73.2,26.8,24.0,4.0,6.0,2.0,10.0,1.0,8.0,1.0,12.0,1.0,10.0,19.0,0.0,0.0,2.0,4.0,0.0,0.0,0.0,0.0,31.0,9.0,7.0,0.0,13.0,12.0,532.0,199.0,438.0,110.0,21
2529,POG,ARK,1,0,2026-02-15,55.5,44.5,20.0,11.0,4.0,1.0,10.0,4.0,6.0,6.0,8.0,7.0,15.0,15.0,0.0,3.0,3.0,4.0,0.0,0.0,0.0,0.0,24.0,21.0,7.0,4.0,7.0,5.0,421.0,335.0,344.0,259.0,21
2530,CRA,JAG,0,0,2026-02-14,42.8,57.2,12.0,17.0,3.0,4.0,4.0,3.0,5.0,10.0,4.0,6.0,11.0,19.0,1.0,1.0,3.0,4.0,0.0,0.0,0.0,0.0,13.0,20.0,5.0,2.0,10.0,12.0,321.0,429.0,251.0,355.0,21
2531,GKS,LEG,1,1,2026-02-13,45.2,54.8,13.0,11.0,2.0,4.0,6.0,2.0,5.0,5.0,6.0,7.0,15.0,11.0,1.0,2.0,2.0,3.0,0.0,0.0,0.0,0.0,22.0,23.0,6.0,5.0,10.0,5.0,335.0,409.0,257.0,314.0,21
2532,LPO,PIA,3,0,2026-02-15,48.5,51.5,19.0,15.0,10.0,7.0,2.0,6.0,7.0,2.0,7.0,6.0,16.0,6.0,1.0,2.0,0.0,2.0,0.0,0.0,0.0,0.0,16.0,17.0,6.0,8.0,12.0,11.0,433.0,464.0,354.0,383.0,21
2533,ARK,GKS,2,1,2026-02-22,43.4,56.6,12.0,11.0,6.0,5.0,3.0,5.0,3.0,1.0,5.0,4.0,10.0,15.0,2.0,2.0,4.0,2.0,0.0,0.0,0.0,0.0,14.0,19.0,1.0,8.0,7.0,6.0,292.0,383.0,204.0,270.0,22
2534,LEG,WPŁ,2,1,2026-02-21,43.1,56.9,6.0,14.0,4.0,4.0,1.0,7.0,1.0,3.0,1.0,4.0,11.0,8.0,0.0,3.0,1.0,1.0,0.0,0.0,0.0,0.0,16.0,22.0,5.0,9.0,7.0,12.0,399.0,525.0,334.0,453.0,22
2535,LGD,ZAG,0,2,2026-02-23,69.8,30.2,19.0,11.0,7.0,5.0,8.0,3.0,4.0,3.0,11.0,2.0,11.0,15.0,1.0,0.0,2.0,4.0,0.0,0.0,0.0,0.0,41.0,9.0,6.0,5.0,6.0,6.0,496.0,220.0,396.0,131.0,22
2536,GÓR,POG,0,1,2026-02-21,47.1,52.9,11.0,7.0,2.0,2.0,2.0,2.0,7.0,3.0,4.0,5.0,12.0,18.0,3.0,1.0,3.0,5.0,0.0,0.0,0.0,0.0,22.0,14.0,2.0,1.0,9.0,6.0,408.0,467.0,342.0,398.0,22
2537,KOR,LPO,1,2,2026-02-22,41.9,58.1,7.0,11.0,1.0,4.0,2.0,2.0,4.0,5.0,1.0,5.0,12.0,16.0,1.0,1.0,1.0,1.0,0.0,0.0,0.0,0.0,13.0,14.0,3.0,0.0,7.0,14.0,372.0,519.0,305.0,435.0,22
2538,RCZ,BBT,1,0,2026-02-21,54.6,45.4,9.0,20.0,4.0,5.0,2.0,7.0,3.0,8.0,4.0,6.0,10.0,15.0,0.0,1.0,0.0,3.0,0.0,0.0,0.0,0.0,20.0,22.0,6.0,6.0,13.0,12.0,410.0,338.0,318.0,237.0,22
2539,JAG,RAD,1,1,2026-02-22,63.4,36.6,21.0,9.0,3.0,2.0,7.0,3.0,11.0,4.0,9.0,3.0,18.0,16.0,7.0,0.0,3.0,5.0,0.0,1.0,0.0,1.0,30.0,10.0,9.0,1.0,10.0,9.0,502.0,297.0,415.0,226.0,22
2540,PIA,MOT,1,2,2026-02-20,59.6,40.4,18.0,9.0,4.0,6.0,7.0,0.0,7.0,3.0,6.0,3.0,11.0,16.0,4.0,3.0,3.0,1.0,0.0,0.0,0.0,0.0,26.0,10.0,11.0,1.0,3.0,13.0,542.0,371.0,468.0,292.0,22
2541,WID,CRA,0,0,2026-02-20,41.1,58.9,13.0,11.0,4.0,1.0,7.0,4.0,2.0,6.0,9.0,3.0,21.0,13.0,1.0,2.0,5.0,4.0,0.0,0.0,0.0,0.0,21.0,7.0,1.0,0.0,15.0,10.0,304.0,460.0,216.0,352.0,22
2542,ARK,LGD,2,2,2026-02-27,51.0,49.0,11.0,13.0,3.0,7.0,4.0,1.0,4.0,5.0,4.0,1.0,9.0,13.0,2.0,5.0,0.0,1.0,0.0,0.0,0.0,0.0,16.0,11.0,4.0,5.0,3.0,7.0,309.0,302.0,191.0,181.0,23
2543,BBT,RAD,1,1,2026-03-01,37.1,62.9,20.0,16.0,3.0,4.0,10.0,5.0,7.0,7.0,8.0,9.0,18.0,8.0,4.0,2.0,2.0,1.0,0.0,0.0,0.0,0.0,21.0,25.0,4.0,7.0,15.0,11.0,261.0,454.0,194.0,370.0,23
2544,MOT,KOR,2,0,2026-02-28,49.3,50.7,13.0,22.0,4.0,5.0,4.0,11.0,5.0,6.0,2.0,10.0,14.0,15.0,1.0,1.0,4.0,1.0,0.0,0.0,0.0,0.0,15.0,41.0,4.0,12.0,10.0,11.0,350.0,341.0,274.0,258.0,23
2545,ZAG,WPŁ,2,0,2026-03-02,34.3,65.7,11.0,20.0,4.0,4.0,2.0,7.0,5.0,9.0,1.0,5.0,10.0,5.0,1.0,1.0,1.0,1.0,0.0,0.0,0.0,0.0,7.0,27.0,2.0,8.0,6.0,12.0,266.0,500.0,184.0,417.0,23
2546,POG,WID,1,0,2026-02-28,40.1,59.9,9.0,8.0,3.0,1.0,2.0,2.0,4.0,5.0,2.0,2.0,9.0,13.0,1.0,3.0,3.0,2.0,1.0,0.0,0.0,0.0,12.0,25.0,4.0,5.0,10.0,7.0,310.0,462.0,229.0,383.0,23
2547,CRA,PIA,2,3,2026-02-27,48.2,51.8,11.0,9.0,4.0,5.0,1.0,2.0,6.0,2.0,2.0,1.0,15.0,11.0,2.0,1.0,3.0,1.0,0.0,0.0,0.0,0.0,11.0,19.0,2.0,6.0,8.0,5.0,382.0,402.0,294.0,307.0,23
2548,GKS,GÓR,3,1,2026-02-28,41.8,58.2,16.0,15.0,6.0,5.0,7.0,5.0,3.0,5.0,3.0,3.0,11.0,11.0,0.0,0.0,3.0,1.0,0.0,0.0,0.0,0.0,11.0,18.0,3.0,4.0,10.0,9.0,324.0,447.0,244.0,358.0,23
2549,LPO,RCZ,4,3,2026-03-01,53.6,46.4,24.0,14.0,11.0,7.0,7.0,3.0,6.0,4.0,6.0,2.0,18.0,12.0,0.0,2.0,4.0,1.0,0.0,0.0,0.0,0.0,19.0,14.0,8.0,6.0,5.0,8.0,371.0,327.0,292.0,251.0,23
2550,JAG,LEG,2,2,2026-03-01,57.2,42.8,10.0,17.0,5.0,1.0,2.0,9.0,3.0,7.0,4.0,7.0,14.0,14.0,1.0,0.0,1.0,0.0,0.0,0.0,0.0,0.0,15.0,23.0,5.0,10.0,9.0,9.0,463.0,334.0,375.0,251.0,23
2551,WPŁ,ARK,0,3,2026-03-09,50.3,49.7,14.0,15.0,1.0,5.0,6.0,4.0,7.0,6.0,6.0,2.0,9.0,11.0,2.0,1.0,2.0,1.0,0.0,0.0,0.0,0.0,23.0,15.0,6.0,6.0,7.0,7.0,411.0,415.0,322.0,332.0,24
2552,LEG,CRA,1,0,2026-03-08,40.6,59.4,14.0,10.0,4.0,3.0,5.0,2.0,5.0,5.0,4.0,3.0,19.0,15.0,1.0,0.0,1.0,3.0,0.0,0.0,0.0,0.0,15.0,19.0,3.0,7.0,16.0,10.0,360.0,526.0,265.0,424.0,24
2553,LGD,JAG,3,0,2026-03-06,36.3,63.7,10.0,12.0,7.0,2.0,1.0,4.0,2.0,6.0,2.0,9.0,10.0,8.0,4.0,2.0,1.0,2.0,0.0,0.0,0.0,0.0,7.0,26.0,0.0,10.0,11.0,5.0,300.0,516.0,217.0,417.0,24
2554,MOT,GÓR,0,0,2026-03-08,59.9,40.1,6.0,11.0,0.0,2.0,1.0,1.0,5.0,8.0,4.0,6.0,12.0,10.0,0.0,4.0,0.0,0.0,0.0,0.0,0.0,0.0,24.0,24.0,7.0,6.0,13.0,20.0,472.0,308.0,385.0,227.0,24
2555,RAD,GKS,0,1,2026-03-08,66.8,33.2,15.0,9.0,2.0,2.0,4.0,3.0,9.0,4.0,8.0,3.0,11.0,25.0,1.0,3.0,2.0,4.0,0.0,0.0,0.0,0.0,39.0,13.0,14.0,3.0,8.0,8.0,472.0,239.0,363.0,148.0,24
2556,KOR,BBT,2,1,2026-03-07,51.0,49.0,10.0,17.0,4.0,2.0,2.0,7.0,4.0,8.0,5.0,6.0,19.0,12.0,3.0,1.0,1.0,0.0,0.0,0.0,0.0,0.0,23.0,27.0,12.0,5.0,7.0,8.0,373.0,355.0,293.0,267.0,24
2557,RCZ,POG,2,0,2026-03-08,63.8,36.2,23.0,5.0,6.0,1.0,5.0,2.0,12.0,2.0,6.0,0.0,10.0,13.0,3.0,2.0,0.0,3.0,0.0,1.0,0.0,1.0,24.0,4.0,9.0,0.0,10.0,11.0,554.0,321.0,479.0,241.0,24
2558,PIA,ZAG,1,3,2026-03-07,67.4,32.6,16.0,8.0,3.0,5.0,4.0,1.0,9.0,2.0,10.0,7.0,7.0,15.0,1.0,1.0,1.0,3.0,0.0,0.0,0.0,0.0,30.0,16.0,8.0,5.0,7.0,6.0,439.0,212.0,355.0,128.0,24
2559,WID,LPO,2,1,2026-03-07,28.5,71.5,11.0,12.0,4.0,6.0,1.0,2.0,6.0,4.0,3.0,5.0,21.0,11.0,3.0,1.0,3.0,2.0,0.0,0.0,0.0,0.0,20.0,20.0,4.0,5.0,12.0,5.0,214.0,561.0,146.0,489.0,24
2560,ARK,WID,0,0,2026-03-15,49.6,50.4,10.0,10.0,1.0,1.0,5.0,7.0,4.0,2.0,8.0,3.0,20.0,21.0,3.0,1.0,2.0,1.0,0.0,0.0,0.0,0.0,22.0,11.0,3.0,4.0,5.0,11.0,314.0,331.0,238.0,233.0,25
2561,BBT,MOT,1,2,2026-03-13,44.3,55.7,20.0,11.0,7.0,5.0,7.0,2.0,6.0,4.0,4.0,4.0,19.0,13.0,0.0,1.0,3.0,6.0,1.0,0.0,1.0,0.0,22.0,14.0,7.0,2.0,7.0,4.0,365.0,473.0,276.0,385.0,25
2562,ZAG,LPO,0,1,2026-03-15,37.0,63.0,14.0,15.0,1.0,4.0,5.0,6.0,8.0,5.0,2.0,3.0,12.0,14.0,1.0,3.0,1.0,3.0,0.0,0.0,0.0,0.0,19.0,11.0,4.0,0.0,14.0,11.0,290.0,515.0,195.0,425.0,25
2563,GÓR,RCZ,3,1,2026-03-15,43.5,56.5,13.0,15.0,6.0,3.0,3.0,6.0,4.0,6.0,4.0,7.0,12.0,10.0,0.0,0.0,0.0,0.0,1.0,0.0,0.0,0.0,14.0,23.0,1.0,6.0,8.0,9.0,341.0,436.0,257.0,377.0,25
2564,RAD,LEG,1,1,2026-03-13,57.8,42.2,7.0,12.0,1.0,6.0,2.0,1.0,4.0,5.0,3.0,7.0,14.0,19.0,3.0,1.0,2.0,1.0,0.0,0.0,0.0,0.0,12.0,20.0,1.0,6.0,7.0,7.0,405.0,284.0,310.0,199.0,25
2565,POG,KOR,2,1,2026-03-16,63.6,36.4,23.0,5.0,7.0,4.0,6.0,0.0,10.0,1.0,10.0,3.0,12.0,7.0,0.0,3.0,0.0,1.0,0.0,0.0,0.0,0.0,39.0,18.0,8.0,3.0,9.0,10.0,508.0,295.0,431.0,224.0,25
2566,CRA,WPŁ,1,2,2026-03-14,74.1,25.9,28.0,4.0,7.0,2.0,12.0,0.0,9.0,2.0,11.0,4.0,6.0,8.0,2.0,0.0,0.0,3.0,0.0,0.0,0.0,0.0,56.0,6.0,10.0,1.0,9.0,14.0,511.0,188.0,450.0,102.0,25
2567,GKS,LGD,2,0,2026-03-14,37.5,62.5,13.0,14.0,7.0,1.0,2.0,5.0,4.0,8.0,5.0,5.0,9.0,8.0,2.0,2.0,1.0,2.0,0.0,0.0,0.0,0.0,14.0,19.0,3.0,3.0,9.0,13.0,294.0,489.0,223.0,406.0,25
2568,JAG,PIA,1,2,2026-03-14,64.1,35.9,15.0,17.0,5.0,7.0,5.0,4.0,5.0,6.0,7.0,7.0,6.0,15.0,5.0,0.0,0.0,3.0,0.0,0.0,0.0,0.0,31.0,17.0,6.0,10.0,7.0,9.0,556.0,312.0,442.0,219.0,25
2569,JAG,WPŁ,1,2,2026-03-21,74.1,25.9,25.0,6.0,8.0,3.0,7.0,0.0,10.0,3.0,8.0,1.0,6.0,10.0,0.0,0.0,0.0,2.0,0.0,0.0,0.0,0.0,53.0,9.0,6.0,1.0,7.0,10.0,656.0,239.0,582.0,158.0,26
2570,LEG,RCZ,1,1,2026-03-22,53.5,46.5,17.0,11.0,2.0,4.0,8.0,3.0,7.0,4.0,7.0,3.0,18.0,11.0,2.0,0.0,1.0,3.0,0.0,0.0,0.0,0.0,30.0,7.0,9.0,2.0,8.0,13.0,411.0,380.0,339.0,298.0,26
2571,LGD,POG,2,1,2026-03-21,40.6,59.4,15.0,18.0,7.0,7.0,3.0,10.0,5.0,1.0,7.0,9.0,10.0,6.0,0.0,4.0,1.0,0.0,0.0,0.0,0.0,0.0,21.0,23.0,5.0,8.0,10.0,3.0,309.0,460.0,213.0,356.0,26
2572,MOT,ZAG,1,0,2026-03-20,46.6,53.4,9.0,9.0,1.0,1.0,4.0,4.0,4.0,4.0,4.0,5.0,13.0,14.0,3.0,2.0,0.0,0.0,0.0,0.0,0.0,0.0,12.0,22.0,2.0,8.0,12.0,14.0,285.0,328.0,187.0,234.0,26
2573,KOR,ARK,3,0,2026-03-22,54.0,46.0,25.0,10.0,4.0,5.0,12.0,1.0,9.0,4.0,7.0,3.0,14.0,16.0,2.0,1.0,1.0,1.0,0.0,0.0,0.0,0.0,20.0,13.0,9.0,4.0,9.0,6.0,412.0,354.0,318.0,274.0,26
2574,CRA,GKS,1,0,2026-03-21,40.5,59.5,9.0,17.0,2.0,4.0,4.0,6.0,3.0,7.0,6.0,3.0,11.0,14.0,1.0,0.0,2.0,1.0,0.0,0.0,0.0,0.0,13.0,21.0,2.0,6.0,7.0,8.0,283.0,416.0,202.0,334.0,26
2575,LPO,BBT,4,1,2026-03-22,67.7,32.3,26.0,10.0,9.0,5.0,7.0,2.0,10.0,3.0,6.0,5.0,7.0,17.0,1.0,1.0,0.0,5.0,0.0,1.0,0.0,1.0,25.0,10.0,9.0,4.0,3.0,7.0,564.0,270.0,500.0,203.0,26
2576,PIA,RAD,3,1,2026-03-20,45.0,55.0,19.0,6.0,9.0,2.0,3.0,1.0,7.0,3.0,5.0,3.0,7.0,8.0,1.0,3.0,3.0,3.0,0.0,0.0,0.0,0.0,16.0,16.0,2.0,3.0,9.0,10.0,370.0,457.0,284.0,366.0,26
2577,WID,GÓR,0,0,2026-03-22,46.0,54.0,5.0,8.0,0.0,2.0,2.0,3.0,3.0,3.0,1.0,2.0,17.0,9.0,0.0,3.0,0.0,1.0,0.0,0.0,0.0,0.0,15.0,10.0,1.0,1.0,16.0,19.0,373.0,446.0,259.0,340.0,26
2578,ARK,ZAG,3,1,2026-04-07,50.2,49.8,14.0,11.0,5.0,2.0,4.0,4.0,5.0,5.0,5.0,5.0,13.0,15.0,4.0,0.0,3.0,3.0,0.0,1.0,0.0,1.0,13.0,32.0,5.0,7.0,3.0,13.0,314.0,293.0,222.0,211.0,27
2579,BBT,PIA,3,2,2026-04-06,37.3,62.7,6.0,21.0,5.0,7.0,0.0,5.0,1.0,9.0,3.0,9.0,10.0,9.0,1.0,4.0,3.0,3.0,0.0,1.0,0.0,1.0,8.0,27.0,1.0,9.0,4.0,7.0,291.0,473.0,186.0,363.0,27
2580,LGD,KOR,4,2,2026-04-06,51.7,48.3,17.0,18.0,9.0,4.0,5.0,9.0,3.0,5.0,6.0,5.0,14.0,6.0,3.0,0.0,4.0,0.0,0.0,1.0,0.0,0.0,21.0,16.0,5.0,2.0,11.0,4.0,368.0,343.0,294.0,266.0,27
2581,GÓR,CRA,3,0,2026-04-04,53.2,46.8,15.0,16.0,4.0,3.0,7.0,4.0,4.0,9.0,4.0,6.0,10.0,11.0,2.0,0.0,0.0,2.0,0.0,0.0,0.0,0.0,13.0,16.0,6.0,4.0,7.0,7.0,475.0,412.0,398.0,337.0,27
2582,RAD,MOT,1,1,2026-04-06,45.9,54.1,17.0,14.0,2.0,3.0,3.0,4.0,12.0,7.0,6.0,10.0,15.0,14.0,1.0,1.0,0.0,3.0,0.0,0.0,0.0,0.0,25.0,39.0,9.0,9.0,9.0,12.0,361.0,423.0,311.0,361.0,27
2583,POG,LEG,0,2,2026-04-06,58.1,41.9,14.0,10.0,1.0,6.0,8.0,0.0,5.0,4.0,4.0,3.0,9.0,11.0,6.0,2.0,2.0,1.0,0.0,0.0,0.0,0.0,14.0,20.0,3.0,4.0,11.0,8.0,452.0,316.0,362.0,234.0,27
2584,GKS,WPŁ,1,0,2026-04-04,63.7,36.3,15.0,15.0,5.0,4.0,4.0,4.0,6.0,7.0,10.0,2.0,9.0,9.0,2.0,1.0,3.0,1.0,0.0,0.0,0.0,0.0,41.0,17.0,11.0,5.0,6.0,7.0,540.0,313.0,476.0,241.0,27
2585,RCZ,WID,1,1,2026-04-04,38.6,61.4,6.0,16.0,2.0,2.0,1.0,5.0,3.0,9.0,4.0,5.0,10.0,20.0,3.0,2.0,2.0,3.0,1.0,0.0,1.0,0.0,9.0,31.0,5.0,7.0,4.0,5.0,307.0,472.0,205.0,389.0,27
2586,JAG,LPO,0,0,2026-04-04,49.0,51.0,10.0,17.0,3.0,3.0,2.0,7.0,5.0,7.0,3.0,3.0,15.0,12.0,1.0,0.0,3.0,1.0,0.0,0.0,0.0,0.0,15.0,17.0,1.0,9.0,12.0,8.0,468.0,486.0,402.0,427.0,27
2587,WPŁ,LGD,1,0,2026-04-10,32.0,68.0,9.0,17.0,4.0,2.0,2.0,9.0,3.0,6.0,4.0,13.0,10.0,9.0,1.0,3.0,2.0,2.0,0.0,0.0,0.0,0.0,16.0,52.0,3.0,7.0,7.0,5.0,231.0,476.0,171.0,409.0,28
2588,LEG,GÓR,1,1,2026-04-11,42.7,57.3,14.0,7.0,1.0,2.0,5.0,2.0,8.0,3.0,6.0,3.0,14.0,10.0,0.0,1.0,4.0,3.0,0.0,0.0,0.0,0.0,24.0,13.0,7.0,3.0,12.0,14.0,362.0,505.0,294.0,422.0,28
2589,MOT,RCZ,1,1,2026-04-12,51.1,48.9,7.0,12.0,4.0,5.0,1.0,2.0,2.0,5.0,7.0,4.0,13.0,7.0,2.0,1.0,3.0,0.0,0.0,0.0,0.0,0.0,19.0,16.0,5.0,8.0,7.0,10.0,371.0,355.0,281.0,271.0,28
2590,ZAG,RAD,1,0,2026-04-11,36.4,63.6,17.0,10.0,3.0,0.0,6.0,3.0,8.0,7.0,1.0,3.0,24.0,14.0,2.0,0.0,2.0,4.0,0.0,0.0,0.0,0.0,13.0,24.0,5.0,8.0,7.0,4.0,245.0,421.0,149.0,324.0,28
2591,KOR,JAG,1,1,2026-04-10,35.7,64.3,21.0,10.0,5.0,4.0,10.0,3.0,6.0,3.0,5.0,3.0,9.0,11.0,4.0,1.0,0.0,1.0,0.0,0.0,0.0,0.0,22.0,7.0,6.0,0.0,5.0,9.0,263.0,508.0,191.0,411.0,28
2592,CRA,ARK,2,2,2026-04-12,50.9,49.1,12.0,10.0,7.0,4.0,2.0,3.0,3.0,3.0,5.0,3.0,20.0,10.0,1.0,1.0,1.0,0.0,0.0,0.0,0.0,0.0,13.0,19.0,3.0,6.0,5.0,11.0,372.0,351.0,284.0,267.0,28
2593,LPO,GKS,3,3,2026-04-12,62.2,37.8,18.0,18.0,6.0,9.0,9.0,3.0,3.0,6.0,6.0,9.0,10.0,8.0,1.0,3.0,1.0,0.0,0.0,0.0,0.0,0.0,26.0,25.0,5.0,7.0,12.0,8.0,540.0,322.0,474.0,263.0,28
2594,PIA,POG,0,2,2026-04-13,58.2,41.8,15.0,4.0,2.0,3.0,3.0,0.0,10.0,1.0,11.0,1.0,13.0,14.0,0.0,2.0,1.0,1.0,0.0,0.0,0.0,0.0,34.0,8.0,8.0,1.0,9.0,10.0,435.0,323.0,347.0,224.0,28
2595,WID,BBT,1,0,2026-04-11,56.3,43.7,20.0,9.0,8.0,2.0,7.0,3.0,5.0,4.0,10.0,1.0,14.0,19.0,2.0,2.0,3.0,3.0,0.0,1.0,0.0,1.0,35.0,16.0,10.0,3.0,6.0,8.0,398.0,321.0,314.0,224.0,28
2596,ARK,JAG,0,3,2026-04-19,48.7,51.3,17.0,9.0,7.0,5.0,4.0,1.0,6.0,3.0,7.0,3.0,12.0,16.0,1.0,4.0,2.0,4.0,0.0,0.0,0.0,0.0,33.0,12.0,9.0,4.0,5.0,9.0,347.0,387.0,284.0,317.0,29
2597,BBT,WPŁ,1,3,2026-04-19,56.7,43.3,14.0,16.0,7.0,7.0,1.0,2.0,6.0,7.0,2.0,5.0,9.0,13.0,0.0,4.0,2.0,0.0,0.0,0.0,0.0,0.0,29.0,15.0,14.0,6.0,8.0,3.0,479.0,370.0,404.0,309.0,29
2598,LEG,ZAG,1,0,2026-04-17,62.4,37.6,13.0,8.0,3.0,1.0,4.0,3.0,6.0,4.0,10.0,4.0,13.0,17.0,1.0,3.0,1.0,3.0,0.0,0.0,0.0,0.0,25.0,15.0,6.0,3.0,8.0,9.0,383.0,233.0,295.0,149.0,29
2599,LGD,PIA,1,1,2026-04-20,55.2,44.8,19.0,8.0,6.0,2.0,8.0,2.0,5.0,4.0,11.0,0.0,13.0,9.0,1.0,0.0,1.0,3.0,0.0,1.0,0.0,0.0,31.0,9.0,9.0,2.0,14.0,11.0,409.0,348.0,324.0,277.0,29
2600,GÓR,KOR,1,0,2026-04-18,57.3,42.7,20.0,17.0,6.0,3.0,6.0,7.0,8.0,7.0,6.0,6.0,5.0,15.0,1.0,0.0,0.0,3.0,0.0,0.0,0.0,0.0,21.0,24.0,3.0,7.0,7.0,8.0,436.0,313.0,367.0,237.0,29
2601,RAD,WID,2,1,2026-04-18,50.6,49.4,20.0,7.0,5.0,2.0,7.0,1.0,8.0,4.0,6.0,2.0,12.0,15.0,2.0,0.0,4.0,2.0,0.0,0.0,0.0,0.0,29.0,15.0,6.0,3.0,8.0,9.0,336.0,337.0,262.0,236.0,29
2602,POG,LPO,1,2,2026-04-18,55.4,44.6,6.0,22.0,3.0,11.0,1.0,3.0,2.0,8.0,5.0,6.0,13.0,12.0,1.0,5.0,3.0,3.0,0.0,0.0,0.0,0.0,22.0,15.0,5.0,4.0,6.0,12.0,425.0,345.0,345.0,266.0,29
2603,GKS,MOT,3,2,2026-04-17,44.8,55.2,23.0,16.0,8.0,8.0,4.0,5.0,11.0,3.0,4.0,7.0,12.0,14.0,1.0,2.0,2.0,5.0,0.0,1.0,0.0,1.0,26.0,21.0,13.0,3.0,13.0,7.0,328.0,413.0,243.0,325.0,29
2604,RCZ,CRA,4,1,2026-04-19,60.9,39.1,9.0,19.0,7.0,6.0,1.0,9.0,1.0,4.0,2.0,7.0,10.0,17.0,1.0,1.0,1.0,2.0,0.0,1.0,0.0,0.0,10.0,23.0,4.0,4.0,3.0,6.0,558.0,345.0,491.0,265.0,29
2605,WPŁ,RAD,0,1,2026-04-26,43.7,56.3,10.0,17.0,2.0,6.0,2.0,6.0,6.0,5.0,7.0,7.0,14.0,11.0,0.0,1.0,3.0,2.0,0.0,0.0,0.0,0.0,29.0,21.0,5.0,4.0,11.0,5.0,343.0,459.0,267.0,399.0,30
2606,LGD,RCZ,1,2,2026-04-25,48.7,51.3,11.0,16.0,6.0,4.0,0.0,8.0,5.0,4.0,3.0,3.0,13.0,13.0,3.0,0.0,2.0,2.0,0.0,0.0,0.0,0.0,27.0,15.0,7.0,3.0,9.0,4.0,360.0,393.0,276.0,317.0,30
2607,ZAG,BBT,1,2,2026-04-24,41.7,58.3,10.0,15.0,2.0,8.0,3.0,4.0,5.0,3.0,6.0,4.0,11.0,16.0,0.0,1.0,6.0,2.0,1.0,0.0,1.0,0.0,19.0,29.0,5.0,4.0,6.0,4.0,275.0,389.0,185.0,314.0,30
2608,KOR,GKS,1,1,2026-04-25,55.8,44.2,17.0,16.0,4.0,5.0,3.0,5.0,10.0,6.0,5.0,3.0,9.0,8.0,3.0,1.0,2.0,0.0,0.0,0.0,0.0,0.0,25.0,15.0,12.0,5.0,5.0,8.0,437.0,354.0,333.0,253.0,30
2609,CRA,POG,1,1,2026-04-25,55.1,44.9,14.0,9.0,4.0,2.0,2.0,1.0,8.0,6.0,7.0,0.0,14.0,20.0,3.0,0.0,3.0,4.0,1.0,0.0,1.0,0.0,24.0,8.0,8.0,3.0,6.0,3.0,415.0,349.0,324.0,264.0,30
2610,LPO,LEG,4,0,2026-04-26,67.4,32.6,24.0,5.0,7.0,0.0,8.0,2.0,9.0,3.0,5.0,2.0,11.0,14.0,1.0,1.0,0.0,1.0,0.0,1.0,0.0,0.0,12.0,11.0,3.0,6.0,9.0,9.0,602.0,285.0,538.0,229.0,30
2611,JAG,GÓR,1,2,2026-04-24,61.3,38.7,18.0,10.0,7.0,4.0,7.0,4.0,4.0,2.0,7.0,2.0,13.0,14.0,1.0,1.0,4.0,3.0,0.0,0.0,0.0,0.0,23.0,7.0,6.0,2.0,14.0,13.0,512.0,325.0,433.0,254.0,30
2612,PIA,ARK,4,1,2026-04-27,64.1,35.9,24.0,7.0,12.0,3.0,6.0,1.0,6.0,3.0,6.0,5.0,11.0,7.0,1.0,3.0,2.0,2.0,0.0,0.0,0.0,0.0,17.0,13.0,9.0,4.0,7.0,10.0,512.0,284.0,423.0,191.0,30
2613,WID,MOT,2,0,2026-04-26,36.6,63.4,14.0,9.0,5.0,1.0,3.0,5.0,6.0,3.0,4.0,6.0,17.0,18.0,1.0,2.0,2.0,1.0,0.0,0.0,0.0,0.0,18.0,20.0,8.0,3.0,15.0,14.0,247.0,436.0,172.0,357.0,30
2614,ARK,GÓR,0,0,2026-05-13,36.2,63.8,11.0,15.0,2.0,2.0,2.0,5.0,7.0,8.0,1.0,9.0,14.0,12.0,0.0,3.0,0.0,2.0,0.0,0.0,0.0,0.0,10.0,22.0,2.0,0.0,7.0,10.0,278.0,486.0,193.0,399.0,31
2615,LEG,WID,1,0,2026-05-01,61.8,38.2,15.0,6.0,4.0,1.0,6.0,2.0,5.0,3.0,6.0,1.0,15.0,15.0,0.0,0.0,4.0,2.0,0.0,0.0,0.0,0.0,26.0,10.0,10.0,3.0,11.0,7.0,489.0,305.0,408.0,229.0,31
2616,MOT,LPO,0,1,2026-05-02,52.3,47.7,11.0,24.0,1.0,6.0,2.0,5.0,8.0,13.0,3.0,7.0,10.0,8.0,2.0,1.0,0.0,0.0,0.0,0.0,0.0,0.0,13.0,14.0,6.0,6.0,9.0,11.0,422.0,384.0,348.0,316.0,31
2617,ZAG,CRA,0,0,2026-05-03,32.6,67.4,18.0,15.0,3.0,3.0,8.0,8.0,7.0,4.0,5.0,11.0,6.0,14.0,0.0,2.0,2.0,2.0,1.0,0.0,0.0,0.0,13.0,43.0,6.0,12.0,5.0,6.0,223.0,443.0,143.0,379.0,31
2618,RAD,LGD,3,1,2026-05-04,33.3,66.7,13.0,27.0,5.0,7.0,4.0,7.0,4.0,13.0,4.0,7.0,10.0,9.0,0.0,3.0,1.0,2.0,1.0,0.0,0.0,0.0,9.0,46.0,3.0,12.0,7.0,7.0,250.0,475.0,172.0,403.0,31
2619,POG,WPŁ,3,0,2026-05-03,50.8,49.2,11.0,10.0,7.0,3.0,0.0,2.0,4.0,5.0,5.0,9.0,10.0,8.0,1.0,3.0,1.0,2.0,0.0,0.0,0.0,0.0,17.0,24.0,4.0,6.0,14.0,7.0,339.0,319.0,271.0,245.0,31
2620,KOR,PIA,1,1,2026-05-01,51.0,49.0,12.0,15.0,7.0,4.0,3.0,4.0,2.0,7.0,5.0,6.0,15.0,12.0,2.0,0.0,2.0,0.0,0.0,0.0,0.0,0.0,16.0,16.0,5.0,5.0,10.0,9.0,408.0,385.0,324.0,293.0,31
2621,GKS,BBT,5,1,2026-05-03,42.5,57.5,12.0,17.0,7.0,1.0,1.0,9.0,4.0,7.0,3.0,9.0,10.0,9.0,1.0,1.0,0.0,1.0,0.0,0.0,0.0,0.0,9.0,29.0,4.0,6.0,5.0,5.0,298.0,389.0,225.0,304.0,31
2622,RCZ,JAG,0,2,2026-05-13,60.4,39.6,25.0,13.0,3.0,7.0,9.0,3.0,13.0,3.0,6.0,4.0,8.0,9.0,0.0,1.0,1.0,4.0,0.0,0.0,0.0,0.0,40.0,8.0,17.0,2.0,11.0,10.0,496.0,347.0,433.0,266.0,31
2623,WPŁ,MOT,0,4,2026-05-10,56.5,43.5,22.0,17.0,4.0,6.0,11.0,4.0,7.0,7.0,7.0,6.0,12.0,12.0,0.0,1.0,2.0,2.0,0.0,0.0,0.0,0.0,29.0,19.0,12.0,7.0,10.0,9.0,356.0,276.0,287.0,220.0,32
2624,BBT,LEG,0,1,2026-05-10,59.2,40.8,10.0,6.0,4.0,1.0,1.0,1.0,5.0,4.0,6.0,1.0,14.0,17.0,3.0,3.0,2.0,1.0,0.0,0.0,0.0,0.0,29.0,11.0,11.0,4.0,12.0,4.0,514.0,361.0,406.0,290.0,32
2625,GÓR,ZAG,0,2,2026-05-09,64.4,35.6,25.0,13.0,5.0,6.0,9.0,1.0,11.0,6.0,15.0,4.0,10.0,7.0,0.0,2.0,0.0,1.0,0.0,0.0,0.0,0.0,42.0,15.0,10.0,5.0,8.0,6.0,492.0,280.0,429.0,211.0,32
2626,CRA,RAD,0,0,2026-05-11,59.8,40.2,17.0,6.0,4.0,1.0,6.0,1.0,7.0,4.0,5.0,4.0,12.0,7.0,0.0,2.0,5.0,4.0,0.0,1.0,0.0,0.0,30.0,12.0,6.0,3.0,8.0,9.0,428.0,296.0,346.0,207.0,32
2627,LPO,ARK,1,1,2026-05-08,80.6,19.4,26.0,7.0,7.0,2.0,7.0,1.0,12.0,4.0,15.0,5.0,7.0,13.0,0.0,0.0,1.0,4.0,0.0,0.0,0.0,0.0,45.0,11.0,10.0,4.0,2.0,12.0,661.0,159.0,574.0,91.0,32
2628,RCZ,KOR,2,0,2026-05-08,49.5,50.5,14.0,11.0,5.0,3.0,5.0,2.0,4.0,6.0,6.0,2.0,9.0,16.0,2.0,0.0,1.0,2.0,0.0,0.0,0.0,0.0,22.0,15.0,5.0,2.0,10.0,13.0,431.0,445.0,348.0,359.0,32
2629,JAG,POG,3,2,2026-05-09,56.6,43.4,20.0,10.0,14.0,3.0,3.0,4.0,3.0,3.0,7.0,0.0,17.0,19.0,3.0,0.0,1.0,0.0,0.0,0.0,0.0,0.0,22.0,14.0,5.0,4.0,8.0,6.0,472.0,360.0,399.0,293.0,32
2630,PIA,GKS,0,0,2026-05-10,61.3,38.7,18.0,8.0,3.0,4.0,9.0,2.0,6.0,2.0,4.0,3.0,14.0,13.0,3.0,0.0,2.0,1.0,0.0,0.0,0.0,0.0,19.0,12.0,4.0,3.0,5.0,10.0,470.0,301.0,371.0,214.0,32
2631,WID,LGD,3,1,2026-05-09,51.7,48.3,18.0,11.0,4.0,2.0,4.0,2.0,10.0,7.0,2.0,2.0,11.0,15.0,0.0,0.0,4.0,2.0,1.0,0.0,1.0,0.0,19.0,20.0,7.0,5.0,9.0,12.0,429.0,391.0,343.0,297.0,32
2632,ARK,BBT,2,3,2026-05-18,43.5,56.5,16.0,12.0,4.0,4.0,5.0,3.0,7.0,5.0,2.0,4.0,19.0,11.0,4.0,2.0,1.0,4.0,0.0,0.0,0.0,0.0,18.0,16.0,5.0,5.0,9.0,12.0,324.0,427.0,238.0,333.0,33
2633,WPŁ,GÓR,0,1,2026-05-16,45.1,54.9,8.0,14.0,1.0,5.0,4.0,2.0,3.0,7.0,7.0,4.0,12.0,11.0,1.0,0.0,3.0,1.0,0.0,0.0,0.0,0.0,13.0,31.0,3.0,6.0,6.0,7.0,349.0,407.0,281.0,344.0,33
2634,LGD,LEG,1,2,2026-05-17,62.4,37.6,16.0,9.0,6.0,4.0,3.0,3.0,7.0,2.0,4.0,5.0,17.0,12.0,1.0,1.0,4.0,3.0,1.0,0.0,1.0,0.0,18.0,19.0,6.0,6.0,13.0,10.0,470.0,275.0,373.0,186.0,33
2635,MOT,CRA,3,3,2026-05-16,63.4,36.6,12.0,17.0,7.0,7.0,2.0,4.0,3.0,6.0,2.0,7.0,14.0,12.0,1.0,1.0,2.0,5.0,0.0,0.0,0.0,0.0,18.0,23.0,7.0,8.0,12.0,13.0,486.0,267.0,406.0,192.0,33
2636,ZAG,POG,0,1,2026-05-15,30.2,69.8,10.0,17.0,3.0,5.0,1.0,6.0,6.0,6.0,3.0,6.0,8.0,12.0,6.0,4.0,1.0,3.0,0.0,0.0,0.0,0.0,17.0,27.0,6.0,4.0,6.0,4.0,237.0,563.0,159.0,496.0,33
2637,RAD,LPO,1,3,2026-05-16,54.1,45.9,7.0,11.0,2.0,5.0,3.0,2.0,2.0,4.0,4.0,4.0,17.0,15.0,2.0,1.0,2.0,3.0,0.0,0.0,0.0,0.0,18.0,7.0,4.0,5.0,6.0,5.0,397.0,343.0,338.0,273.0,33
2638,KOR,WID,1,0,2026-05-15,43.1,56.9,11.0,7.0,2.0,3.0,6.0,2.0,3.0,2.0,3.0,2.0,23.0,16.0,4.0,0.0,3.0,3.0,0.0,0.0,0.0,0.0,20.0,23.0,4.0,4.0,13.0,11.0,295.0,389.0,224.0,310.0,33
2639,GKS,JAG,2,2,2026-05-17,40.6,59.4,11.0,22.0,5.0,8.0,2.0,8.0,4.0,6.0,4.0,9.0,15.0,10.0,0.0,0.0,3.0,1.0,0.0,0.0,0.0,0.0,13.0,18.0,2.0,8.0,11.0,6.0,304.0,449.0,235.0,370.0,33
2640,PIA,RCZ,1,3,2026-05-17,67.2,32.8,31.0,6.0,9.0,5.0,12.0,0.0,10.0,1.0,9.0,0.0,16.0,7.0,1.0,1.0,6.0,1.0,0.0,0.0,0.0,0.0,47.0,0.0,11.0,0.0,6.0,3.0,512.0,267.0,427.0,184.0,33
2641,BBT,LGD,3,2,2026-05-23,41.1,58.9,7.0,22.0,5.0,4.0,0.0,9.0,2.0,9.0,2.0,10.0,14.0,16.0,0.0,2.0,3.0,4.0,0.0,0.0,0.0,0.0,8.0,41.0,2.0,12.0,6.0,6.0,304.0,407.0,209.0,334.0,34
2642,LEG,MOT,4,0,2026-05-23,57.2,42.8,18.0,10.0,11.0,5.0,1.0,2.0,6.0,3.0,5.0,3.0,11.0,14.0,1.0,1.0,1.0,2.0,0.0,0.0,0.0,0.0,19.0,13.0,4.0,1.0,3.0,10.0,452.0,334.0,394.0,258.0,34
2643,GÓR,RAD,6,2,2026-05-23,47.6,52.4,25.0,10.0,11.0,3.0,9.0,5.0,5.0,2.0,6.0,4.0,9.0,9.0,3.0,1.0,0.0,5.0,0.0,0.0,0.0,0.0,7.0,12.0,3.0,2.0,13.0,11.0,444.0,481.0,381.0,412.0,34
2644,POG,GKS,1,1,2026-05-23,47.3,52.7,14.0,9.0,2.0,3.0,2.0,3.0,10.0,3.0,4.0,3.0,12.0,6.0,1.0,2.0,2.0,2.0,1.0,0.0,0.0,0.0,11.0,16.0,3.0,3.0,7.0,11.0,358.0,405.0,288.0,331.0,34
2645,CRA,KOR,1,1,2026-05-23,39.3,60.7,9.0,6.0,1.0,2.0,3.0,0.0,5.0,4.0,3.0,1.0,15.0,11.0,1.0,1.0,0.0,0.0,0.0,0.0,0.0,0.0,10.0,24.0,2.0,7.0,9.0,6.0,337.0,517.0,233.0,424.0,34
2646,LPO,WPŁ,2,2,2026-05-23,67.6,32.4,12.0,14.0,3.0,5.0,2.0,3.0,7.0,6.0,5.0,6.0,7.0,11.0,2.0,1.0,1.0,2.0,0.0,0.0,0.0,0.0,21.0,13.0,4.0,7.0,7.0,14.0,545.0,256.0,489.0,209.0,34
2647,RCZ,ARK,3,0,2026-05-23,60.0,40.0,12.0,8.0,5.0,2.0,1.0,1.0,6.0,5.0,1.0,4.0,14.0,10.0,3.0,1.0,1.0,2.0,0.0,0.0,0.0,0.0,7.0,19.0,4.0,3.0,8.0,5.0,476.0,301.0,397.0,236.0,34
2648,JAG,ZAG,1,0,2026-05-23,55.1,44.9,14.0,16.0,4.0,5.0,5.0,5.0,5.0,6.0,6.0,1.0,15.0,16.0,0.0,0.0,1.0,3.0,0.0,0.0,0.0,0.0,19.0,23.0,2.0,9.0,6.0,6.0,394.0,307.0,320.0,236.0,34
2649,WID,PIA,2,1,2026-05-23,38.0,62.0,10.0,8.0,2.0,3.0,2.0,1.0,6.0,4.0,6.0,6.0,14.0,16.0,2.0,1.0,1.0,1.0,0.0,0.0,0.0,0.0,19.0,19.0,4.0,3.0,14.0,9.0,258.0,433.0,169.0,338.0,34
