kolejka,gospodarz,gosc,wynik_1x2,p_home,p_draw,p_away,log_loss,p_home_cal,p_draw_cal,p_away_cal,log_loss_cal,pred_cal
1,Lech Poznań,Cracovia,A,0.5292005125154158,0.2474161012159964,0.2233833862685879,1.4988657627552942,0.49621886773482415,0.27694199991431506,0.22683913235086062,1.4835141807825218,H
1,Widzew Łódź,Zagłębie Lubin,H,0.4571633584998819,0.2648168221702087,0.2780198193299095,0.7827144935367247,0.45782792083162993,0.2870237449874971,0.25514833418087296,0.781261884176142,H
1,GKS Katowice,Raków Częstochowa,A,0.3199676662243033,0.2792647415726876,0.400767592203009,0.914373590257572,0.3834470215440666,0.300280603092877,0.31627237536305636,1.151151489307075,H
1,Górnik Zabrze,Lechia Gdańsk,H,0.5326798742209876,0.2367367712407755,0.2305833545382366,0.6298346464731219,0.4984079942930903,0.270619043846012,0.23097296186089775,0.6963362717236267,H
1,Legia Warszawa,Piast Gliwice,A,0.5301466768196751,0.2480456662361166,0.2218076569442082,1.5059446828213017,0.4967032042041329,0.2773259037315392,0.22597089206432797,1.4873490841803307,H
1,Radomiak Radom,Pogoń Szczecin,H,0.3120175617233124,0.2562874521162637,0.4316949861604237,1.164695805182021,0.38047340180840344,0.28829807429836957,0.331228523893227,0.9663390073868093,H
2,Arka Gdynia,Radomiak Radom,D,0.1565028860984883,0.2770832230956498,0.5664138908058618,1.2834373735305482,0.27651665523742547,0.31785203272759627,0.40563131203497815,1.1461693103783999,A
2,Lechia Gdańsk,Lech Poznań,A,0.2858283699481616,0.2469556286399441,0.4672160014118942,0.7609635984572476,0.36605526579710146,0.28509064862367234,0.3488540855792261,1.0531015371011139,H
2,Pogoń Szczecin,Motor Lublin,H,0.5720120624025522,0.2187256250570302,0.2092623125404176,0.5585951997083404,0.5199108366942404,0.2601754135099815,0.21991374979577807,0.6540979500046558,H
2,Korona Kielce,Legia Warszawa,A,0.3261688851696434,0.2598694238457541,0.4139616909846025,0.8819818432919609,0.3881914297458704,0.2893219704375425,0.32248659981658706,1.131693694565894,H
2,Cracovia,Bruk-Bet Termalica Nieciecza,H,0.0748950103378728,0.1437461012708181,0.7813588883913091,2.591668008329915,0.20805118552615276,0.24985941084994237,0.5420894036239049,1.5699711452942344,A
2,GKS Katowice,Zagłębie Lubin,D,0.4786327779148706,0.2518119644378979,0.2695552576472315,1.3790726428617317,0.46957748273366773,0.27940942199048024,0.2510130952758521,1.2750771104999392,H
2,Raków Częstochowa,Wisła Płock,A,0.0347020857375612,0.2118540088890625,0.7534439053733764,0.2831007091103067,0.14028707340269242,0.3156689204849023,0.5440440061124053,0.608725141808924,A
2,Jagiellonia Białystok,Widzew Łódź,H,0.617889603870714,0.2069141306868984,0.1751962654423874,0.481445471994899,0.5452492163499857,0.25390373522173665,0.2008470484282777,0.6065123111320858,H
2,Piast Gliwice,Górnik Zabrze,A,0.3953871956899173,0.2946757118246268,0.3099370924854556,1.1713859295617814,0.42401623953870055,0.30478025170999,0.27120350875130944,1.3048857851260303,H
3,Wisła Płock,Piast Gliwice,H,0.8759471733577867,0.0963600135442601,0.027692813097953,0.1324494942502164,0.7317696936886765,0.18625663282946875,0.08197367348185475,0.312289440634369,H
3,Bruk-Bet Termalica Nieciecza,Pogoń Szczecin,D,0.5291128260485909,0.2348069178934523,0.2360802560579569,1.448991728542916,0.49661475518641063,0.26943090779191126,0.23395433702167817,1.3114432933316034,H
3,Legia Warszawa,Arka Gdynia,D,0.7101303346287099,0.200926111728793,0.0889435536424971,1.6048180418450697,0.6018949579228785,0.2557908923258724,0.14231414975124906,1.363394995139464,H
3,Motor Lublin,Jagiellonia Białystok,D,0.3421802021930599,0.229021192289489,0.4287986055174511,1.4739407369608528,0.39950704971922646,0.2708867547866573,0.3296061954941162,1.3060544244542283,H
3,Zagłębie Lubin,Korona Kielce,D,0.3921157719295475,0.2822604444452661,0.3256237836251863,1.2649250724022272,0.42277676457109364,0.2982149533576172,0.27900828207128914,1.2099407325109601,H
3,Radomiak Radom,Raków Częstochowa,H,0.3004497499640711,0.2853979803880821,0.4141522696478465,1.2024747604073356,0.3719208238319416,0.30494683574919806,0.32313234041886035,0.9890742865239066,H
3,Cracovia,Lechia Gdańsk,D,0.5377977352262694,0.2287057206008091,0.2334965441729215,1.475319164707822,0.5014265352624283,0.26582395702071054,0.23274950771686112,1.3249210050087437,H
3,Lech Poznań,Górnik Zabrze,H,0.5184332053970995,0.253066467490629,0.2285003271122714,0.6569440823744697,0.4903641058644639,0.28015589950889136,0.22947999462664465,0.7126070906268779,H
3,Widzew Łódź,GKS Katowice,H,0.4410994287396609,0.2576356063131154,0.3012649649472237,0.818484966953331,0.4497863606656942,0.2832518077415176,0.26696183159278813,0.7989825630254044,H
4,Arka Gdynia,Pogoń Szczecin,H,0.1650210557934173,0.2720356064096249,0.5629433377969578,1.8016822023539347,0.2835741824823632,0.31357993413478585,0.402845883382851,1.2602815234386096,A
4,Legia Warszawa,GKS Katowice,H,0.6061328153507353,0.2043607991245986,0.1895063855246661,0.500656149681017,0.5388499159994199,0.25185054002381596,0.20929954397676404,0.6183181958279234,H
4,Lechia Gdańsk,Motor Lublin,D,0.3802581685421761,0.2320441619062016,0.3876976695516225,1.4608275723866964,0.419716279951785,0.2706726542183108,0.3096110658299043,1.3068451062370232,H
4,Górnik Zabrze,Bruk-Bet Termalica Nieciecza,A,0.2648169721404688,0.253962131608562,0.4812208962509691,0.7314288705315106,0.3529141357898874,0.29086493884192743,0.35622092536818517,1.0322041637313846,A
4,Korona Kielce,Radomiak Radom,H,0.4229296810655772,0.2735838324849242,0.3034864864494984,0.860549352370686,0.43950446342594746,0.29254763430326125,0.26794790227079135,0.8221074062180361,H
4,Raków Częstochowa,Zagłębie Lubin,A,0.5685746681693968,0.2510573556198828,0.1803679762107202,1.7127562025729874,0.5174490327906612,0.2799716136087027,0.2025793536006359,1.596623599563625,H
4,Jagiellonia Białystok,Cracovia,H,0.5321109533516232,0.2269625016791013,0.2409265449692754,0.6309032524542607,0.49854018283904106,0.26472139839563447,0.23673841876532442,0.6960710853282701,H
4,Piast Gliwice,Lech Poznań,H,0.3216739529964595,0.3030411635987063,0.3752848834048341,1.1342168147653442,0.38315850903038834,0.3127535821943386,0.3040879087752732,0.9593065137204801,H
4,Widzew Łódź,Wisła Płock,D,0.0630442614151456,0.1604766543000556,0.7764790842847988,1.8296068030662471,0.19044284487835017,0.2665804534330353,0.5429767016886144,1.322079191881028,A
5,Wisła Płock,Legia Warszawa,H,0.7160322774634738,0.1844591615462374,0.0995085609902888,0.3340300327813273,0.6045746458727627,0.24418157676832472,0.15124377735891273,0.5032301328902852,H
5,Bruk-Bet Termalica Nieciecza,Raków Częstochowa,A,0.4505125845405777,0.2782003493930052,0.271287066066417,1.3045777343703229,0.45384562127422456,0.29457502196234203,0.2515793567634335,1.379996805362049,H
5,Motor Lublin,Piast Gliwice,D,0.4144763878324983,0.2728757266344052,0.3126478855330966,1.2987388012318175,0.43508149117185163,0.292382310397257,0.2725361984308914,1.2296930508939863,H
5,Zagłębie Lubin,Lechia Gdańsk,H,0.4558121113720956,0.2445059592602457,0.2996819293676586,0.7856745908428027,0.45814491941136,0.2754931393843166,0.2663619412043235,0.7805697269888139,H
5,Radomiak Radom,Jagiellonia Białystok,A,0.330972374330963,0.2371359558635935,0.4318916698054434,0.8395804865239122,0.39262728133291613,0.2762467825731264,0.3311259360939574,1.1052565043830804,H
5,Pogoń Szczecin,Górnik Zabrze,A,0.5193380860842866,0.2450540172706532,0.2356078966450601,1.4455863105972075,0.4910926403747254,0.27545560393855933,0.23345175568671533,1.4547798369821392,H
5,Cracovia,Widzew Łódź,H,0.4947510742799371,0.2553897406759469,0.2498591850441158,0.7037005231426741,0.4778360682247112,0.28140522201647883,0.24075870975881009,0.7384875588174717,H
5,GKS Katowice,Arka Gdynia,H,0.610391588080423,0.2511561673815753,0.1384522445380017,0.4936545801022237,0.5413954719210847,0.28192239089262666,0.17668213718628858,0.613605265484705,H
5,Lech Poznań,Korona Kielce,D,0.5564605245419225,0.247418650713791,0.1961208247442865,1.3966734349864949,0.5108265610723564,0.27743076158188235,0.21174267734576133,1.2821838847409375,H
6,Wisła Płock,Zagłębie Lubin,H,0.7154913621472329,0.1929380048704504,0.0915706329823166,0.3347857525291782,0.604865758304866,0.25043252294667456,0.14470171874845944,0.5027487326712752,H
6,Legia Warszawa,Jagiellonia Białystok,D,0.4682013263080672,0.2254913390123573,0.3063073346795756,1.4894735287044694,0.4657666089087669,0.2641666892633528,0.2700667018278802,1.3311749763593088,H
6,Lechia Gdańsk,Arka Gdynia,H,0.6813380942697363,0.2014050193532481,0.1172568863770154,0.3836966286753271,0.5827073329399654,0.2535886086772819,0.16370405838275265,0.5400702204949837,H
6,Górnik Zabrze,GKS Katowice,H,0.5038077473644282,0.2468631675961166,0.249329085039455,0.6855605373247231,0.48289506492466133,0.2764579043546874,0.2406470307206513,0.7279559058180193,H
6,Radomiak Radom,Bruk-Bet Termalica Nieciecza,D,0.3901691914690103,0.2520831483369314,0.3577476601940582,1.377996292175489,0.4234460511523734,0.28167157687059885,0.29488237197702777,1.267013507768338,H
6,Korona Kielce,Motor Lublin,H,0.4452873835251559,0.2578761034744856,0.2968365130003585,0.8090353995841362,0.4519543716796133,0.2833048512063037,0.26474077711408295,0.794174051856934,H
6,Raków Częstochowa,Lech Poznań,D,0.3983845289571317,0.2834023238158108,0.3182131472270575,1.2608877519856716,0.4260711428439436,0.2986167631142019,0.2753120940418545,1.2085942564233063,H
6,Piast Gliwice,Cracovia,D,0.3961160107510346,0.2908472397753383,0.3130367494736271,1.2349570988703702,0.42455171889116705,0.30270471021838175,0.2727435708904511,1.1949975023937274,H
6,Widzew Łódź,Pogoń Szczecin,A,0.3205984816770749,0.263103798334114,0.416297719988811,0.8763546016426836,0.3848403747665152,0.2914677008788633,0.3236919243546216,1.1279630662924944,H
7,Arka Gdynia,Wisła Płock,H,0.0580456078111041,0.2028544290220383,0.7390999631668576,2.846526235869511,0.17967698966158263,0.2987084660929973,0.5216145442454201,1.7165945420193587,A
7,Bruk-Bet Termalica Nieciecza,Korona Kielce,A,0.4736154204278569,0.2551921507543734,0.2711924288177695,1.3049266406442008,0.46681710173084684,0.28138841618563165,0.2517944820835217,1.3791420714979374,H
7,Zagłębie Lubin,Piast Gliwice,D,0.3744021891379285,0.2972750136897754,0.328322797172296,1.2130975966076154,0.41259877572188397,0.3069399887747312,0.28046123550338475,1.1811030268067297,H
7,Górnik Zabrze,Motor Lublin,A,0.4987145903686314,0.2425625771964893,0.258722832434879,1.3519979353357203,0.4804325321336228,0.2739438479265139,0.2456236199398633,1.4039549149398376,H
7,Pogoń Szczecin,Raków Częstochowa,H,0.4276851502930991,0.2707812823480975,0.3015335673588035,0.8493679842652833,0.4421315249262362,0.2908863259323011,0.26698214914146273,0.8161478734625113,H
7,Cracovia,Legia Warszawa,H,0.3645461533209415,0.2543504860441155,0.3811033606349426,1.0091021146412418,0.40962025017917586,0.2840822583098025,0.3062974915110216,0.8925247675648983,H
7,GKS Katowice,Radomiak Radom,H,0.431734350292522,0.2500729742081541,0.3181926754993239,0.8399448097633712,0.44534155760859295,0.2791873604952186,0.2754710818961886,0.808913746040215,H
7,Lech Poznań,Widzew Łódź,H,0.5540173343967553,0.2436628540930769,0.2023198115101676,0.5905593031995312,0.509560236608419,0.2751116156674148,0.21532814772416622,0.6742072064019764,H
7,Jagiellonia Białystok,Lechia Gdańsk,H,0.6551211324403805,0.1795894336779053,0.1652894338817141,0.4229351254217768,0.5670557864178587,0.23688359348783197,0.19606062009430933,0.5672975913502212,H
8,Wisła Płock,Cracovia,D,0.6438838807071621,0.2312280655146864,0.1248880537781513,1.4643507589167049,0.5607149630403365,0.2711982101512189,0.16808682680844453,1.3049053226750682,H
8,Legia Warszawa,Radomiak Radom,H,0.5993967672510692,0.215281988116262,0.1853212446326687,0.511831517422311,0.5348233821335997,0.2586948499155031,0.20648176795089718,0.6258187134430805,H
8,Lechia Gdańsk,GKS Katowice,H,0.4160625119219938,0.2390082950075753,0.3449291930704309,0.8769197609668811,0.43793645784781804,0.27331438106085676,0.28874916109132515,0.8256814525366636,H
8,Motor Lublin,Bruk-Bet Termalica Nieciecza,D,0.515158564935332,0.2234692592075806,0.2613721758570874,1.498481417083766,0.4899573319733677,0.26255592867440325,0.24748673935222906,1.337291158028087,H
8,Korona Kielce,Pogoń Szczecin,H,0.3456508432439946,0.2686643265225436,0.385684830233462,1.0623261370046746,0.3983984357029187,0.2929713668643989,0.30863019743268233,0.9203026797278996,H
8,Lech Poznań,Zagłębie Lubin,A,0.5770574188339282,0.228341280362238,0.1946013008038337,1.6368024247518862,0.5223264692870235,0.266286239344161,0.21138729136881546,1.5540633238676609,H
8,Raków Częstochowa,Górnik Zabrze,A,0.4838489940137798,0.2754288776468364,0.2407221283393836,1.4241120051433367,0.4715212886293235,0.29282405163383046,0.23565465973684604,1.4453878518344387,H
8,Piast Gliwice,Jagiellonia Białystok,D,0.3435571739171217,0.2676206128508684,0.3888222132320098,1.318184925103924,0.3973134924830344,0.2925198604430699,0.31016664707389585,1.229222715664589,H
8,Widzew Łódź,Arka Gdynia,H,0.6359815129838591,0.2467126139945632,0.1173058730215777,0.4525857836999285,0.556776981072908,0.2808092071574589,0.1624138117696332,0.5855905122803956,H
9,Arka Gdynia,Korona Kielce,D,0.1812656931901043,0.2724601554082344,0.5462741514016612,1.3002628942552106,0.2958603691921725,0.3111786022447497,0.39296102856307774,1.1673882478955309,A
9,Bruk-Bet Termalica Nieciecza,Lech Poznań,A,0.3221848187672004,0.2439450237088121,0.4338701575239875,0.8350099658558735,0.3871654404165415,0.280689460520011,0.3321450990634475,1.1021833601703297,H
9,Zagłębie Lubin,Motor Lublin,D,0.4312457983206121,0.2492122580777704,0.3195419436016173,1.3894503035604335,0.4451402005904149,0.2787107161625565,0.27614908324702847,1.2775808947039915,H
9,Górnik Zabrze,Widzew Łódź,H,0.4769192666507854,0.2670562142460926,0.2560245191031221,0.7404080547230165,0.46809134522057366,0.28811159788826096,0.24379705689116526,0.7590918200147944,H
9,Radomiak Radom,Piast Gliwice,H,0.4040933561551692,0.2874819879871693,0.3084246558576617,0.9061093481237604,0.4289448769279597,0.30064136459015156,0.2704137584818887,0.8464268603193436,H
9,Pogoń Szczecin,Lechia Gdańsk,A,0.6048677246556087,0.2052640071631505,0.1898682681812408,1.6614247726447218,0.5381265632289707,0.2524010184648019,0.2094724183062275,1.5631632031500826,H
9,GKS Katowice,Cracovia,A,0.3832478907652521,0.2597220504259107,0.3570300588088371,1.029935302402898,0.4192753406195593,0.2862182277536731,0.29450643162676754,1.2224544369888388,H
9,Raków Częstochowa,Legia Warszawa,D,0.4081325783795976,0.2701471845472618,0.3217202370731406,1.3087883405592078,0.4318669027999452,0.29106965330135387,0.27706344389870097,1.2341926820284053,H
9,Wisła Płock,Jagiellonia Białystok,A,0.5759233136143058,0.2540394014531217,0.1700372849325723,1.7717375428468989,0.521569572649835,0.2820428007833528,0.19638762656681236,1.6276648862337395,H
10,Wisła Płock,GKS Katowice,D,0.632490540532575,0.2305271127841681,0.1369823466832567,1.467386797501141,0.5537622527011714,0.26999753066604304,0.17624021663278566,1.3093424657069064,H
10,Legia Warszawa,Pogoń Szczecin,H,0.5016078250911119,0.2313288008782734,0.2670633740306146,0.6899366895237216,0.4825137828702712,0.26730116132294507,0.2501850558067837,0.7287457930768427,H
10,Motor Lublin,Radomiak Radom,D,0.452668664261265,0.2448124326535988,0.3025189030851359,1.4072629426499257,0.45650287716760857,0.2757258254520067,0.2677712973803848,1.2883482930433634,H
10,Zagłębie Lubin,Arka Gdynia,H,0.6342247952531074,0.2393084437393931,0.1264667610074994,0.4553518207435298,0.5552067877663773,0.275839188675503,0.16895402355811967,0.5884146440602831,H
10,Korona Kielce,Lechia Gdańsk,H,0.4850080740519971,0.2440980424047676,0.270893883543235,0.7235897406533316,0.47325372112425496,0.2749018502889669,0.2518444285867782,0.7481236260091854,H
10,Cracovia,Górnik Zabrze,D,0.4256087080135853,0.2701557537501299,0.3042355382362844,1.308756620565621,0.44106927149760244,0.2905899093841421,0.2683408191182555,1.235842251834434,H
10,Lech Poznań,Jagiellonia Białystok,D,0.4697557686862654,0.2372844342978504,0.292959797015884,1.4384957127283176,0.4657680860451146,0.2710888618833329,0.2631430520715524,1.305308608222547,H
10,Piast Gliwice,Bruk-Bet Termalica Nieciecza,H,0.4502458532037608,0.2701779180200158,0.2795762287762234,0.7979615049545784,0.45399199300362153,0.2901215384665429,0.2558864685298355,0.7896757176522147,H
10,Widzew Łódź,Raków Częstochowa,A,0.3225358056667961,0.2883544761988088,0.3891097181343951,0.94389392337344,0.3843814374405328,0.30496403370459013,0.310654528854877,1.1690738239375396,H
11,Arka Gdynia,Cracovia,H,0.1715646950649127,0.2766110166379641,0.5518242882971233,1.7627948528105544,0.2883065383900751,0.3149941983066857,0.39669926330323924,1.243730995475714,A
11,Bruk-Bet Termalica Nieciecza,Widzew Łódź,A,0.4607509070246787,0.238646591102217,0.3006025018731042,1.2019664787667466,0.4610493215240491,0.2720191844996103,0.2669314939763406,1.3207632303710017,H
11,Lechia Gdańsk,Wisła Płock,D,0.2277612821782672,0.2710781751257449,0.5011605426959881,1.3053480306029568,0.328250641060678,0.3041734720562818,0.3675758868830402,1.1901571085602256,A
11,Górnik Zabrze,Legia Warszawa,H,0.360803885098967,0.2596959313770855,0.3795001835239473,1.0194207228389849,0.407236526626441,0.287238311473718,0.305525161899841,0.8983611158374634,H
11,Radomiak Radom,Zagłębie Lubin,H,0.4507897918872531,0.2574935641781672,0.2917166439345797,0.7967541415111189,0.4548370340933001,0.2829900847580852,0.26217288114861464,0.7878160910161565,H
11,Pogoń Szczecin,Piast Gliwice,H,0.5179756373090334,0.2553973931000943,0.2266269695908724,0.6578270700506469,0.490060816055134,0.28151387773798175,0.22842530620688417,0.7132257811807867,H
11,GKS Katowice,Lech Poznań,A,0.2961610757549093,0.2517978403611537,0.4520410838839368,0.7939822097319413,0.37171016893052744,0.2869776345447921,0.3413121965246805,1.0749576882122789,H
11,Raków Częstochowa,Motor Lublin,H,0.5557633243466016,0.2404939836974198,0.2037426919559785,0.5874127509927557,0.5105617375374863,0.27323433901609895,0.21620392344641465,0.6722437132585932,H
11,Jagiellonia Białystok,Korona Kielce,H,0.5369965223260035,0.232514822115263,0.2304886555587333,0.6217636606096922,0.5008427236008237,0.26812177720543184,0.23103549919374441,0.6914631521304793,H
12,Wisła Płock,Bruk-Bet Termalica Nieciecza,H,0.6080135748656411,0.2368492503155397,0.155137174818819,0.497558070183569,0.5395614908528618,0.2727433577637141,0.18769515138342407,0.6169985232944358,H
12,Motor Lublin,GKS Katowice,A,0.4478841616324935,0.2409253787750791,0.3111904595924275,1.167350143984503,0.45427391480737045,0.27357981679660826,0.2721462683960212,1.3014156057666795,H
12,Zagłębie Lubin,Legia Warszawa,H,0.2883349033505526,0.2495269833703806,0.4621381132790667,1.243632615586767,0.36732244058925,0.28633025993544103,0.3463472994753089,1.0015152319453475,H
12,Korona Kielce,Górnik Zabrze,D,0.3847166390384476,0.2788479686082521,0.3364353923533004,1.277088561063724,0.4189822184533295,0.29664482559954164,0.2843729559471287,1.2152197292088411,H
12,Cracovia,Raków Częstochowa,H,0.3484342519781961,0.2867196434419773,0.3648461045798266,1.054305726613972,0.3988999180453218,0.30255834657524333,0.29854173537943485,0.9190447255224848,H
12,Lech Poznań,Pogoń Szczecin,D,0.4793243749560336,0.242660672587219,0.2780149524567474,1.4160912206354772,0.47038960747443387,0.27411165620789124,0.25549873631767506,1.2942197511930762,H
12,Jagiellonia Białystok,Arka Gdynia,H,0.7412328949982462,0.1732203859461651,0.0855467190555886,0.2994404048241491,0.6214019464027611,0.23805097698702735,0.14054707661021149,0.4757771497417082,H
12,Piast Gliwice,Lechia Gdańsk,A,0.4350394105974577,0.2618267883992034,0.3031338010033387,1.193580983474056,0.4464116231983707,0.2857358491698378,0.26785252763179157,1.3173187199560252,H
12,Widzew Łódź,Radomiak Radom,H,0.4373362507494202,0.2650421697958262,0.2976215794547537,0.8270529272475327,0.4474553722592183,0.28748450600126174,0.26506012173952,0.8041784730353174,H
13,Arka Gdynia,Piast Gliwice,H,0.2256638243456096,0.3159394242092642,0.4583967514451259,1.4887088900361565,0.3242249261228941,0.3281193548112783,0.3476557190658276,1.1263177876178825,A
13,Bruk-Bet Termalica Nieciecza,Zagłębie Lubin,D,0.4568667717029169,0.2364919600912697,0.3066412682058134,1.4418410670137571,0.45918971737925607,0.2708332681270831,0.26997701449366074,1.3062518942079226,H
13,Legia Warszawa,Lech Poznań,D,0.4520500183259809,0.2498027340740857,0.2981472475999335,1.3870837362981716,0.45589508312686194,0.2785970515712897,0.2655078653018483,1.277988800710057,H
13,Motor Lublin,Widzew Łódź,H,0.413747403282979,0.2538131392518986,0.3324394574651224,0.8824996283637819,0.43573449014664856,0.2818067128014486,0.28245879705190285,0.830722188682713,H
13,Górnik Zabrze,Jagiellonia Białystok,H,0.3947146437220437,0.2487650078798179,0.3565203483981384,0.9295921961096296,0.42607214266417803,0.27962500406777213,0.2943028532680499,0.8531465980737422,H
13,Radomiak Radom,Wisła Płock,D,0.2580346264869538,0.3028304082137558,0.4391349652992902,1.1945823390337391,0.3455773663413664,0.3178006293346151,0.33662200432401845,1.1463310445963497,H
13,Pogoń Szczecin,Cracovia,H,0.4956307179896572,0.2417137765674358,0.262655505442907,0.701924149732145,0.4788737489586255,0.2734549808223149,0.24767127021905957,0.7363182884238845,H
13,GKS Katowice,Korona Kielce,H,0.4056406296421686,0.2636516621584917,0.3307077081993401,0.9022876600204144,0.43089864856201715,0.2875609611713819,0.281540390266601,0.8418823706799133,H
13,Raków Częstochowa,Lechia Gdańsk,H,0.5666878205424476,0.2337783356161135,0.1995338438414388,0.567946707933675,0.5165930936928257,0.269385390402083,0.21402151590509128,0.6604997671809063,H
14,Wisła Płock,Pogoń Szczecin,H,0.4820450837934538,0.2751749743670647,0.2427799418394814,0.7297176344644568,0.47057138947593563,0.2926805432151376,0.2367480673089268,0.7538076003807579,H
14,Bruk-Bet Termalica Nieciecza,GKS Katowice,A,0.4700638147847414,0.2304969516945505,0.2994392335207078,1.2058437750983373,0.46636644411297584,0.26710099248332975,0.26653256340369436,1.3222588537086604,H
14,Lechia Gdańsk,Radomiak Radom,A,0.4392669687985512,0.241933986694649,0.3187990445067998,1.1431943292261526,0.4497585854331893,0.27435217744396906,0.2758892371228416,1.2877558085856242,H
14,Górnik Zabrze,Arka Gdynia,H,0.6972046889281169,0.2041837223401979,0.0986115887316849,0.360676239988667,0.5932744761440277,0.2568851709918846,0.1498403528640876,0.5220981267945799,H
14,Cracovia,Zagłębie Lubin,D,0.5027607036914236,0.2531473779746299,0.2440919183339464,1.3737834382156326,0.4821112060796357,0.28011581491220283,0.23777297900816136,1.2725521366455583,H
14,Lech Poznań,Motor Lublin,D,0.6089342455252368,0.2109370078062792,0.1801287466684839,1.5561957312808348,0.540183369730107,0.25620848068239477,0.20360814958749815,1.3617637882625362,H
14,Jagiellonia Białystok,Raków Częstochowa,A,0.4322939486176332,0.2585922159853978,0.3091138353969689,1.1740456705838265,0.445146627489812,0.2839846174152964,0.2708687550948915,1.3061208739556882,H
14,Piast Gliwice,Korona Kielce,D,0.386189377657991,0.2924174483625098,0.3213931739794992,1.2295728799644714,0.4191617741953995,0.3038924503786346,0.27694577542596577,1.1910814218206351,H
14,Widzew Łódź,Legia Warszawa,D,0.3103550120947689,0.2589327409966468,0.4307122469085843,1.3511869382788115,0.37933401873444766,0.28987993967730796,0.3307860415882444,1.2382884428364693,H
15,Arka Gdynia,Lech Poznań,H,0.1333180264386666,0.2307986973527677,0.6358832762085658,2.015017828842486,0.2604483700172793,0.2957592574657313,0.44379237251698933,1.3453506331431009,A
15,Legia Warszawa,Bruk-Bet Termalica Nieciecza,A,0.6395956007802897,0.1894085511725804,0.1709958480471299,1.766116003200392,0.5579079927224254,0.24303488235349313,0.1990571249240814,1.6141634355314534,H
15,Lechia Gdańsk,Widzew Łódź,H,0.4371112123879623,0.2507123335596434,0.3121764540523941,0.8275676256734813,0.44809634032659207,0.2794208937900652,0.2724827658833427,0.8027470243142362,H
15,Motor Lublin,Wisła Płock,D,0.2926527972414233,0.285402269232008,0.4219449335265688,1.2538556229128184,0.36737993778485445,0.3055546639071807,0.3270653983079647,1.1856265837839512,H
15,Zagłębie Lubin,Górnik Zabrze,H,0.3603967107577174,0.2685047621537353,0.3710985270885474,1.0205498799330055,0.40645545655006415,0.29210271305939955,0.30144183039053635,0.9002809339809995,H
15,Radomiak Radom,Cracovia,H,0.3837634025716029,0.2653118513715157,0.3509247460568813,0.9577290554225824,0.4192087056765869,0.2892874352112666,0.2915038591121465,0.8693863788326729,H
15,Pogoń Szczecin,Jagiellonia Białystok,A,0.451413527689628,0.2252242235393603,0.3233622487710116,1.128982070962674,0.4572000702325775,0.2643270571914499,0.2784728725759726,1.2784346298312903,H
15,Korona Kielce,Raków Częstochowa,A,0.3475890021763978,0.2940207148180835,0.3583902830055187,1.026132710398683,0.3980747934848502,0.3064840942053846,0.2954411123097653,1.2192857435188225,H
15,GKS Katowice,Piast Gliwice,A,0.4371336156428508,0.2688985973487305,0.2939677870084184,1.2242850856450438,0.4471733575278804,0.2896369927001144,0.2631896497720051,1.334880404878655,H
16,Bruk-Bet Termalica Nieciecza,Arka Gdynia,H,0.6583825151206734,0.20054446653562,0.1410730183437066,0.4179691865930018,0.5685861420597355,0.2515029432919269,0.17991091464833764,0.5646024520992869,H
16,Legia Warszawa,Lechia Gdańsk,D,0.6112716364185161,0.2055951235165266,0.1831332400649571,1.581846463987242,0.541622407691138,0.2528140863876865,0.2055635059211755,1.3751008967915392,H
16,Górnik Zabrze,Wisła Płock,D,0.4038786700921131,0.2947097634202375,0.3014115664876494,1.22176425975593,0.4285638523866198,0.3045366762924516,0.26689947132092845,1.1889637514911562,H
16,Pogoń Szczecin,Zagłębie Lubin,H,0.5689112821741652,0.2211522728542061,0.2099364449716286,0.5640307758627385,0.518164457084892,0.26162910197990813,0.2202064409351999,0.6574626023903943,H
16,Cracovia,Motor Lublin,A,0.5044327034932379,0.2412985284040131,0.2542687681027489,1.3693634292645762,0.48346112670648966,0.27319504009980083,0.2433438331937094,1.4132798843276146,H
16,Lech Poznań,Radomiak Radom,H,0.5603230292257139,0.2324135083169271,0.2072634624573592,0.5792418236569131,0.51320633651702,0.2684104410422597,0.2183832224407204,0.6670772992455241,H
16,Raków Częstochowa,Piast Gliwice,A,0.5250131439093737,0.2745542776811946,0.2004325784094315,1.607277356070665,0.4935925161391604,0.2927405671334681,0.2136669167273714,1.5433369403993502,H
16,Jagiellonia Białystok,GKS Katowice,H,0.5894425583293378,0.2038132416240379,0.2067442000466243,0.5285780050936695,0.5298700105864987,0.2510684601284817,0.21906152928501946,0.6351235655622107,H
16,Widzew Łódź,Korona Kielce,A,0.4077608894063779,0.274788061867295,0.3174510487263269,1.1474316497758383,0.4314428341474126,0.29362902824118897,0.27492813761139834,1.2912455332417387,H
17,Arka Gdynia,Raków Częstochowa,A,0.1711606942785855,0.2623395485064831,0.5664997572149313,0.5682786270844569,0.28897932732332426,0.30717579818077706,0.4038448744958987,0.9067244487779398,A
17,Wisła Płock,Lech Poznań,D,0.3732338897366017,0.2891840685121566,0.3375820417512417,1.2406918783471728,0.4123104122041635,0.30267986287301624,0.2850097249228203,1.1950795901986826,H
17,Lechia Gdańsk,Bruk-Bet Termalica Nieciecza,H,0.4828695995055471,0.2290654199500232,0.2880649805444297,0.7280086421005901,0.47302513987220296,0.26609101960318965,0.26088384052460734,0.7486067420670823,H
17,Motor Lublin,Legia Warszawa,D,0.3301006341944672,0.2444417240815949,0.4254576417239381,1.4087783457909862,0.39154165010055253,0.28045738714758595,0.3280009627518616,1.2713334830374268,H
17,Zagłębie Lubin,Jagiellonia Białystok,D,0.3387543361893722,0.2430527397331911,0.4181929240774367,1.4144768232514229,0.39643620786071004,0.27913935188820305,0.324424440251087,1.276044152720616,H
17,Radomiak Radom,Górnik Zabrze,H,0.3805824793448787,0.2606903369345799,0.3587271837205412,0.966052359481121,0.4177939321835654,0.28686774247169006,0.29533832534474447,0.8727669532213214,H
17,Korona Kielce,Cracovia,A,0.4036428827359444,0.2771254019204087,0.319231715343647,1.1418380594962343,0.4291509040372116,0.29503518579686183,0.27581391016592655,1.2880288791952565,H
17,GKS Katowice,Pogoń Szczecin,H,0.3392726433783061,0.2375484285553502,0.4231789280663437,1.0809512370905363,0.397172715376742,0.27597431195740996,0.3268529726658482,0.9233840415755308,H
17,Piast Gliwice,Widzew Łódź,A,0.4261426253546077,0.2828811288159057,0.2909762458294866,1.2345136445944456,0.44082335980200354,0.29757043918078285,0.2616062010172135,1.3409149554857922,H
18,Arka Gdynia,Motor Lublin,H,0.2455544585383733,0.2596040116093484,0.4948415298522782,1.4042365293073245,0.34053046845709806,0.29590560195573734,0.3635639295871646,1.077250675877159,A
18,Bruk-Bet Termalica Nieciecza,Jagiellonia Białystok,H,0.3098785385825517,0.2230705554810389,0.4670509059364092,1.1715748693049666,0.38206664986312666,0.26950423666031803,0.3484291134765554,0.9621602095132598,H
18,Lechia Gdańsk,Górnik Zabrze,H,0.3868053561618453,0.2527389565787405,0.360455687259414,0.9498336681311228,0.4216206877094925,0.2821757336163107,0.2962035786741968,0.8636492134391849,H
18,Pogoń Szczecin,Radomiak Radom,D,0.5484690280996877,0.2201521997337833,0.2313787721665292,1.5134361548530813,0.5074175892255468,0.2606990595096195,0.2318833512648338,1.344388565607226,H
18,Korona Kielce,Wisła Płock,D,0.3942934668872762,0.2942929600529859,0.311413573059738,1.223179545017656,0.42344351088416676,0.30461150892337113,0.27194498019246216,1.188718055507446,H
18,Cracovia,Lech Poznań,D,0.3568865195101829,0.2708942329818826,0.3722192475079346,1.3060268184828316,0.40440427431993303,0.293584261869403,0.302011463810664,1.2255905876655686,H
18,Raków Częstochowa,GKS Katowice,H,0.5524485828046982,0.2426365720669739,0.2049148451283278,0.5933949127177662,0.5087353411785882,0.2744598846926338,0.21680477412877802,0.675827356048627,H
18,Piast Gliwice,Legia Warszawa,H,0.308538861537009,0.272059009267987,0.419402129195004,1.1759074742443647,0.3773974105504977,0.29718837913378604,0.3254142103157162,0.9744565073576655,H
18,Zagłębie Lubin,Widzew Łódź,H,0.4205374564293561,0.2669070978938049,0.3125554456768389,0.8662217276042783,0.4385621361118772,0.28892070412895265,0.2725171597591702,0.8242537756991978,H
19,Wisła Płock,Raków Częstochowa,H,0.3499071263351467,0.3090496298218424,0.3410432438430109,1.0500875130392535,0.39871790034289273,0.3142610257453852,0.28702107391172205,0.9195011288309176,H
19,Bruk-Bet Termalica Nieciecza,Cracovia,A,0.3474434323785242,0.2584891041298694,0.3940674634916064,0.9312331572058392,0.40005119773650993,0.2872801098737019,0.31266869238978817,1.1626111398064123,H
19,Legia Warszawa,Korona Kielce,A,0.5336274017930203,0.2407518347705166,0.225620763436463,1.4888997270841882,0.49876368323540743,0.27303141549845356,0.22820490126613896,1.4775113638437973,H
19,Motor Lublin,Pogoń Szczecin,H,0.3378637717454355,0.2331576590953386,0.4289785691592259,1.085112506915713,0.39677384248745834,0.2735371602909122,0.32968899722162937,0.9243888268948725,H
19,Zagłębie Lubin,GKS Katowice,A,0.4404103686395879,0.2565798363085679,0.3030097950518441,1.1939901470914949,0.4494831551222306,0.2826705450089243,0.2678462998688451,1.3173419709419412,H
19,Górnik Zabrze,Piast Gliwice,H,0.4914364872755621,0.2678741846227654,0.2406893281016723,0.7104225699715573,0.4757121191722687,0.2885550757183822,0.2357328051093491,0.7429423993658599,H
19,Radomiak Radom,Arka Gdynia,H,0.6195788412872454,0.223181807203772,0.1572393515089826,0.4787153200101742,0.546054102204222,0.2645462514870247,0.18939964630875333,0.605037219860031,H
19,Lech Poznań,Lechia Gdańsk,A,0.5867924981417466,0.2144457913178917,0.1987617105403616,1.6156486062256723,0.5279954363191542,0.2578094112140608,0.21419515246678492,1.5408677520985907,H
19,Widzew Łódź,Jagiellonia Białystok,A,0.3580903677301508,0.2473254400368658,0.3945841922329833,0.92992274642671,0.406645826844195,0.28047189905314984,0.31288227410265523,1.1619282802710365,H
20,Arka Gdynia,Legia Warszawa,D,0.1881029827675,0.2370225665043989,0.574874450728101,1.4395999250617475,0.30357142833330675,0.2901499484889088,0.4062786231777844,1.2373574258781608,A
20,Lechia Gdańsk,Cracovia,D,0.3861561827435464,0.2561331296098941,0.3577106876465594,1.362057932136585,0.4210514201680544,0.28410079343465316,0.2948477863972924,1.258426197325285,H
20,Górnik Zabrze,Lech Poznań,A,0.3766366624634731,0.2638097157323496,0.3595536218041774,1.0228919563257604,0.4154916934603308,0.2887626796860886,0.2957456268535807,1.2182555628649823,H
20,Pogoń Szczecin,Bruk-Bet Termalica Nieciecza,D,0.631959651574701,0.1929084402455265,0.1751319081797726,1.6455396055148162,0.5535084788161712,0.24511813218536044,0.2013733889984683,1.4060150124599202,H
20,Korona Kielce,Zagłębie Lubin,A,0.4779278066446207,0.2626712236076571,0.2594009697477223,1.3493802686807124,0.4687690466279063,0.28562069647809196,0.24561025689400182,1.4040093209834554,H
20,GKS Katowice,Widzew Łódź,H,0.4252596322615157,0.2589788695001756,0.3157614982383087,0.8550553971419611,0.4414527755408254,0.2843768680323346,0.27417035642684007,0.817684228326583,H
20,Raków Częstochowa,Radomiak Radom,D,0.5363084990552203,0.2470006921254543,0.2166908088193255,1.3983641402307403,0.5000045275928472,0.27678930156656095,0.22320617084059183,1.284498706395392,H
20,Jagiellonia Białystok,Motor Lublin,H,0.5820452201496132,0.2052734869056075,0.2126812929447792,0.5412071364174518,0.5258583783968664,0.2518547566786804,0.22228686492445318,0.6427233450882297,H
20,Piast Gliwice,Wisła Płock,H,0.3852293439696556,0.2974713266904728,0.3172993293398716,0.9539164234298642,0.4184482232983699,0.3066229316305775,0.2749288450710527,0.8712021164236793,H
21,Wisła Płock,Widzew Łódź,A,0.4481171684806969,0.277493515027462,0.274389316491841,1.2932073179559922,0.4526071859090133,0.2942158497725778,0.25317696431840897,1.3736665710562197,H
21,Bruk-Bet Termalica Nieciecza,Górnik Zabrze,D,0.3399009152493435,0.2560626824366396,0.4040364023140167,1.36233301120612,0.3960815449681263,0.2863678064481812,0.3175506485836924,1.2504782578668587,H
21,Motor Lublin,Lechia Gdańsk,A,0.4528448559314468,0.2310434621944002,0.3161116818741529,1.15165970418227,0.457499082378888,0.2677262900107062,0.2747746276104058,1.2918040532809136,H
21,Zagłębie Lubin,Raków Częstochowa,D,0.3106014636924118,0.2792837283992702,0.4101148079083178,1.275527066234113,0.37812398301259653,0.3009354857141824,0.3209405312732212,1.2008593703813728,H
21,Radomiak Radom,Korona Kielce,A,0.4116529014080998,0.2603331097833778,0.3280139888085224,1.114699022700957,0.4342493996007706,0.28552344664351537,0.28022715375571405,1.2721547412959169,H
21,Pogoń Szczecin,Arka Gdynia,H,0.6987574313582952,0.183264121376446,0.1179784472652588,0.3584516193517857,0.5931635592162381,0.24191392449150953,0.16492251629225244,0.5222851014612832,H
21,Cracovia,Jagiellonia Białystok,D,0.4126000147778405,0.2496867616479377,0.3377132235742218,1.3875481001305454,0.4353956881351695,0.27951507714111,0.28508923472372044,1.2746990445820832,H
21,GKS Katowice,Legia Warszawa,D,0.3147870469691596,0.2503113257430912,0.434901627287749,1.385049832894143,0.3824956971289697,0.28477465481889347,0.33272964805213695,1.256057096315609,H
21,Lech Poznań,Piast Gliwice,H,0.5641923007963223,0.2426341301162717,0.1931735690874059,0.5723601267386131,0.5150868681807804,0.27473124521545017,0.21018188660376938,0.663419716463426,H
22,Arka Gdynia,GKS Katowice,H,0.2839787183222606,0.2740937519014634,0.4419275297762761,1.2588559791137326,0.3629783145051169,0.30020437879081796,0.3368173067040652,1.013412186157096,H
22,Legia Warszawa,Wisła Płock,H,0.5399836864369489,0.2435122508166033,0.2165040627464479,0.6162163501821037,0.5020497170869537,0.27476456043161895,0.22318572248142737,0.6890561261725289,H
22,Lechia Gdańsk,Zagłębie Lubin,A,0.4766586508127186,0.2444275259189486,0.2789138232683328,1.2768524220475854,0.46891773539135606,0.27516319726540955,0.2559190673432345,1.3628940276768582,H
22,Górnik Zabrze,Pogoń Szczecin,A,0.4162271791738445,0.2484664605302591,0.3353063602958965,1.0927106567191007,0.4373694527776717,0.2787098919891994,0.2839206552331289,1.2590604628375672,H
22,Korona Kielce,Lech Poznań,A,0.3387842072129412,0.2628320195255211,0.3983837732615378,0.9203394838663896,0.39499637869386706,0.2901731325057773,0.31483048880035563,1.1557209157933666,H
22,Raków Częstochowa,Bruk-Bet Termalica Nieciecza,H,0.5929478545491427,0.2276678509571575,0.1793842944936999,0.5226488188439338,0.5310419324000227,0.26634091591831355,0.20261715168166367,0.6329142921197923,H
22,Jagiellonia Białystok,Radomiak Radom,D,0.5466133022376599,0.2196548146667312,0.2337318830956086,1.5156979890795204,0.5064728186154055,0.26037288959281335,0.2331542917917812,1.345640484694287,H
22,Piast Gliwice,Motor Lublin,A,0.4512717436985309,0.2562903317962808,0.2924379245051881,1.229502858746794,0.45514770244071057,0.2823008341577807,0.26255146340150887,1.3373081651125878,H
22,Widzew Łódź,Cracovia,D,0.3825518474422869,0.2761566073918464,0.3412915451658667,1.2867871560993591,0.41795957515958854,0.29527025497080994,0.2867701698696015,1.2198642234776778,H
23,Arka Gdynia,Lechia Gdańsk,D,0.2863282153688222,0.2585699927809349,0.4551017918502429,1.3525888565739104,0.36544921763620397,0.2915291045338517,0.3430216778299442,1.2326154341487374,H
23,Bruk-Bet Termalica Nieciecza,Radomiak Radom,D,0.3987202259689796,0.2485225429394111,0.3527572310916091,1.3922217215059378,0.42819746685483645,0.2793365324372452,0.29246600070791834,1.275338014594442,H
23,Motor Lublin,Korona Kielce,H,0.3922581713867984,0.2518449305639374,0.3558968980492641,0.935835055497265,0.42456629275539554,0.281455209270423,0.2939784979741814,0.8566871187441045,H
23,Zagłębie Lubin,Wisła Płock,H,0.3835309515022068,0.2844117493331261,0.3320572991646672,0.95833495347272,0.4180795316129219,0.2996975810608843,0.2822228873261938,0.8720835975392943,H
23,Pogoń Szczecin,Widzew Łódź,H,0.5364029321159535,0.2317289097799369,0.2318681581041097,0.6228696613032869,0.500563924676377,0.2676412315977435,0.23179484372587958,0.6920199667514519,H
23,Cracovia,Piast Gliwice,A,0.488319720500795,0.271587043041028,0.2400932364581769,1.4267279458385955,0.47397454636117503,0.29065832280947795,0.23536713082934704,1.4466087250465576,H
23,GKS Katowice,Górnik Zabrze,H,0.3712497216420306,0.2652311212713716,0.3635191570865977,0.990880338651285,0.4125149077245579,0.28978745422630325,0.2976976380491389,0.8854829339221111,H
23,Lech Poznań,Raków Częstochowa,H,0.4495972472396903,0.266991954247106,0.2834107985132037,0.7994031031089209,0.4537812726322198,0.28835179101922387,0.25786693634855634,0.7901399753763919,H
23,Jagiellonia Białystok,Legia Warszawa,D,0.4369576915120622,0.2352496676577174,0.3277926408302204,1.4471079132372315,0.44902525187967307,0.27054486883103235,0.2804298792892945,1.307317320768929,H
24,Wisła Płock,Arka Gdynia,A,0.5816813519233758,0.2491897907081001,0.1691288573685239,1.7770943849551286,0.5247502433473541,0.27929863852942327,0.19595111812322252,1.629890048186803,H
24,Legia Warszawa,Cracovia,H,0.4912621583508811,0.2527447278573912,0.2559931137917277,0.7107773662812612,0.47611285254363267,0.2798836062834669,0.24400354117290046,0.7421003676752671,H
24,Lechia Gdańsk,Jagiellonia Białystok,H,0.3678777389891189,0.2298848195138131,0.4022374414970679,1.0000046270219831,0.41331703446913276,0.27000316824299075,0.3166797972878763,0.8835403425646241,H
24,Motor Lublin,Górnik Zabrze,D,0.3614179952679149,0.2501031275869977,0.3884788771450874,1.3858819358309025,0.40823690114586714,0.2818625695892463,0.30990052926488654,1.2663356687157794,H
24,Radomiak Radom,GKS Katowice,A,0.4553135164817612,0.2483992560336719,0.2962872274845667,1.2164259320324915,0.4576632050120984,0.27773760122764407,0.2645991937602574,1.3295390743193123,H
24,Korona Kielce,Bruk-Bet Termalica Nieciecza,H,0.5126387173390928,0.2423703841560736,0.2449908985048335,0.668183936614825,0.4876882915864945,0.2738389804819651,0.23847272793154048,0.7180788239635918,H
24,Raków Częstochowa,Pogoń Szczecin,H,0.4614328131119562,0.2522577714995818,0.2863094153884622,0.7734188193603074,0.4606280280966276,0.27985006586322353,0.25952190604014874,0.7751644421732997,H
24,Piast Gliwice,Zagłębie Lubin,A,0.4319125879932834,0.2778472226757098,0.2902401893310065,1.2370464597298942,0.44405911382562446,0.2946898963286386,0.2612509898457369,1.3422736868270906,H
24,Widzew Łódź,Lech Poznań,H,0.3224485006743524,0.2621556196398577,0.4153958796857899,1.1318118433292346,0.3859464318841725,0.29082388504717993,0.3232296830686476,0.9520566966499385,H
25,Arka Gdynia,Widzew Łódź,D,0.2991520911798911,0.2755167680747426,0.4253311407453662,1.2891067880861695,0.3717709455674729,0.2997543005110456,0.32847475392148145,1.2047921381847846,H
25,Bruk-Bet Termalica Nieciecza,Motor Lublin,A,0.4419203149181125,0.2360399575378864,0.3220397275440008,1.1330803635822613,0.4515272951631588,0.2708828709640805,0.27758983387276076,1.2816106725158896,H
25,Zagłębie Lubin,Lech Poznań,A,0.2911525164014563,0.2584113214721962,0.4504361621263476,0.7975389164667889,0.36829196323912716,0.2910482400550474,0.3406597967058254,1.0768709633154994,H
25,Górnik Zabrze,Raków Częstochowa,H,0.3623179959000824,0.2790452745575187,0.358636729542399,1.0152330110475487,0.40689492903894703,0.29773237212724124,0.2953726988338118,0.899200286477937,H
25,Radomiak Radom,Legia Warszawa,D,0.3413450795436478,0.2538501648531773,0.4048047556031749,1.3710110881771764,0.39703570743554933,0.2850525652094581,0.3179117273549925,1.255081676388897,H
25,Pogoń Szczecin,Korona Kielce,H,0.5147932120354481,0.2368158060769523,0.2483909818875994,0.6639899889814244,0.4890547378819235,0.2705568127394196,0.24038844937865705,0.7152808573630597,H
25,Cracovia,Wisła Płock,A,0.4835765734758385,0.2687939036125935,0.2476295229115682,1.3958215089648844,0.4715411325719392,0.28907553121482227,0.23938333621323857,1.429689094741898,H
25,GKS Katowice,Lechia Gdańsk,H,0.4338951292636555,0.2410835131737647,0.3250213575625797,0.8349524117221577,0.4470373266136775,0.27399492491191163,0.27896774847441086,0.805113183126309,H
25,Jagiellonia Białystok,Piast Gliwice,A,0.5440097699418864,0.2335249380405757,0.2224652920175377,1.5029841804761075,0.5044971102851964,0.26881478686124144,0.22668810285356217,1.4841802025389141,H
26,Jagiellonia Białystok,Wisła Płock,A,0.5466605996038396,0.2299139488286039,0.2234254515675566,1.4986774706020023,0.5060323359306204,0.2666581003126528,0.22730956375672678,1.4814424735282476,H
26,Legia Warszawa,Raków Częstochowa,D,0.4181671576263899,0.267941953628307,0.3138908887453032,1.3169849128696385,0.437264802937214,0.2895582832072363,0.2731769138555497,1.2393986785454998,H
26,Lechia Gdańsk,Pogoń Szczecin,H,0.3734355992773677,0.2347989070530841,0.3917654936695482,0.9850097142363512,0.41586502651081303,0.2725766781610249,0.31155829532816226,0.8773945268708018,H
26,Motor Lublin,Zagłębie Lubin,H,0.4401590950351876,0.2505376435309104,0.3093032614339019,0.8206190377985632,0.4496886192700065,0.2792528586149205,0.271058522115073,0.7991998929083978,H
26,Korona Kielce,Arka Gdynia,H,0.5696147205856792,0.2416210597522207,0.1887642196621,0.5627950754934562,0.5180571803939553,0.2742617152993261,0.20768110430671857,0.6576696559539176,H
26,Cracovia,GKS Katowice,H,0.4914532377920451,0.2551826943500541,0.2533640678579008,0.7103884857481548,0.4761184730511982,0.2812892933841352,0.24259223356466666,0.7420885627547305,H
26,Lech Poznań,Bruk-Bet Termalica Nieciecza,H,0.6427092217326639,0.196695002546995,0.1605957757203412,0.4420628782829643,0.5594707823436623,0.2481044969407167,0.19242472071562097,0.5807639736059427,H
26,Piast Gliwice,Radomiak Radom,H,0.41770963705868,0.2725930208152182,0.3096973421261019,0.8729687360221964,0.4367996121526582,0.2921374706925398,0.27106291715480185,0.828280742480732,H
26,Widzew Łódź,Górnik Zabrze,D,0.3907737276814772,0.2752387449060208,0.3339875274125019,1.290116394656726,0.4224000202533243,0.29445140767815886,0.283148572068517,1.2226412888994398,H
27,Arka Gdynia,Zagłębie Lubin,H,0.3264878224858074,0.2779373386097554,0.3955748389044373,1.1193626280950275,0.3871970134844754,0.299141897573925,0.3136610889415997,0.9488216367177377,H
27,Bruk-Bet Termalica Nieciecza,Piast Gliwice,H,0.3809439032407004,0.2622041009775562,0.3568519957817432,0.9651031502843724,0.41789249782748356,0.287690104541373,0.2944173976311435,0.8725310617653026,H
27,Lechia Gdańsk,Korona Kielce,H,0.4427442162075967,0.245799760216352,0.3114560235760513,0.8147630657413995,0.4513115238974439,0.2764922541374637,0.27219622196509236,0.7955974375816751,H
27,Górnik Zabrze,Cracovia,H,0.4248942971446771,0.2756324410798877,0.2994732617754352,0.855914853592588,0.4404504441782322,0.2936271710324491,0.26592238478931873,0.8199573389622429,H
27,Radomiak Radom,Motor Lublin,D,0.4779304448571118,0.2392555958734127,0.2828139592694754,1.430222859692032,0.4698596249577249,0.2721410124493908,0.2579993625928842,1.301434918900811,H
27,Pogoń Szczecin,Legia Warszawa,A,0.4285866773508414,0.2420965051715193,0.3293168174776391,1.1107350205192954,0.44422001656387283,0.2747172294887567,0.28106275394737035,1.2691773109252846,H
27,GKS Katowice,Wisła Płock,H,0.4473271912137748,0.2608526337666322,0.2918201750195929,0.8044649807335068,0.4528706221801032,0.28494498235686033,0.2621843954630365,0.7921487965426209,H
27,Raków Częstochowa,Widzew Łódź,D,0.5291978158546607,0.2593540016547045,0.2114481824906345,1.3495613487502454,0.4959634421228994,0.2839691715046037,0.22006738637249704,1.2588895977531493,H
27,Jagiellonia Białystok,Lech Poznań,D,0.3985913603256751,0.2390946196143687,0.3623140200599563,1.4308959074294796,0.4288097105816404,0.27397475258238313,0.29721553683597657,1.2947193206994887,H
28,Wisła Płock,Lechia Gdańsk,H,0.4158004388960273,0.2520401313419491,0.3321594297620237,0.8775498480127804,0.4369182402756756,0.2807444326744572,0.28233732704986725,0.8280091945813348,H
28,Legia Warszawa,Górnik Zabrze,D,0.4989501140313357,0.2499380824768922,0.2511118034917721,1.386542061887624,0.48023654823315426,0.2782478851490431,0.24151556661780266,1.2792428893978898,H
28,Motor Lublin,Raków Częstochowa,D,0.2978093197309933,0.2561672308482698,0.4460234494207368,1.3619248022734884,0.3723324789249635,0.2892816534696521,0.3383858676053844,1.2403544859841928,H
28,Zagłębie Lubin,Radomiak Radom,H,0.4023783931615896,0.2658066884867271,0.3318149183516834,0.910362356564699,0.4290575827272195,0.2888628084677675,0.282079608805013,0.8461641435901786,H
28,Korona Kielce,Jagiellonia Białystok,D,0.3821739431115783,0.2456024141807306,0.3722236427076909,1.404041253031359,0.4196669575969301,0.2783499952907957,0.3019830471122742,1.2788759812709043,H
28,Cracovia,Arka Gdynia,D,0.5964460630862194,0.2337707138921838,0.1697832230215967,1.4534144991579343,0.5329582363168385,0.2703023953578525,0.19673936832530908,1.3082139638897503,H
28,Lech Poznań,GKS Katowice,D,0.5933130307728697,0.2180936798269553,0.1885932894001748,1.522830584521094,0.5314214970618937,0.26030259730724997,0.20827590563085632,1.3459104889013564,H
28,Piast Gliwice,Pogoń Szczecin,A,0.3671508682259033,0.2605945776315658,0.372254554142531,0.988177373396062,0.41060262676656345,0.287423283373951,0.30197408985948554,1.1974140604551498,H
28,Widzew Łódź,Bruk-Bet Termalica Nieciecza,H,0.5153989361603891,0.2413747848766073,0.2432262789630035,0.6628140448707968,0.4891708025769864,0.2732612101766786,0.23756798724633485,0.71504356097116,H
29,Arka Gdynia,Jagiellonia Białystok,A,0.2477664561762829,0.2372443470896878,0.5149891967340291,0.6636093557539032,0.343736289632641,0.28306375563504266,0.37319995473231626,0.985640931305,A
29,Bruk-Bet Termalica Nieciecza,Wisła Płock,A,0.3857178809945795,0.2570416677150386,0.357240451290382,1.0293461908977892,0.4207597952529772,0.28462537101921026,0.2946148337278125,1.2220864241241083,H
29,Legia Warszawa,Zagłębie Lubin,H,0.5900029842565226,0.227318845646419,0.1826781700970582,0.5276276840332611,0.5294206864426336,0.2660245757828743,0.20455473777449212,0.6359719146925739,H
29,Lechia Gdańsk,Piast Gliwice,D,0.4606696109326547,0.2498112879922057,0.2895191010751397,1.3870494941922935,0.4603594292450661,0.2784617471270693,0.2611788236278646,1.278474582272784,H
29,Górnik Zabrze,Korona Kielce,H,0.4622739294663704,0.2602751384215418,0.2774509321120876,0.7715976426856782,0.4606878352094877,0.2843975532685736,0.25491461152193867,0.7750346124041053,H
29,Radomiak Radom,Widzew Łódź,H,0.4203467061051962,0.2682540320349363,0.3113992618598675,0.8666754175081453,0.4383950765915917,0.28967189624616313,0.2719330271622451,0.8246347738137839,H
29,Pogoń Szczecin,Lech Poznań,A,0.3937771042575592,0.2430716069897802,0.3631512887526605,1.0129357581198986,0.4259839433289776,0.2764333234898588,0.2975827331811637,1.212062997931023,H
29,GKS Katowice,Motor Lublin,H,0.4886764282556057,0.2371814634620944,0.2741421082822999,0.7160547094367159,0.47551667965974126,0.2708319059002497,0.25365141444000894,0.7433533194631435,H
29,Raków Częstochowa,Cracovia,H,0.4954080502682029,0.2665501807692279,0.2380417689625689,0.7023735120221644,0.4778436568827006,0.28780997467821134,0.23434636843908807,0.7384716776434965,H
30,Wisła Płock,Radomiak Radom,A,0.41895214860258,0.2673574834598215,0.3136903679375983,1.1593488689505649,0.4377066908763307,0.28921317982147665,0.2730801293021926,1.2979900129365178,H
30,Lechia Gdańsk,Raków Częstochowa,A,0.3462086721381365,0.2533687894859449,0.4004225383759185,0.9152349434751283,0.3997380038103258,0.2845047277844274,0.3157572684052467,1.1527814985224298,H
30,Zagłębie Lubin,Bruk-Bet Termalica Nieciecza,A,0.4719400699161071,0.2472751323362579,0.2807847977476351,1.270166747371427,0.4663276951809755,0.27685918896828626,0.25681311585073824,1.359406634285455,H
30,Korona Kielce,GKS Katowice,D,0.4579344819787541,0.2516683292492612,0.2903971887719846,1.3796432121345883,0.4588441155337737,0.27956471684187145,0.2615911676243548,1.274521468137983,H
30,Cracovia,Pogoń Szczecin,D,0.4233400042818303,0.2523444738408515,0.3243155218773179,1.3769601652236343,0.44083469274643966,0.2806960507948751,0.2784692564586853,1.270482864844461,H
30,Lech Poznań,Legia Warszawa,H,0.4718445793823029,0.2473009973691292,0.2808544232485675,0.7511056285911613,0.46627692952890953,0.27687516153036756,0.2568479089407229,0.7629755519892686,H
30,Jagiellonia Białystok,Górnik Zabrze,A,0.4756605823674453,0.2411504799254527,0.2831889377071023,1.2616409796942096,0.46858145589629924,0.2732699629829827,0.2581485811207181,1.3542199640081398,H
30,Piast Gliwice,Arka Gdynia,H,0.540029999027014,0.2534175542638591,0.2065524467091269,0.61613058721314,0.5018692212603766,0.2806598806346104,0.21747089810501308,0.6894157086480205,H
30,Widzew Łódź,Motor Lublin,H,0.4835989453441348,0.2486355313550873,0.2677655233007779,0.7264993410872712,0.47230298135435306,0.2775430576726154,0.25015396097303155,0.750134589683404,H
31,Arka Gdynia,Górnik Zabrze,D,0.2779148508368741,0.2651617032059818,0.4569234459571439,1.3274154383154189,0.35998322434029684,0.29586782094741404,0.3441489547122891,1.2178424752449317,H
31,Legia Warszawa,Widzew Łódź,H,0.5373338367139167,0.2467328778709969,0.2159332854150863,0.621135707771612,0.500557125449123,0.27664526726712135,0.22279760728375575,0.6920335499784818,H
31,Motor Lublin,Lech Poznań,A,0.2671350127962116,0.2337083009599994,0.499156686243789,0.6948352320298994,0.3560143736660165,0.2791580405498801,0.3648275857841035,1.0083304047152053,A
31,Zagłębie Lubin,Cracovia,D,0.3417362390787052,0.2811468203058995,0.3771169406153951,1.2688782539080956,0.3955026687412502,0.29994618990591587,0.304551141352834,1.204152187394397,H
31,Radomiak Radom,Lechia Gdańsk,H,0.4384487784290269,0.2398344500379805,0.3217167715329926,0.8245122848730337,0.4494755107323568,0.27316203303321085,0.2773624562344323,0.7996739076839635,H
31,Pogoń Szczecin,Wisła Płock,H,0.5254261295296381,0.2381811428334148,0.2363927276369469,0.6435456703262165,0.4945455079386503,0.27142144281903136,0.2340330492423183,0.7041161039663425,H
31,Korona Kielce,Piast Gliwice,D,0.4405838640826953,0.2683521793360519,0.2910639565812528,1.3154550591474397,0.44900503483850196,0.28926589908983025,0.26172906607166774,1.2404089478162619,H
31,GKS Katowice,Bruk-Bet Termalica Nieciecza,H,0.5215561378851975,0.2280757617830491,0.2503681003317533,0.6509383633833459,0.4930002088906656,0.26534475542120234,0.24165503568813193,0.7072456812262191,H
31,Raków Częstochowa,Jagiellonia Białystok,A,0.496877753467006,0.2403185357651207,0.2628037107678732,1.3363478723500863,0.47958874672014445,0.27263234527757213,0.24777890800228344,1.395218430430402,H
32,Wisła Płock,Motor Lublin,A,0.4633051933816198,0.253836299855275,0.2828585067631049,1.2628084824707295,0.46152126501388696,0.2807259252189377,0.25775280976717524,1.355754255010924,H
32,Bruk-Bet Termalica Nieciecza,Legia Warszawa,A,0.2838254112436608,0.238189015807361,0.4779855729489779,0.7381747290612792,0.3656081972214503,0.2802797861352902,0.35411201664325953,1.0381419847065063,H
32,Górnik Zabrze,Zagłębie Lubin,A,0.5171723471569721,0.2571150623523556,0.2257125904906722,1.4884928125290051,0.4895931096364171,0.2825078263507085,0.22789906401287444,1.4788524497469426,H
32,Cracovia,Radomiak Radom,D,0.477822509784145,0.2593519511677644,0.2628255390480905,1.349569254913377,0.46883772937659074,0.283732008111712,0.24743026251169736,1.2597251197326842,H
32,Lech Poznań,Arka Gdynia,D,0.7010637730715956,0.1822176471250865,0.1167185798033178,1.7025534430556832,0.5946098222502516,0.2413195082875602,0.1640706694621882,1.4216334630067116,H
32,Raków Częstochowa,Korona Kielce,H,0.5402247218828843,0.2435993763016618,0.216175901815454,0.6157700743559219,0.5021756751582714,0.27482028979355405,0.2230040350481745,0.6888052699943223,H
32,Jagiellonia Białystok,Pogoń Szczecin,H,0.4601919816025945,0.2248738161299907,0.3149342022674144,0.776111525255842,0.46171801774338467,0.26394076456890797,0.2743412176877074,0.7728009254453156,H
32,Piast Gliwice,GKS Katowice,D,0.4407973131559824,0.2626312899118768,0.2965713969321408,1.337004169939559,0.4493787222813624,0.28606594967893073,0.26455532803970694,1.2515329014618546,H
32,Widzew Łódź,Lechia Gdańsk,H,0.4205833843434066,0.2533971567989425,0.3260194588576507,0.866112521145777,0.439332836325926,0.2813680366778324,0.2792991269962416,0.8224979838647786,H
33,Arka Gdynia,Bruk-Bet Termalica Nieciecza,A,0.3848847400367584,0.2554241717888268,0.3596910881744147,1.0225097043049831,0.4204226841339857,0.28375757284770003,0.29581974301831426,1.2180049864489306,H
33,Wisła Płock,Górnik Zabrze,A,0.3662047169863404,0.278934158014152,0.3548611249995077,1.0360287632287866,0.40900939526203595,0.2974874679896198,0.29350313674834416,1.2258669523832109,H
33,Lechia Gdańsk,Legia Warszawa,A,0.3619574672992446,0.2426011345926427,0.3954413981081128,0.9277526744138366,0.4090941436818225,0.2776003595651772,0.3133054967530003,1.160576536482716,H
33,Motor Lublin,Cracovia,D,0.3589243878512529,0.2593653866838838,0.3817102254648631,1.3495174520714743,0.4062411575808153,0.287150924565868,0.3066079178533167,1.2477473318759773,H
33,Zagłębie Lubin,Pogoń Szczecin,A,0.3360860215531716,0.2540108253127743,0.4099031531340538,0.8918343590543624,0.39412508057516865,0.2854549465590682,0.3204199728657631,1.1381227284469158,H
33,Radomiak Radom,Lech Poznań,A,0.2952385432255181,0.2518796265886254,0.4528818301858565,0.792124048045999,0.3711682318922778,0.28709534602973324,0.3417364220779889,1.0737155347365201,H
33,Korona Kielce,Widzew Łódź,H,0.4467758918784895,0.2669259898781938,0.2862981182433166,0.805698170542549,0.45230798008618617,0.28836037969595213,0.25933164021786176,0.7933919593062342,H
33,GKS Katowice,Jagiellonia Białystok,D,0.3929014691532093,0.2387361168783377,0.3683624139684528,1.4323964505127074,0.4258491628947191,0.2739910498762978,0.3001597872289832,1.2946598378126137,H
33,Piast Gliwice,Raków Częstochowa,A,0.3280670376037218,0.2803637095556656,0.3915692528406125,0.9375928881586064,0.3879398479685132,0.3003453136020383,0.3117148384294485,1.1656664884992878,H
34,Bruk-Bet Termalica Nieciecza,Lechia Gdańsk,H,0.3763625334534085,0.2324818916355583,0.3911555749110331,0.9772024154032448,0.4176141047029032,0.271103144766909,0.31128275053018784,0.8731974673545343,H
34,Legia Warszawa,Motor Lublin,H,0.6090751100422543,0.208820011655974,0.1821048783017717,0.4958136854744623,0.5403169002688069,0.25484099071010347,0.2048421090210898,0.6155994592046746,H
34,Górnik Zabrze,Radomiak Radom,H,0.4890055516744541,0.2550942985416679,0.2559001497838779,0.7153814364542181,0.4748428335429991,0.2812438542339365,0.2439133122230644,0.7447714064508668,H
34,Pogoń Szczecin,GKS Katowice,D,0.5290053162604614,0.2262749040415388,0.2447197796979997,1.486004629347928,0.49695978223547055,0.26428622877638547,0.23875398898814396,1.3307225632455162,H
34,Cracovia,Korona Kielce,D,0.4584074994674262,0.2638185323946102,0.2777739681379634,1.3324937894810505,0.45851936440689955,0.2864459774491089,0.2550346581439915,1.2502053209941422,H
34,Lech Poznań,Wisła Płock,D,0.6063411429544574,0.2244696550279165,0.1691892020176262,1.4940147478492107,0.5385370888098094,0.2648055261822512,0.19665738500793933,1.3287595858687238,H
34,Raków Częstochowa,Arka Gdynia,H,0.6383402631800679,0.2137526654290295,0.1479070713909024,0.4488838099376637,0.5568575988280531,0.25930289076294044,0.18383951040900656,0.585445729141041,H
34,Jagiellonia Białystok,Zagłębie Lubin,H,0.5715793862629427,0.2216803323157609,0.2067402814212963,0.5593518967976023,0.5195697548031718,0.26201231362646915,0.21841793157035908,0.6547542044957925,H
34,Widzew Łódź,Piast Gliwice,H,0.4092858554717397,0.2828851022668664,0.3078290422613937,0.8933414539315396,0.4318922422584448,0.2979992193887649,0.2701085383527903,0.8395791610697254,H
