kolejka,gospodarz,gosc,gole_gosp,gole_gosc,wynik_1x2,lambda_home,lambda_away,p_home,p_draw,p_away,log_loss
1,Jagiellonia Białystok,Bruk-Bet Termalica Nieciecza,0,4,A,2.1568516652842513,0.8374992460222389,0.6762226475710624,0.19056493297834945,0.13321241945058793,2.0158102861038167
1,Lech Poznań,Cracovia,1,4,A,1.627388705692587,0.963384982017543,0.5292005125154158,0.24741610121599641,0.22338338626858795,1.4988657627552942
1,Widzew Łódź,Zagłębie Lubin,1,0,H,1.4337006259521992,1.0561638456435485,0.45716335849988193,0.2648168221702087,0.27801981932990955,0.7827144935367247
1,Wisła Płock,Korona Kielce,2,0,H,1.0556340298995068,1.098772805880533,0.3415951168612443,0.29490353074568804,0.3635013523930678,1.074129112072576
1,GKS Katowice,Raków Częstochowa,0,1,A,1.0897057893495676,1.254810505622335,0.3199676662243033,0.2792647415726876,0.400767592203009,0.9143735902575719
1,Górnik Zabrze,Lechia Gdańsk,2,1,H,1.7385326761212663,1.0600171000348229,0.5326798742209876,0.23673677124077558,0.23058335453823664,0.6298346464731219
1,Motor Lublin,Arka Gdynia,1,0,H,1.6876719419869959,0.9673600271239662,0.5429524823016112,0.24132879682181196,0.21571872087657668,0.6107334724508477
1,Legia Warszawa,Piast Gliwice,0,1,A,1.6213446878005147,0.9534752416652998,0.5301466768196751,0.24804566623611662,0.22180765694420826,1.5059446828213015
1,Radomiak Radom,Pogoń Szczecin,5,1,H,1.214228904568216,1.4741452642606259,0.31201756172331246,0.25628745211626375,0.4316949861604237,1.1646958051820213
2,Arka Gdynia,Radomiak Radom,1,1,D,1.131670425021139,1.1117529768169776,0.36101397744862335,0.28791594323545855,0.35107007931591816,1.245086705212478
2,Lechia Gdańsk,Lech Poznań,3,4,A,1.199504467595001,1.6022047924837302,0.28582836994816163,0.24695562863994414,0.4672160014118942,0.7609635984572476
2,Pogoń Szczecin,Motor Lublin,4,1,H,1.9435687572044382,1.0909812917352415,0.5720120624025522,0.2187256250570302,0.2092623125404176,0.5585951997083404
2,Korona Kielce,Legia Warszawa,0,2,A,1.22833821324775,1.4174264839566195,0.3261688851696434,0.2598694238457541,0.4139616909846025,0.8819818432919609
2,Cracovia,Bruk-Bet Termalica Nieciecza,2,0,H,1.3442719964695313,1.0337685854054919,0.43832581172598034,0.27391763845258094,0.2877565498214388,0.8247927827461099
2,GKS Katowice,Zagłębie Lubin,2,2,D,1.5649876585150353,1.1092941284405298,0.47863277791487063,0.2518119644378979,0.2695552576472315,1.3790726428617317
2,Raków Częstochowa,Wisła Płock,1,2,A,1.303127826200783,0.7368325471849914,0.5007008196853033,0.2882595531512684,0.21103962716342836,1.5557093566777505
2,Jagiellonia Białystok,Widzew Łódź,3,2,H,2.0498333757389613,0.9925296463021515,0.617889603870714,0.20691413068689848,0.17519626544238742,0.48144547199489907
2,Piast Gliwice,Górnik Zabrze,0,1,A,1.1546697044660152,0.9866172712894008,0.39538719568991737,0.2946757118246268,0.30993709248545565,1.1713859295617814
3,Wisła Płock,Piast Gliwice,2,0,H,1.238817052688005,0.8840707067417409,0.44442789084778817,0.29133507472608866,0.26423703442612334,0.8109674625024397
3,Bruk-Bet Termalica Nieciecza,Pogoń Szczecin,1,1,D,1.1268113133327735,1.407629808507318,0.30135160201628747,0.2646964996992626,0.4339518982844498,1.3291713934887148
3,Legia Warszawa,Arka Gdynia,0,0,D,1.9034689694653417,0.8062978473746916,0.632575356510857,0.21525733455538398,0.15216730893375924,1.5359210616653498
3,Motor Lublin,Jagiellonia Białystok,1,1,D,1.5471185810082213,1.7530417059350833,0.34218020219305995,0.22902119228948906,0.4287986055174511,1.4739407369608528
3,Zagłębie Lubin,Korona Kielce,1,1,D,1.2215919920796576,1.0866786964544528,0.39211577192954755,0.28226044444526616,0.3256237836251863,1.2649250724022272
3,Radomiak Radom,Raków Częstochowa,3,1,H,1.0081240651246055,1.2364638006234892,0.3004497499640711,0.2853979803880821,0.41415226964784657,1.2024747604073356
3,Cracovia,Lechia Gdańsk,2,2,D,1.8322745235000786,1.1308049855840585,0.5377977352262694,0.22870572060080915,0.23349654417292154,1.475319164707822
3,Lech Poznań,Górnik Zabrze,2,1,H,1.5727669280870067,0.951625299260893,0.5184332053970995,0.253066467490629,0.22850032711227147,0.6569440823744697
3,Widzew Łódź,GKS Katowice,3,0,H,1.4748826326450664,1.172902612250968,0.4410994287396609,0.25763560631311544,0.30126496494722377,0.818484966953331
4,Arka Gdynia,Pogoń Szczecin,2,1,H,0.9145120951173293,1.451690599642234,0.23740157791291172,0.26639273123326357,0.4962056908538245,1.438002150186233
4,Legia Warszawa,GKS Katowice,3,1,H,2.1127074633536123,1.0980189402642817,0.6061328153507353,0.20436079912459865,0.18950638552466614,0.500656149681017
4,Lechia Gdańsk,Motor Lublin,3,3,D,1.6184967692920986,1.6360446836819154,0.3802581685421761,0.23204416190620164,0.3876976695516225,1.4608275723866964
4,Górnik Zabrze,Bruk-Bet Termalica Nieciecza,0,1,A,1.379795519169602,1.0032147411998844,0.4552294231202826,0.2716202024697418,0.2731503744099757,1.2977328134293757
4,Korona Kielce,Radomiak Radom,3,0,H,1.3265336552514513,1.0793780753862574,0.4229296810655772,0.27358383248492424,0.3034864864494984,0.860549352370686
4,Raków Częstochowa,Zagłębie Lubin,0,1,A,1.5861455033371596,0.768249534670157,0.5685746681693968,0.25105735561988285,0.18036797621072026,1.7127562025729874
4,Jagiellonia Białystok,Cracovia,5,2,H,1.8553441457745674,1.1780854652758928,0.5321109533516232,0.22696250167910137,0.24092654496927546,0.6309032524542607
4,Piast Gliwice,Lech Poznań,1,0,H,0.9751503100905606,1.0786862924244207,0.3216739529964595,0.3030411635987063,0.3752848834048341,1.1342168147653442
4,Widzew Łódź,Wisła Płock,1,1,D,1.1421083894019017,1.2106556677195937,0.34339085571747807,0.27968841815797507,0.3769207261245468,1.274079087718887
5,Wisła Płock,Legia Warszawa,1,0,H,1.3509310056498154,1.2715520408640733,0.387348543226122,0.26234702391671016,0.35030443285716784,0.9484303627835785
5,Bruk-Bet Termalica Nieciecza,Raków Częstochowa,2,3,A,0.990619361416751,1.1334161955165791,0.3153106614962567,0.29649756435456553,0.38819177414917777,0.9462557981956435
5,Motor Lublin,Piast Gliwice,0,0,D,1.3192938814324133,1.1079418021716678,0.41447638783249835,0.2728757266344052,0.31264788553309664,1.2987388012318175
5,Zagłębie Lubin,Lechia Gdańsk,6,2,H,1.6153580068932556,1.2650356189469292,0.4558121113720956,0.24450595926024576,0.2996819293676586,0.7856745908428027
5,Radomiak Radom,Jagiellonia Białystok,1,2,A,1.429685252134162,1.6627800978941238,0.33097237433096305,0.2371359558635935,0.43189166980544347,0.8395804865239122
5,Pogoń Szczecin,Górnik Zabrze,0,3,A,1.649681986981211,1.0264161468643114,0.5193380860842866,0.2450540172706532,0.23560789664506013,1.4455863105972075
5,Cracovia,Widzew Łódź,1,0,H,1.5427387524491003,1.0174180118781628,0.49475107427993714,0.25538974067594694,0.24985918504411583,0.7037005231426741
5,GKS Katowice,Arka Gdynia,4,1,H,1.4932933316430876,0.8690352225480694,0.5186443234294242,0.2623161792843066,0.219039497286269,0.6565369420607075
5,Lech Poznań,Korona Kielce,1,1,D,1.6238773826449868,0.8512485073494656,0.5564605245419225,0.24741865071379107,0.19612082474428655,1.3966734349864947
6,Wisła Płock,Zagłębie Lubin,2,1,H,1.433021494756018,0.934436116318021,0.48627870278699303,0.2680297754203483,0.24569152179265877,0.7209733569237641
6,Legia Warszawa,Jagiellonia Białystok,0,0,D,1.8496157530422748,1.4625847938513734,0.46820132630806727,0.22549133901235732,0.3063073346795756,1.4894735287044694
6,Lechia Gdańsk,Arka Gdynia,1,0,H,1.7124972364625144,0.9606851751195506,0.5505529295460795,0.2387923491346431,0.21065472131927765,0.5968321793104031
6,Górnik Zabrze,GKS Katowice,3,0,H,1.6271960764290994,1.0682212192515494,0.5038077473644282,0.2468631675961166,0.24932908503945508,0.6855605373247231
6,Radomiak Radom,Bruk-Bet Termalica Nieciecza,1,1,D,1.4840687265536467,1.067440427255497,0.4677283844367289,0.2599039251059412,0.27236769045733,1.3474432350788161
6,Korona Kielce,Motor Lublin,2,0,H,1.4779376438791838,1.157832770328211,0.44528738352515596,0.2578761034744856,0.2968365130003585,0.8090353995841362
6,Raków Częstochowa,Lech Poznań,2,2,D,1.2248350710480695,1.062728317843533,0.3983845289571317,0.2834023238158108,0.3182131472270575,1.2608877519856716
6,Piast Gliwice,Cracovia,0,0,D,1.177136619147811,1.0122277992394666,0.3961160107510346,0.29084723977533833,0.31303674947362714,1.2349570988703702
6,Widzew Łódź,Pogoń Szczecin,1,2,A,1.19091438561735,1.395036006554177,0.3205984816770749,0.26310379833411407,0.41629771998881104,0.8763546016426836
7,Arka Gdynia,Wisła Płock,1,0,H,0.7798475283721832,1.22002748078076,0.23670884321093708,0.2982007364178764,0.46509042037118653,1.4409244027420967
7,Bruk-Bet Termalica Nieciecza,Korona Kielce,1,3,A,1.2211673659183997,1.1011749829569517,0.38878903033062506,0.2814174362087826,0.32979353346059237,1.1092884765061373
7,Zagłębie Lubin,Piast Gliwice,2,2,D,1.1061468065488325,1.0159499512766723,0.37440218913792855,0.29727501368977544,0.32832279717229607,1.2130975966076154
7,Górnik Zabrze,Motor Lublin,0,1,A,1.6689025158650164,1.1333470073648502,0.49871459036863147,0.24256257719648935,0.25872283243487904,1.3519979353357205
7,Pogoń Szczecin,Raków Częstochowa,2,0,H,1.3531659363391144,1.090295246663396,0.4276851502930991,0.27078128234809756,0.30153356735880354,0.8493679842652833
7,Cracovia,Legia Warszawa,2,1,H,1.3666907144022309,1.4030248063489783,0.36454615332094154,0.25435048604411553,0.38110336063494266,1.0091021146412418
7,GKS Katowice,Radomiak Radom,3,2,H,1.5303596427146273,1.2789947517656477,0.431734350292522,0.2500729742081541,0.31819267549932395,0.8399448097633712
7,Lech Poznań,Widzew Łódź,2,1,H,1.6611336181455867,0.8969651778057507,0.5540173343967553,0.24366285409307697,0.20231981151016765,0.5905593031995312
7,Jagiellonia Białystok,Lechia Gdańsk,2,0,H,2.449776341147598,1.167459993196953,0.6551211324403805,0.17958943367790536,0.16528943388171413,0.42293512542177686
8,Wisła Płock,Cracovia,0,0,D,1.3142740855607111,0.9817859565617765,0.4422994436108585,0.2789470582881933,0.2787534981009481,1.2767332704060252
8,Legia Warszawa,Radomiak Radom,4,1,H,1.9589346762476663,0.9896517809530004,0.5993967672510692,0.215281988116262,0.1853212446326687,0.511831517422311
8,Lechia Gdańsk,GKS Katowice,2,0,H,1.6165132683720664,1.4529382618970437,0.41606251192199384,0.23900829500757534,0.3449291930704309,0.8769197609668811
8,Motor Lublin,Bruk-Bet Termalica Nieciecza,1,1,D,1.7584316812640681,1.1047495211569067,0.5267815737392423,0.235000250933739,0.2382181753270188,1.4481686970354035
8,Korona Kielce,Pogoń Szczecin,1,0,H,1.2165176054299573,1.3007898863560214,0.3456508432439946,0.2686643265225436,0.385684830233462,1.0623261370046746
8,Lech Poznań,Zagłębie Lubin,1,2,A,1.815502043903203,0.9507244034171687,0.5770574188339282,0.228341280362238,0.19460130080383375,1.6368024247518862
8,Raków Częstochowa,Górnik Zabrze,0,1,A,1.376964394044251,0.882963496036977,0.48384899401377984,0.27542887764683643,0.24072212833938364,1.4241120051433367
8,Piast Gliwice,Jagiellonia Białystok,1,1,D,1.2186058721514712,1.3141514706913986,0.34355717391712176,0.26762061285086847,0.38882221323200983,1.318184925103924
8,Widzew Łódź,Arka Gdynia,2,0,H,1.4788950406801138,0.7028206902554222,0.5583889281052031,0.2643795501438557,0.17723152175094126,0.5826995556223777
9,Arka Gdynia,Korona Kielce,0,0,D,0.8811765665784642,1.289679195057521,0.2546318664260144,0.28555464179110024,0.45981349178288544,1.2533218783875564
9,Bruk-Bet Termalica Nieciecza,Lech Poznań,0,2,A,1.1170232984565183,1.5190802225814455,0.2792099982100832,0.2555982112106793,0.46519179057923743,0.7653055055715047
9,Zagłębie Lubin,Motor Lublin,2,2,D,1.5377878107533143,1.2898007743508713,0.4312457983206121,0.24921225807777045,0.31954194360161736,1.3894503035604335
9,Górnik Zabrze,Widzew Łódź,3,2,H,1.4338055410918178,0.9735340000521469,0.47691926665078543,0.2670562142460926,0.2560245191031221,0.7404080547230165
9,Radomiak Radom,Piast Gliwice,1,0,H,1.209057138299312,1.0177157495705367,0.4040933561551692,0.28748198798716934,0.30842465585766177,0.9061093481237605
9,Pogoń Szczecin,Lechia Gdańsk,3,4,A,2.1003685046975233,1.092557646037945,0.6048677246556087,0.20526400716315055,0.1898682681812408,1.6614247726447218
9,GKS Katowice,Cracovia,0,3,A,1.3634653334770055,1.3068458266246417,0.3832478907652521,0.25972205042591073,0.3570300588088371,1.029935302402898
9,Raków Częstochowa,Legia Warszawa,1,1,D,1.3289725568622823,1.1481346436585596,0.4081325783795976,0.27014718454726183,0.3217202370731406,1.3087883405592078
9,Wisła Płock,Jagiellonia Białystok,0,1,A,1.2988649748229262,1.2125265670613263,0.3860180324088859,0.26902070633463404,0.3449612612564802,1.064323154468447
10,Wisła Płock,GKS Katowice,1,1,D,1.462303643139479,0.9585274794446883,0.48815251444635094,0.2644477494209823,0.24739973613266686,1.3301115919204958
10,Legia Warszawa,Pogoń Szczecin,1,0,H,1.7973217255045275,1.2538267226583566,0.5016078250911119,0.23132880087827346,0.26706337403061464,0.6899366895237216
10,Motor Lublin,Radomiak Radom,2,2,D,1.6087100816397908,1.271919403375586,0.45266866426126506,0.24481243265359887,0.3025189030851359,1.4072629426499257
10,Zagłębie Lubin,Arka Gdynia,4,0,H,1.5481415399940646,0.7523794920024366,0.5631358272315076,0.25565060412809715,0.18121356864039567,0.5742344237561898
10,Korona Kielce,Lechia Gdańsk,3,0,H,1.64524710849703,1.1677774419760465,0.4850080740519971,0.24409804240476765,0.27089388354323507,0.7235897406533316
10,Cracovia,Górnik Zabrze,1,1,D,1.3549015867851795,1.1014686401449119,0.4256087080135853,0.27015575375012996,0.30423553823628446,1.308756620565621
10,Lech Poznań,Jagiellonia Białystok,2,2,D,1.7068575797757644,1.3017776827005874,0.4697557686862654,0.23728443429785046,0.29295979701588404,1.4384957127283176
10,Piast Gliwice,Bruk-Bet Termalica Nieciecza,4,2,H,1.3235327826361771,0.8840397275455253,0.46870056486464545,0.28154078851276587,0.24975864662258862,0.7577911688810741
10,Widzew Łódź,Raków Częstochowa,0,1,A,1.0470184676241783,1.1800599024457161,0.3225358056667961,0.28835447619880883,0.38910971813439515,0.9438939233734399
11,Arka Gdynia,Cracovia,2,1,H,0.8284461559033821,1.3306917577346415,0.23291819753028517,0.28234367921853215,0.4847381232511825,1.4570679706217065
11,Bruk-Bet Termalica Nieciecza,Widzew Łódź,2,4,A,1.379893551080645,1.2371448798436868,0.4022609105051869,0.26211608337366116,0.335623006121152,1.0917667545302427
11,Lechia Gdańsk,Wisła Płock,1,1,D,1.256850640700852,1.236609708814197,0.3696061367983895,0.2704458659832086,0.35994799721840187,1.3076833264786683
11,Górnik Zabrze,Legia Warszawa,3,1,H,1.3157252070995202,1.3561088030475599,0.36080388509896705,0.2596959313770855,0.3795001835239473,1.0194207228389849
11,Radomiak Radom,Zagłębie Lubin,3,1,H,1.4876142235871535,1.1445868078780528,0.45078979188725316,0.2574935641781672,0.29171664393457974,0.7967541415111189
11,Pogoń Szczecin,Piast Gliwice,2,1,H,1.5517526097318775,0.9319111238897897,0.5179756373090334,0.2553973931000943,0.22662696959087242,0.6578270700506469
11,GKS Katowice,Lech Poznań,0,1,A,1.1981325420504454,1.5401102070812605,0.2961610757549093,0.2517978403611537,0.4520410838839368,0.7939822097319413
11,Raków Częstochowa,Motor Lublin,2,0,H,1.69278780337399,0.9205877959410816,0.5557633243466016,0.24049398369741984,0.2037426919559785,0.5874127509927557
11,Jagiellonia Białystok,Korona Kielce,3,1,H,1.7863722528447994,1.0891143493451534,0.5369965223260035,0.232514822115263,0.23048865555873332,0.6217636606096922
12,Wisła Płock,Bruk-Bet Termalica Nieciecza,3,1,H,1.4307047804490878,0.8728903596393955,0.5010264707787464,0.269458346287409,0.2295151829338446,0.6910963434073172
12,Motor Lublin,GKS Katowice,2,5,A,1.643486272859279,1.3326182749139133,0.4478841616324935,0.2409253787750791,0.3111904595924275,1.1673501439845033
12,Zagłębie Lubin,Legia Warszawa,3,1,H,1.1890758051291466,1.5722494138349266,0.2883349033505526,0.24952698337038068,0.46213811327906673,1.243632615586767
12,Korona Kielce,Górnik Zabrze,1,1,D,1.23020900986535,1.1313246451677306,0.38471663903844766,0.2788479686082521,0.3364353923533004,1.277088561063724
12,Cracovia,Raków Częstochowa,2,0,H,1.1128713716007856,1.145839781017104,0.3484342519781961,0.28671964344197737,0.3648461045798266,1.054305726613972
12,Lech Poznań,Pogoń Szczecin,2,2,D,1.656205640607463,1.2044108046007271,0.4793243749560336,0.242660672587219,0.2780149524567474,1.4160912206354772
12,Jagiellonia Białystok,Arka Gdynia,4,0,H,2.110556777455363,0.7172908078745025,0.6966596728873019,0.18884269814347313,0.11449762896922497,0.36145826165952877
12,Piast Gliwice,Lechia Gdańsk,1,2,A,1.4320302824108209,1.1503966679061746,0.4350394105974577,0.2618267883992034,0.30313380100333875,1.193580983474056
12,Widzew Łódź,Radomiak Radom,3,2,H,1.409270560104818,1.1138501658501994,0.4373362507494202,0.26504216979582623,0.29762157945475376,0.8270529272475327
13,Arka Gdynia,Piast Gliwice,2,1,H,0.8387043121942783,1.081572280681276,0.2790759673295367,0.3128885057350873,0.40803552693537615,1.2762712498881665
13,Bruk-Bet Termalica Nieciecza,Zagłębie Lubin,1,1,D,1.450353815361342,1.28078767505814,0.41112676512963575,0.2554083605273411,0.3334648743430232,1.3648916008868186
13,Legia Warszawa,Lech Poznań,0,0,D,1.5588964228349196,1.2191338404190144,0.4520500183259809,0.2498027340740857,0.2981472475999335,1.3870837362981716
13,Motor Lublin,Widzew Łódź,3,0,H,1.46863430419653,1.2902916438595964,0.413747403282979,0.2538131392518986,0.33243945746512243,0.8824996283637819
13,Górnik Zabrze,Jagiellonia Białystok,2,1,H,1.479854217472302,1.3946270757495214,0.3947146437220437,0.2487650078798179,0.35652034839813845,0.9295921961096295
13,Radomiak Radom,Wisła Płock,1,1,D,1.1548839970010127,1.0572052639106717,0.3795645040870168,0.28990748431308316,0.3305280115999001,1.2381934265092565
13,Pogoń Szczecin,Cracovia,2,1,H,1.676391197948266,1.1544875710374454,0.49563071798965724,0.2417137765674358,0.262655505442907,0.701924149732145
13,GKS Katowice,Korona Kielce,1,0,H,1.3736095767376273,1.2138509316867132,0.4056406296421686,0.2636516621584917,0.3307077081993401,0.9022876600204144
13,Raków Częstochowa,Lechia Gdańsk,2,1,H,1.7599997854565286,0.9407704919457317,0.5666878205424476,0.23377833561611355,0.19953384384143885,0.567946707933675
14,Wisła Płock,Pogoń Szczecin,2,0,H,1.2553194074919236,1.1749232856989085,0.38223576639558493,0.2743078703458649,0.3434563632585501,0.961717671241443
14,Bruk-Bet Termalica Nieciecza,GKS Katowice,0,3,A,1.54200217981648,1.325769913559499,0.424560843295516,0.24772934774548355,0.3277098089590005,1.115626790985031
14,Lechia Gdańsk,Radomiak Radom,1,2,A,1.6216209448363603,1.348147523771219,0.4392669687985512,0.24193398669464908,0.3187990445067998,1.1431943292261526
14,Górnik Zabrze,Arka Gdynia,5,1,H,1.7830562051373635,0.6529551785734122,0.6459247384765563,0.2231795057618976,0.13089575576154622,0.43707228589290203
14,Cracovia,Zagłębie Lubin,0,0,D,1.5668984679827125,1.0096808007307756,0.5027607036914236,0.25314737797462994,0.2440919183339464,1.3737834382156326
14,Lech Poznań,Motor Lublin,2,2,D,2.0060351403129926,0.9917254182893017,0.6089342455252368,0.21093700780627922,0.1801287466684839,1.5561957312808348
14,Jagiellonia Białystok,Raków Częstochowa,1,2,A,1.4552074559387986,1.1895565629847304,0.4322939486176332,0.2585922159853978,0.3091138353969689,1.1740456705838265
14,Piast Gliwice,Korona Kielce,0,0,D,1.152222686963958,1.0239946269810347,0.386189377657991,0.2924174483625098,0.3213931739794992,1.2295728799644714
14,Widzew Łódź,Legia Warszawa,1,1,D,1.190799454450461,1.450163541592265,0.3103550120947689,0.2589327409966468,0.43071224690858434,1.3511869382788115
15,Arka Gdynia,Lech Poznań,3,1,H,0.7479331876861869,1.6116214313357955,0.17211687497866443,0.24759891223430652,0.580284212787029,1.759581527238237
15,Legia Warszawa,Bruk-Bet Termalica Nieciecza,1,2,A,2.1653448793893593,0.9680928048867068,0.6468897973033578,0.19551499349537668,0.1575952092012654,1.8477255004895292
15,Lechia Gdańsk,Widzew Łódź,2,1,H,1.5318043157104384,1.256009576540048,0.43711121238796236,0.25071233355964345,0.3121764540523941,0.8275676256734813
15,Motor Lublin,Wisła Płock,1,1,D,1.2533068194767372,1.145993473504117,0.3879335926002525,0.27617028497747653,0.33589612242227107,1.286737628959465
15,Zagłębie Lubin,Górnik Zabrze,2,0,H,1.2508140296496206,1.2733617686155896,0.3603967107577174,0.2685047621537353,0.3710985270885474,1.0205498799330057
15,Radomiak Radom,Cracovia,3,0,H,1.3215859682502955,1.2518011130353157,0.3837634025716029,0.26531185137151575,0.3509247460568813,0.9577290554225825
15,Pogoń Szczecin,Jagiellonia Białystok,1,2,A,1.8345091601723322,1.5269518621379083,0.451413527689628,0.22522422353936034,0.3233622487710116,1.1289820709626741
15,Korona Kielce,Raków Częstochowa,1,4,A,1.072369707337205,1.0936868402623272,0.3475890021763978,0.29402071481808356,0.3583902830055187,1.026132710398683
15,GKS Katowice,Piast Gliwice,1,3,A,1.3794116006938448,1.079981937280563,0.43713361564285086,0.26889859734873056,0.29396778700841847,1.2242850856450438
16,Bruk-Bet Termalica Nieciecza,Arka Gdynia,2,0,H,1.6881141935751927,0.8812543966118083,0.5645086761035449,0.24058529190391117,0.1949060319925439,0.5717995259736927
16,Legia Warszawa,Lechia Gdańsk,2,2,D,2.0831955823053314,1.0498289144558783,0.6112716364185161,0.20559512351652665,0.18313324006495718,1.581846463987242
16,Górnik Zabrze,Wisła Płock,1,1,D,1.368809243467032,0.8983245606747045,0.4777642934011813,0.27595729565372346,0.24627841094509512,1.287509151128579
16,Pogoń Szczecin,Zagłębie Lubin,5,1,H,1.9132872292958982,1.0758569903517157,0.5689112821741652,0.22115227285420616,0.2099364449716286,0.5640307758627385
16,Cracovia,Motor Lublin,1,2,A,1.6846324739750014,1.1251316784467345,0.5044327034932379,0.24129852840401317,0.2542687681027489,1.3693634292645762
16,Lech Poznań,Radomiak Radom,4,1,H,1.7791532611425556,0.9848999756456401,0.5603230292257139,0.23241350831692711,0.20726346245735922,0.5792418236569131
16,Raków Częstochowa,Piast Gliwice,1,3,A,1.4025648448982604,0.75065195179917,0.5250131439093737,0.27455427768119467,0.20043257840943154,1.607277356070665
16,Jagiellonia Białystok,GKS Katowice,2,1,H,2.1504274934880185,1.205174837464483,0.5894425583293378,0.2038132416240379,0.20674420004662436,0.5285780050936695
16,Widzew Łódź,Korona Kielce,1,3,A,1.2957228727140258,1.1091052345845585,0.4077608894063779,0.27478806186729504,0.3174510487263269,1.1474316497758383
17,Arka Gdynia,Raków Częstochowa,1,4,A,0.7556700923386,1.4247060296196974,0.19867861763607714,0.2715913795407834,0.5297300028231395,0.6353878308744081
17,Wisła Płock,Lech Poznań,0,0,D,1.068677355582501,1.2410856126484344,0.3167335413991571,0.2816294705903174,0.4016369880105256,1.2671630060891725
17,Lechia Gdańsk,Bruk-Bet Termalica Nieciecza,5,1,H,1.7551872440529552,1.2188695565417829,0.49967281384869616,0.2347981618485611,0.2655290243027428,0.6938017670575555
17,Motor Lublin,Legia Warszawa,1,1,D,1.3605767804272386,1.5757146919786211,0.3301006341944672,0.2444417240815949,0.42545764172393813,1.4087783457909862
17,Zagłębie Lubin,Jagiellonia Białystok,0,0,D,1.397803780400891,1.5780009629284912,0.33875433618937223,0.24305273973319114,0.41819292407743675,1.4144768232514227
17,Radomiak Radom,Górnik Zabrze,4,0,H,1.3505018075949333,1.3034327269620902,0.38058247934487877,0.26069033693457994,0.35872718372054124,0.966052359481121
17,Korona Kielce,Cracovia,0,1,A,1.2734475003213588,1.1000339374714694,0.4036428827359444,0.2771254019204087,0.319231715343647,1.1418380594962345
17,GKS Katowice,Pogoń Szczecin,2,0,H,1.4506834002186644,1.6444332069344016,0.3392726433783061,0.23754842855535027,0.4231789280663437,1.0809512370905365
17,Piast Gliwice,Widzew Łódź,0,2,A,1.2686237484950311,0.995885581295528,0.4261426253546077,0.28288112881590577,0.2909762458294866,1.2345136445944456
18,Arka Gdynia,Motor Lublin,1,0,H,1.0753269093382047,1.4375810839021987,0.28241197208697777,0.26387981294177854,0.4537082149712437,1.2643883801859532
18,Bruk-Bet Termalica Nieciecza,Jagiellonia Białystok,2,1,H,1.3612706150634217,1.7932526602918297,0.29253276930224825,0.23049042917771748,0.4769768015200344,1.2291785867827614
18,Lechia Gdańsk,Górnik Zabrze,5,2,H,1.4285370791155156,1.370439552441282,0.3868053561618453,0.25273895657874057,0.360455687259414,0.9498336681311227
18,Pogoń Szczecin,Radomiak Radom,2,2,D,1.940758870022161,1.1900001478847315,0.5484690280996877,0.2201521997337833,0.2313787721665292,1.5134361548530813
18,Korona Kielce,Wisła Płock,1,1,D,1.3041388768965665,0.934142287560636,0.45091379222074374,0.2819103028653921,0.26717590491386445,1.2661663335860063
18,Cracovia,Lech Poznań,2,2,D,1.2269740341392328,1.259066837670281,0.3568865195101829,0.2708942329818826,0.3722192475079346,1.3060268184828316
18,Raków Częstochowa,GKS Katowice,1,0,H,1.6719282940081162,0.9136855498646166,0.5524485828046982,0.24263657206697398,0.20491484512832786,0.5933949127177662
18,Piast Gliwice,Legia Warszawa,2,0,H,1.1018656577089136,1.332339877935765,0.30853886153700905,0.27205900926798704,0.419402129195004,1.1759074742443647
18,Zagłębie Lubin,Widzew Łódź,2,1,H,1.3719344730915626,1.144233427478315,0.4205374564293561,0.26690709789380496,0.3125554456768389,0.8662217276042783
19,Wisła Płock,Raków Częstochowa,2,1,H,0.9566993593199773,1.1044252060576858,0.3109205816353156,0.3018194548617134,0.3872599635029711,1.168217763930643
19,Bruk-Bet Termalica Nieciecza,Cracovia,0,1,A,1.1878911502609681,1.348940666415472,0.3285613412073319,0.2666881716791765,0.40475048711349165,0.9044844829328582
19,Legia Warszawa,Korona Kielce,1,2,A,1.694876025993707,1.0127060468696751,0.5336274017930203,0.2407518347705166,0.22562076343646306,1.4888997270841882
19,Motor Lublin,Pogoń Szczecin,2,1,H,1.4901370072534712,1.703587656279738,0.3378637717454355,0.23315765909533867,0.42897856915922594,1.085112506915713
19,Zagłębie Lubin,GKS Katowice,0,2,A,1.4831531036315373,1.1854454568565973,0.4404103686395879,0.25657983630856795,0.30300979505184417,1.1939901470914949
19,Górnik Zabrze,Piast Gliwice,2,1,H,1.4374826037680943,0.9184280380700477,0.4914364872755621,0.2678741846227654,0.24068932810167237,0.7104225699715573
19,Radomiak Radom,Arka Gdynia,3,1,H,1.755713084505201,0.8373991507118377,0.5916197985970112,0.2324052435953881,0.1759749578076007,0.5248910825171509
19,Lech Poznań,Lechia Gdańsk,1,3,A,1.9878507884381054,1.0688655271192053,0.5867924981417466,0.2144457913178917,0.19876171054036168,1.6156486062256725
19,Widzew Łódź,Jagiellonia Białystok,1,3,A,1.4111731524571065,1.4929769242733262,0.3580903677301508,0.2473254400368658,0.39458419223298336,0.92992274642671
20,Arka Gdynia,Legia Warszawa,2,2,D,0.9109322992176953,1.6671030470080639,0.2049058028953803,0.2431285993096669,0.5519655977949528,1.4141647603604826
20,Lechia Gdańsk,Cracovia,1,1,D,1.3984063169655359,1.3363266614891152,0.38615618274354646,0.25613312960989415,0.35771068764655944,1.362057932136585
20,Górnik Zabrze,Lech Poznań,0,1,A,1.3186769617401246,1.282210813477288,0.3766366624634731,0.2638097157323496,0.3595536218041774,1.0228919563257604
20,Pogoń Szczecin,Bruk-Bet Termalica Nieciecza,1,1,D,2.1789565863202465,1.0277917762261988,0.635643196176031,0.19651538914104233,0.16784141468292668,1.6270145344999765
20,Korona Kielce,Zagłębie Lubin,1,2,A,1.469515724461119,1.0085141999143479,0.47792780664462076,0.2626712236076571,0.2594009697477223,1.3493802686807124
20,GKS Katowice,Widzew Łódź,1,0,H,1.4420421291050582,1.205920509614292,0.42525963226151575,0.2589788695001756,0.3157614982383087,0.8550553971419611
20,Raków Częstochowa,Radomiak Radom,0,0,D,1.6314323874914791,0.9386726076326066,0.5363084990552203,0.2470006921254543,0.2166908088193255,1.3983641402307405
20,Jagiellonia Białystok,Motor Lublin,4,1,H,2.1367800523482985,1.225721141120799,0.5820452201496132,0.20527348690560754,0.21268129294477928,0.5412071364174518
20,Piast Gliwice,Wisła Płock,1,0,H,1.2113857605711615,0.9346289739874498,0.4241854002184372,0.2919014583877531,0.28391314139380974,0.8575846546563887
21,Wisła Płock,Widzew Łódź,0,2,A,1.2513365927755453,1.0512689121103482,0.4084649245537721,0.2816784450270315,0.3098566304191964,1.1716455709996914
21,Bruk-Bet Termalica Nieciecza,Górnik Zabrze,1,1,D,1.1995302808971715,1.3996106582090038,0.322001971245301,0.26239265031430764,0.41560537844039125,1.3379132317773887
21,Motor Lublin,Lechia Gdańsk,2,3,A,1.7623341281681864,1.4408930669663553,0.45284485593144685,0.23104346219440025,0.3161116818741529,1.15165970418227
21,Zagłębie Lubin,Raków Częstochowa,0,0,D,1.0661197634125192,1.2692528868688349,0.31060146369241187,0.2792837283992702,0.4101148079083178,1.275527066234113
21,Radomiak Radom,Korona Kielce,0,2,A,1.409921852759417,1.2299805337259277,0.4116529014080998,0.2603331097833778,0.32801398880852245,1.114699022700957
21,Pogoń Szczecin,Arka Gdynia,1,0,H,2.1361524397537393,0.8103580653293004,0.6788073807174337,0.19124969234547692,0.12994292693708953,0.38741787249698023
21,Cracovia,Jagiellonia Białystok,0,0,D,1.5040880954225184,1.3376949090756824,0.4126000147778405,0.24968676164793774,0.3377132235742218,1.3875481001305454
21,GKS Katowice,Legia Warszawa,1,1,D,1.2669713157533171,1.5325561744461422,0.31478704696915966,0.2503113257430912,0.43490162728774906,1.385049832894143
21,Lech Poznań,Piast Gliwice,3,0,H,1.6675148209482917,0.8628587838757389,0.5641923007963223,0.24263413011627175,0.19317356908740596,0.5723601267386131
22,Arka Gdynia,GKS Katowice,2,1,H,1.0679444347050668,1.3152863083881141,0.3024403269325851,0.27510094402996366,0.4224587290374514,1.195871287309366
22,Legia Warszawa,Wisła Płock,2,1,H,1.7564819962809382,0.9057486591492753,0.5745647788993444,0.23362756092259077,0.19180766017806467,0.5541424310449687
22,Lechia Gdańsk,Zagłębie Lubin,0,2,A,1.6358064958913823,1.19426126132989,0.47665865081271863,0.24442752591894865,0.2789138232683328,1.2768524220475854
22,Górnik Zabrze,Pogoń Szczecin,0,1,A,1.5216212789442958,1.3411966041547494,0.4162271791738445,0.2484664605302591,0.33530636029589656,1.0927106567191007
22,Korona Kielce,Lech Poznań,1,2,A,1.2400511705185717,1.3674978404619518,0.3387842072129412,0.26283201952552115,0.39838377326153784,0.9203394838663895
22,Raków Częstochowa,Bruk-Bet Termalica Nieciecza,1,0,H,1.7721668300501725,0.8195419401674613,0.599979161069297,0.23014670007148003,0.16987413885922287,0.5108603559203165
22,Jagiellonia Białystok,Radomiak Radom,1,1,D,1.9486287126078994,1.2057261254406013,0.5466133022376599,0.2196548146667312,0.23373188309560863,1.5156979890795204
22,Piast Gliwice,Motor Lublin,1,2,A,1.4986482952487705,1.1549224065523263,0.4512717436985309,0.2562903317962808,0.29243792450518813,1.229502858746794
22,Widzew Łódź,Cracovia,0,0,D,1.2436735232946103,1.1585567779939068,0.3825518474422869,0.27615660739184644,0.3412915451658667,1.2867871560993593
23,Arka Gdynia,Lechia Gdańsk,2,2,D,1.1598721929264961,1.451283703001435,0.30212803655237536,0.2599459842118619,0.4379259792357628,1.3472814225815601
23,Bruk-Bet Termalica Nieciecza,Radomiak Radom,1,1,D,1.3864346941215397,1.3566281808592482,0.3789244858082445,0.25579202135145995,0.3652834928402957,1.363390581287643
23,Motor Lublin,Korona Kielce,2,0,H,1.4472451252383722,1.3668714957089587,0.39225817138679847,0.2518449305639374,0.35589689804926417,0.935835055497265
23,Zagłębie Lubin,Wisła Płock,2,0,H,1.2716188285875971,1.0319097126148409,0.4186062155055966,0.2808201786968295,0.30057360579757375,0.870824620763233
23,Pogoń Szczecin,Widzew Łódź,1,0,H,1.7957919213989713,1.1009054690847908,0.5364029321159535,0.23172890977993696,0.23186815810410977,0.6228696613032869
23,Cracovia,Piast Gliwice,2,3,A,1.407627275951707,0.8986115011045535,0.488319720500795,0.27158704304102804,0.24009323645817698,1.4267279458385955
23,GKS Katowice,Górnik Zabrze,3,1,H,1.297103581464572,1.2806665366401035,0.3712497216420306,0.2652311212713716,0.3635191570865977,0.990880338651285
23,Lech Poznań,Raków Częstochowa,4,3,H,1.4086213909442975,1.059997663664816,0.44959724723969036,0.266991954247106,0.2834107985132037,0.7994031031089209
23,Jagiellonia Białystok,Legia Warszawa,2,2,D,1.6915368785387022,1.437949835976367,0.43695769151206226,0.23524966765771746,0.3277926408302204,1.4471079132372315
24,Wisła Płock,Arka Gdynia,0,3,A,1.4733180959473282,0.7982118644279582,0.5315993431727957,0.26515244799351495,0.20324820883368946,1.5933273432194226
24,Legia Warszawa,Cracovia,1,0,H,1.5647742043167734,1.0554010988530769,0.49126215835088116,0.2527447278573912,0.2559931137917277,0.7107773662812612
24,Lechia Gdańsk,Jagiellonia Białystok,3,0,H,1.6114244581011319,1.6930513702051257,0.3678777389891189,0.22988481951381315,0.40223744149706797,1.0000046270219831
24,Motor Lublin,Górnik Zabrze,0,0,D,1.3950591928210958,1.4552077642191683,0.3614179952679149,0.2501031275869977,0.38847887714508744,1.3858819358309025
24,Radomiak Radom,GKS Katowice,0,1,A,1.5760324992173464,1.2236342760096894,0.4553135164817612,0.24839925603367197,0.2962872274845667,1.2164259320324917
24,Korona Kielce,Bruk-Bet Termalica Nieciecza,2,1,H,1.6406874125821214,1.0120146565481432,0.5206088420673008,0.24597306116812703,0.2334180967645721,0.6527563021876859
24,Raków Częstochowa,Pogoń Szczecin,2,0,H,1.5457960439786531,1.162948261215335,0.4614328131119562,0.2522577714995818,0.2863094153884622,0.7734188193603074
24,Piast Gliwice,Zagłębie Lubin,1,3,A,1.30909680356532,1.0196967962281958,0.43191258799328347,0.2778472226757098,0.2902401893310065,1.2370464597298942
24,Widzew Łódź,Lech Poznań,2,1,H,1.2023562029981683,1.4011763133346788,0.3224485006743524,0.2621556196398577,0.41539587968578995,1.1318118433292346
25,Arka Gdynia,Widzew Łódź,0,0,D,1.058920640356874,1.2853811954748762,0.30553927557028043,0.278210655762297,0.41625006866742287,1.2793766977018854
25,Bruk-Bet Termalica Nieciecza,Motor Lublin,1,2,A,1.5780342854289913,1.3802463613313158,0.42187632950826903,0.24364794640849544,0.33447572408323556,1.095190975789651
25,Zagłębie Lubin,Lech Poznań,0,1,A,1.1367573213650335,1.4793176723049002,0.29115251640145634,0.2584113214721962,0.4504361621263476,0.7975389164667889
25,Górnik Zabrze,Raków Częstochowa,3,1,H,1.1862019121101492,1.178661091788291,0.3623179959000824,0.2790452745575187,0.358636729542399,1.0152330110475487
25,Radomiak Radom,Legia Warszawa,1,1,D,1.3137298885721715,1.4530269848574524,0.34134507954364784,0.25385016485317735,0.4048047556031749,1.3710110881771764
25,Pogoń Szczecin,Korona Kielce,2,1,H,1.7366689570200522,1.134044192514072,0.5147932120354481,0.23681580607695235,0.24839098188759945,0.6639899889814244
25,Cracovia,Wisła Płock,1,2,A,1.472988805609174,0.8927586473460325,0.5073017155419822,0.2643634020832616,0.2283348823747563,1.4769419452880133
25,GKS Katowice,Lechia Gdańsk,2,0,H,1.623001487860255,1.3749341594545188,0.4338951292636555,0.24108351317376475,0.32502135756257977,0.8349524117221577
25,Jagiellonia Białystok,Piast Gliwice,1,2,A,1.7729643598942169,1.0464762409308979,0.5440097699418864,0.2335249380405757,0.22246529201753779,1.5029841804761075
26,Jagiellonia Białystok,Wisła Płock,1,2,A,1.87016478830915,1.0268470380596881,0.5709613241872399,0.2243215800124268,0.2047170958003332,1.5861262734351502
26,Legia Warszawa,Raków Częstochowa,1,1,D,1.360638506565171,1.1413252816855621,0.4181671576263899,0.267941953628307,0.31389088874530324,1.3169849128696383
26,Lechia Gdańsk,Pogoń Szczecin,2,1,H,1.571562172369793,1.6143853475132195,0.3734355992773677,0.23479890705308418,0.3917654936695482,0.9850097142363511
26,Motor Lublin,Zagłębie Lubin,1,0,H,1.537469009531957,1.2485962413217015,0.44015909503518763,0.2505376435309104,0.30930326143390197,0.8206190377985632
26,Korona Kielce,Arka Gdynia,3,0,H,1.6424634529605922,0.854113040981157,0.560307916356025,0.24534325461409648,0.1943488290298786,0.5792687957296538
26,Cracovia,GKS Katowice,1,0,H,1.5427320988813256,1.0311430709235985,0.4914532377920451,0.2551826943500541,0.2533640678579008,0.7103884857481548
26,Lech Poznań,Bruk-Bet Termalica Nieciecza,4,1,H,2.106157774157596,0.9165281999334872,0.6474283780828876,0.19896841707135204,0.1536032048457606,0.4347471045259147
26,Piast Gliwice,Radomiak Radom,3,1,H,1.3260780751707772,1.1018093846222667,0.41770963705868003,0.27259302081521825,0.3096973421261019,0.8729687360221964
26,Widzew Łódź,Górnik Zabrze,0,0,D,1.264505588931598,1.1471291194904938,0.3907737276814772,0.2752387449060208,0.3339875274125019,1.290116394656726
27,Arka Gdynia,Zagłębie Lubin,3,1,H,1.1213487328368748,1.2225046683544523,0.3351903596959812,0.28007092475331213,0.3847387155507067,1.0930566706446396
27,Bruk-Bet Termalica Nieciecza,Piast Gliwice,3,2,H,1.2552661353969274,1.2490837444109066,0.3665873880385794,0.2697696870160074,0.3636429249454132,1.0035183466817348
27,Lechia Gdańsk,Korona Kielce,4,2,H,1.5866887785549164,1.2925833128023716,0.44274421620759674,0.245799760216352,0.3114560235760513,0.8147630657413995
27,Górnik Zabrze,Cracovia,3,0,H,1.31497008644212,1.0569564623517238,0.42489429714467714,0.27563244107988777,0.2994732617754352,0.855914853592588
27,Radomiak Radom,Motor Lublin,1,1,D,1.6917453154765834,1.2486488123586148,0.47793044485711184,0.2392555958734127,0.2828139592694754,1.4302228596920321
27,Pogoń Szczecin,Legia Warszawa,0,2,A,1.6044858906504236,1.3788857148105285,0.4285866773508414,0.24209650517151932,0.32931681747763913,1.1107350205192954
27,GKS Katowice,Wisła Płock,1,0,H,1.4968967660149788,1.071414740383432,0.4701203154539615,0.25864429738577344,0.27123538716026485,0.7547666267103883
27,Raków Częstochowa,Widzew Łódź,1,1,D,1.519788104544673,0.8547347333249852,0.5291978158546607,0.25935400165470457,0.2114481824906345,1.3495613487502454
27,Jagiellonia Białystok,Lech Poznań,0,0,D,1.582627421794479,1.499119161433815,0.3985913603256751,0.2390946196143687,0.36231402005995633,1.4308959074294796
28,Wisła Płock,Lechia Gdańsk,1,0,H,1.422605630315008,1.3466393391161557,0.3901999485986214,0.2542137267008112,0.3555863247005675,0.9410959825239873
28,Legia Warszawa,Górnik Zabrze,1,1,D,1.595175810002507,1.0552022744695464,0.4989501140313357,0.24993808247689225,0.25111180349177215,1.3865420618876239
28,Motor Lublin,Raków Częstochowa,1,1,D,1.1724574450376462,1.493660164010021,0.29780931973099334,0.25616723084826987,0.4460234494207368,1.3619248022734884
28,Zagłębie Lubin,Radomiak Radom,1,0,H,1.3515974387945167,1.2020341759097783,0.4023783931615896,0.2658066884867271,0.3318149183516834,0.910362356564699
28,Korona Kielce,Jagiellonia Białystok,1,1,D,1.4833345105636055,1.460898873545694,0.3821739431115783,0.24560241418073067,0.3722236427076909,1.404041253031359
28,Cracovia,Arka Gdynia,2,2,D,1.6969725228303556,0.8009575350309728,0.5871483237840646,0.23830172728098953,0.17454994893494574,1.4342176465571317
28,Lech Poznań,GKS Katowice,3,3,D,1.9286129861122179,0.9876369129129614,0.5933130307728697,0.21809367982695535,0.1885932894001748,1.5228305845210939
28,Piast Gliwice,Pogoń Szczecin,0,2,A,1.323010732882798,1.3340070152691739,0.3671508682259033,0.26059457763156585,0.37225455414253106,0.988177373396062
28,Widzew Łódź,Bruk-Bet Termalica Nieciecza,1,0,H,1.6319346413875215,1.0149086020660871,0.5177521123471244,0.2468049468012083,0.23544294085166756,0.6582586988555206
29,Arka Gdynia,Jagiellonia Białystok,0,3,A,1.1310022288253399,1.6974769849286795,0.2536851666998979,0.24015868191634004,0.5061561513837621,0.6809100577290731
29,Bruk-Bet Termalica Nieciecza,Wisła Płock,1,3,A,1.351843089471536,1.22947917760881,0.39652218175630516,0.2644343398889372,0.33904347835475757,1.0816269250918238
29,Legia Warszawa,Zagłębie Lubin,1,0,H,1.8155435715735395,0.89841836768482,0.5900029842565226,0.22731884564641908,0.1826781700970582,0.5276276840332611
29,Lechia Gdańsk,Piast Gliwice,1,1,D,1.5680574686388504,1.1909425728574565,0.4606696109326547,0.24981128799220573,0.28951910107513973,1.3870494941922937
29,Górnik Zabrze,Korona Kielce,1,0,H,1.4758712344051435,1.081624481243204,0.46227392946637047,0.2602751384215418,0.2774509321120876,0.7715976426856782
29,Radomiak Radom,Widzew Łódź,2,1,H,1.3615123403920437,1.1326414352082426,0.4203467061051962,0.26825403203493636,0.31139926185986755,0.8666754175081453
29,Pogoń Szczecin,Lech Poznań,1,2,A,1.5323279310246636,1.4627314838374093,0.39377710425755924,0.24307160698978025,0.3631512887526605,1.0129357581198986
29,GKS Katowice,Motor Lublin,3,2,H,1.7222304876894308,1.233121135976465,0.4886764282556057,0.23718146346209446,0.2741421082822999,0.7160547094367159
29,Raków Częstochowa,Cracovia,4,1,H,1.4500242182255487,0.9159325984170245,0.49540805026820295,0.26655018076922793,0.23804176896256896,0.7023735120221644
30,Wisła Płock,Radomiak Radom,0,1,A,1.310273126397484,1.1798867688403538,0.3961186646624509,0.269968314637473,0.3339130207000761,1.0968747369854892
30,Lechia Gdańsk,Raków Częstochowa,1,2,A,1.330124252802192,1.4493421164527627,0.3462086721381365,0.25336878948594493,0.4004225383759185,0.9152349434751283
30,Zagłębie Lubin,Bruk-Bet Termalica Nieciecza,1,2,A,1.5513213141623472,1.1133217303358478,0.4742470332135589,0.25291358446058676,0.2728393823258544,1.2988720000676488
30,Korona Kielce,GKS Katowice,1,1,D,1.5477126171427957,1.1804804787808776,0.45793448197875414,0.2516683292492612,0.2903971887719846,1.3796432121345883
30,Cracovia,Pogoń Szczecin,1,1,D,1.4970075405878496,1.2790705485864795,0.42334000428183033,0.25234447384085157,0.32431552187731794,1.3769601652236343
30,Lech Poznań,Legia Warszawa,4,0,H,1.6028959437554529,1.1798482651187203,0.4718445793823029,0.24730099736912928,0.2808544232485675,0.7511056285911613
30,Jagiellonia Białystok,Górnik Zabrze,1,2,A,1.669391700037982,1.234811699784733,0.47566058236744535,0.2411504799254527,0.2831889377071023,1.2616409796942096
30,Piast Gliwice,Arka Gdynia,4,1,H,1.543944026853523,0.8566070010365526,0.534950474152744,0.256564786273706,0.20848473957355007,0.6255811080482667
30,Widzew Łódź,Motor Lublin,2,0,H,1.5988504864693354,1.1243668097623754,0.4835989453441348,0.2486355313550873,0.26776552330077796,0.7264993410872712
31,Arka Gdynia,Górnik Zabrze,0,0,D,1.0437851050477442,1.4008070980177518,0.28044239692312534,0.26825453053019654,0.4513030725466781,1.3158190084053891
31,Legia Warszawa,Widzew Łódź,1,0,H,1.6339800341868347,0.9370757523234156,0.5373338367139167,0.24673287787099696,0.21593328541508636,0.621135707771612
31,Motor Lublin,Lech Poznań,0,1,A,1.2341715276121674,1.7677556321411545,0.2671350127962116,0.23370830095999942,0.499156686243789,0.6948352320298994
31,Zagłębie Lubin,Cracovia,0,0,D,1.129922962717754,1.2019808154537652,0.3417362390787052,0.2811468203058995,0.37711694061539514,1.2688782539080956
31,Radomiak Radom,Lechia Gdańsk,3,1,H,1.6427913361740467,1.3758981172014746,0.43844877842902696,0.23983445003798057,0.3217167715329926,0.8245122848730337
31,Pogoń Szczecin,Wisła Płock,3,0,H,1.7774778473521713,1.034078563417611,0.5480348716270494,0.23302595990150576,0.218939168471445,0.6014163597027716
31,Korona Kielce,Piast Gliwice,1,1,D,1.3877765303510834,1.0747708639755196,0.4405838640826953,0.26835217933605193,0.29106395658125284,1.3154550591474397
31,GKS Katowice,Bruk-Bet Termalica Nieciecza,5,1,H,1.7911594339894283,1.1412975576484732,0.525881770298985,0.23220291878654442,0.24191531091447058,0.642678862803986
31,Raków Częstochowa,Jagiellonia Białystok,0,2,A,1.6919612638285262,1.1653565902904677,0.496877753467006,0.24031853576512072,0.26280371076787323,1.3363478723500863
32,Wisła Płock,Motor Lublin,0,4,A,1.4803844800219617,1.1756226771015612,0.4419037464469813,0.25711437345898747,0.30098188009403126,1.2007052150684472
32,Bruk-Bet Termalica Nieciecza,Legia Warszawa,0,1,A,1.1898309709128692,1.658647296618079,0.27407620085849016,0.2426950653952691,0.4832287337462409,0.7272651685950977
32,Górnik Zabrze,Zagłębie Lubin,0,2,A,1.5365217283502426,0.9194678796983227,0.5171723471569721,0.2571150623523556,0.22571259049067227,1.4884928125290051
32,Cracovia,Radomiak Radom,0,0,D,1.4971259051967196,1.0390921440289822,0.47782250978414503,0.2593519511677644,0.26282553904809053,1.349569254913377
32,Lech Poznań,Arka Gdynia,1,1,D,2.1676940923470984,0.7644757022690775,0.6958396654856058,0.18565388954878975,0.11850644496560456,1.683871147602003
32,Raków Częstochowa,Korona Kielce,2,0,H,1.6648070825013705,0.9559254899067654,0.5402247218828843,0.2435993763016618,0.21617590181545404,0.6157700743559219
32,Jagiellonia Białystok,Pogoń Szczecin,3,2,H,1.8495649531914653,1.5008590143968248,0.46019198160259456,0.22487381612999074,0.3149342022674144,0.776111525255842
32,Piast Gliwice,GKS Katowice,0,0,D,1.432817708448889,1.1259122817688967,0.4407973131559824,0.2626312899118768,0.29657139693214085,1.337004169939559
32,Widzew Łódź,Lechia Gdańsk,3,1,H,1.4832823492493468,1.2757638181755022,0.42058338434340664,0.25339715679894254,0.32601945885765077,0.866112521145777
33,Arka Gdynia,Bruk-Bet Termalica Nieciecza,2,3,A,1.3577634405947625,1.254418401510392,0.39276225892122707,0.26277803224010976,0.3444597088386629,1.0657781508438282
33,Wisła Płock,Górnik Zabrze,0,1,A,1.1532648461774901,1.2026109137187462,0.3481517762533168,0.2795700285376686,0.37227819520901495,0.9881138676160612
33,Lechia Gdańsk,Legia Warszawa,1,2,A,1.4641889587391343,1.5403914734405322,0.3619574672992446,0.2426011345926427,0.39544139810811285,0.9277526744138366
33,Motor Lublin,Cracovia,3,3,D,1.313950029799536,1.363211656590849,0.3589243878512529,0.25936538668388387,0.3817102254648631,1.3495174520714743
33,Zagłębie Lubin,Pogoń Szczecin,0,1,A,1.2985835584967358,1.4604615333571813,0.3360860215531716,0.25401082531277436,0.4099031531340538,0.8918343590543624
33,Radomiak Radom,Lech Poznań,1,3,A,1.1945956153265904,1.5402924278391301,0.2952385432255181,0.25187962658862545,0.4528818301858565,0.792124048045999
33,Korona Kielce,Widzew Łódź,1,0,H,1.4059601018107803,1.0690560180491246,0.44677589187848954,0.2669259898781938,0.28629811824331663,0.805698170542549
33,GKS Katowice,Jagiellonia Białystok,2,2,D,1.5746032497696547,1.5180343004635308,0.3929014691532093,0.23873611687833776,0.3683624139684528,1.4323964505127074
33,Piast Gliwice,Raków Częstochowa,1,3,A,1.1030580811273818,1.2325447954738795,0.32806703760372186,0.2803637095556656,0.39156925284061256,0.9375928881586064
34,Bruk-Bet Termalica Nieciecza,Lechia Gdańsk,3,2,H,1.5221781455851497,1.6005523578410772,0.36440737737461687,0.23733896496567689,0.39825365765970616,1.0094828685361268
34,Legia Warszawa,Motor Lublin,4,0,H,2.037296439379626,1.0187338813002873,0.6090751100422543,0.20882001165597408,0.1821048783017717,0.49581368547446236
34,Górnik Zabrze,Radomiak Radom,6,2,H,1.5420535980867762,1.0406560705610288,0.4890055516744541,0.2550942985416679,0.25590014978387793,0.7153814364542181
34,Pogoń Szczecin,GKS Katowice,1,1,D,1.8646001415617701,1.200804444352305,0.5290053162604614,0.22627490404153888,0.24471977969799977,1.4860046293479279
34,Cracovia,Korona Kielce,1,1,D,1.4429390768325026,1.061269082968024,0.45840749946742626,0.26381853239461023,0.27777396813796346,1.3324937894810505
34,Lech Poznań,Wisła Płock,2,2,D,1.8799617976283762,0.8200598641777607,0.6240094626360755,0.2182915757890113,0.15769896157491334,1.5219236062349348
34,Raków Częstochowa,Arka Gdynia,3,0,H,1.883413297198806,0.7789909760403916,0.6351658498349881,0.21643417277916946,0.14839997738584237,0.453869133348723
34,Jagiellonia Białystok,Zagłębie Lubin,1,0,H,1.903976205063323,1.0558672716031996,0.5715793862629427,0.22168033231576095,0.20674028142129633,0.5593518967976023
34,Widzew Łódź,Piast Gliwice,2,1,H,1.244950418888175,1.0397643473132625,0.40928585547173973,0.2828851022668664,0.3078290422613937,0.8933414539315396
